config_id,2022-01,2022-02,2022-03,2022-04,2022-05,2022-06,2022-07,2022-08,2022-09,2022-10,2022-11,2022-12,2023-01,2023-02,2023-03,2023-04,2023-05,2023-06,2023-07,2023-08,2023-09,2023-10,2023-11,2023-12,2024-01,2024-02,2024-03,2024-04,2024-05,2024-06,2024-07,2024-08,2024-09,2024-10,2024-11,2024-12,2025-01,2025-02,2025-03,2025-04,2025-05,2025-06,2025-07,2025-08,2025-09
0,5.0,9.0,15.0,12.0,10.0,9.0,9.0,14.0,9.0,6.0,11.0,6.0,10.0,9.0,11.0,9.0,13.0,8.0,9.0,9.0,8.0,9.0,9.0,12.0,6.0,8.0,11.0,12.0,14.0,12.0,15.0,12.0,12.0,13.0,10.0,6.0,12.0,18.0,12.0,14.0,18.0,15.0,14.0,10.0,8.0
1,3.0,4.0,6.0,10.0,10.0,8.0,7.0,10.0,8.0,8.0,7.0,9.0,7.0,5.0,9.0,10.0,7.0,9.0,8.0,7.0,8.0,6.0,6.0,8.0,6.0,7.0,8.0,5.0,11.0,7.0,8.0,9.0,8.0,10.0,8.0,10.0,9.0,9.0,9.0,4.0,10.0,10.0,8.0,9.0,2.0
2,4.0,7.0,11.0,11.0,12.0,8.0,8.0,12.0,8.0,10.0,8.0,9.0,10.0,7.0,11.0,10.0,9.0,9.0,11.0,9.0,9.0,8.0,7.0,10.0,7.0,8.0,9.0,10.0,11.0,8.0,15.0,12.0,12.0,13.0,9.0,9.0,11.0,15.0,10.0,10.0,16.0,14.0,11.0,10.0,4.0
3,4.0,6.0,10.0,10.0,9.0,7.0,9.0,12.0,9.0,6.0,8.0,5.0,10.0,8.0,10.0,8.0,11.0,7.0,8.0,9.0,8.0,8.0,7.0,10.0,6.0,7.0,10.0,10.0,12.0,7.0,12.0,9.0,11.0,12.0,10.0,6.0,12.0,15.0,10.0,10.0,15.0,11.0,10.0,10.0,7.0
4,3.0,3.0,2.0,6.0,6.0,4.0,5.0,6.0,6.0,4.0,4.0,8.0,6.0,3.0,4.0,6.0,5.0,7.0,4.0,6.0,7.0,4.0,3.0,8.0,4.0,5.0,5.0,3.0,5.0,5.0,4.0,4.0,6.0,6.0,6.0,7.0,6.0,6.0,6.0,3.0,8.0,6.0,6.0,9.0,0.0
5,4.0,6.0,7.0,8.0,10.0,5.0,5.0,9.0,8.0,6.0,5.0,8.0,10.0,5.0,8.0,7.0,8.0,8.0,9.0,8.0,7.0,6.0,6.0,11.0,7.0,5.0,7.0,9.0,7.0,7.0,11.0,7.0,9.0,9.0,8.0,8.0,9.0,12.0,7.0,7.0,14.0,9.0,8.0,10.0,2.0
6,4.0,9.0,11.0,8.0,5.0,4.0,7.0,7.0,8.0,5.0,6.0,4.0,7.0,9.0,9.0,3.0,8.0,5.0,4.0,7.0,10.0,6.0,6.0,9.0,5.0,7.0,9.0,9.0,4.0,2.0,9.0,13.0,7.0,7.0,10.0,3.0,9.0,10.0,9.0,15.0,16.0,9.0,15.0,8.0,7.0
7,3.0,4.0,6.0,9.0,6.0,9.0,6.0,7.0,8.0,6.0,5.0,4.0,5.0,4.0,8.0,7.0,6.0,7.0,4.0,7.0,8.0,5.0,4.0,6.0,3.0,7.0,6.0,4.0,9.0,7.0,9.0,9.0,8.0,9.0,7.0,7.0,8.0,8.0,9.0,4.0,9.0,7.0,9.0,8.0,2.0
8,3.0,7.0,9.0,8.0,5.0,9.0,7.0,9.0,7.0,8.0,6.0,7.0,7.0,7.0,9.0,7.0,7.0,7.0,4.0,6.0,9.0,7.0,5.0,7.0,4.0,7.0,6.0,8.0,9.0,2.0,9.0,12.0,10.0,8.0,7.0,5.0,9.0,11.0,10.0,10.0,15.0,9.0,10.0,9.0,4.0
9,3.0,7.0,9.0,8.0,5.0,4.0,7.0,6.0,8.0,5.0,7.0,2.0,6.0,7.0,9.0,3.0,7.0,4.0,7.0,5.0,5.0,6.0,5.0,5.0,5.0,6.0,7.0,7.0,4.0,2.0,8.0,10.0,7.0,7.0,10.0,3.0,9.0,8.0,9.0,10.0,15.0,8.0,10.0,7.0,6.0
10,2.0,3.0,2.0,6.0,4.0,5.0,5.0,5.0,6.0,3.0,3.0,4.0,4.0,4.0,4.0,4.0,5.0,6.0,3.0,5.0,7.0,3.0,2.0,6.0,3.0,5.0,3.0,3.0,5.0,5.0,5.0,4.0,6.0,6.0,6.0,4.0,6.0,4.0,6.0,3.0,8.0,4.0,6.0,7.0,0.0
11,2.0,6.0,6.0,7.0,5.0,6.0,5.0,7.0,7.0,5.0,4.0,6.0,6.0,6.0,7.0,6.0,6.0,6.0,7.0,5.0,7.0,5.0,4.0,7.0,4.0,5.0,4.0,8.0,7.0,2.0,7.0,7.0,9.0,6.0,6.0,4.0,8.0,8.0,7.0,7.0,14.0,6.0,6.0,8.0,2.0
12,2.0,6.0,7.0,6.0,3.0,4.0,4.0,6.0,2.0,4.0,4.0,1.0,4.0,8.0,3.0,3.0,7.0,3.0,3.0,3.0,1.0,4.0,1.0,5.0,4.0,7.0,7.0,6.0,4.0,2.0,9.0,8.0,6.0,6.0,8.0,3.0,7.0,7.0,5.0,12.0,13.0,4.0,10.0,7.0,5.0
13,2.0,4.0,6.0,9.0,7.0,3.0,5.0,5.0,5.0,5.0,4.0,3.0,4.0,2.0,5.0,5.0,6.0,6.0,3.0,7.0,8.0,5.0,5.0,5.0,4.0,5.0,5.0,5.0,8.0,4.0,8.0,9.0,6.0,6.0,5.0,4.0,7.0,6.0,8.0,3.0,9.0,6.0,6.0,5.0,2.0
14,2.0,5.0,5.0,8.0,4.0,5.0,6.0,5.0,10.0,6.0,5.0,4.0,5.0,5.0,6.0,5.0,4.0,3.0,2.0,5.0,7.0,4.0,4.0,4.0,2.0,6.0,6.0,6.0,9.0,2.0,9.0,7.0,6.0,6.0,4.0,3.0,6.0,7.0,9.0,9.0,12.0,7.0,8.0,7.0,3.0
15,2.0,5.0,5.0,1.0,4.0,4.0,4.0,3.0,2.0,4.0,4.0,1.0,5.0,3.0,5.0,3.0,5.0,1.0,4.0,2.0,5.0,3.0,1.0,5.0,2.0,6.0,5.0,4.0,3.0,2.0,8.0,6.0,6.0,6.0,7.0,3.0,7.0,5.0,5.0,9.0,13.0,4.0,8.0,7.0,4.0
16,2.0,3.0,2.0,6.0,4.0,5.0,4.0,4.0,4.0,3.0,3.0,3.0,4.0,2.0,3.0,4.0,5.0,4.0,3.0,4.0,7.0,3.0,2.0,5.0,4.0,3.0,4.0,4.0,4.0,4.0,4.0,4.0,5.0,4.0,6.0,4.0,5.0,3.0,5.0,2.0,8.0,4.0,4.0,5.0,0.0
17,2.0,6.0,6.0,6.0,5.0,6.0,4.0,4.0,9.0,4.0,4.0,4.0,6.0,3.0,4.0,4.0,4.0,3.0,6.0,2.0,7.0,2.0,3.0,4.0,2.0,4.0,5.0,6.0,6.0,1.0,7.0,5.0,8.0,5.0,5.0,2.0,6.0,5.0,8.0,6.0,12.0,5.0,6.0,7.0,1.0
18,5.0,8.0,5.0,0.0,7.0,3.0,6.0,8.0,6.0,6.0,4.0,1.0,7.0,5.0,5.0,6.0,11.0,5.0,10.0,9.0,14.0,6.0,7.0,2.0,0.0,0.0,8.0,3.0,5.0,2.0,9.0,6.0,7.0,7.0,8.0,3.0,7.0,8.0,8.0,6.0,5.0,7.0,11.0,1.0,4.0
19,4.0,5.0,6.0,10.0,9.0,9.0,8.0,9.0,8.0,9.0,7.0,5.0,8.0,5.0,9.0,10.0,10.0,9.0,8.0,8.0,11.0,8.0,6.0,8.0,8.0,6.0,7.0,4.0,12.0,7.0,8.0,9.0,8.0,10.0,7.0,10.0,7.0,7.0,8.0,3.0,9.0,7.0,9.0,8.0,2.0
20,4.0,6.0,5.0,11.0,9.0,8.0,8.0,10.0,7.0,12.0,8.0,7.0,9.0,7.0,9.0,10.0,11.0,9.0,12.0,10.0,12.0,9.0,6.0,9.0,8.0,7.0,7.0,5.0,11.0,2.0,9.0,8.0,7.0,9.0,6.0,3.0,8.0,8.0,7.0,5.0,5.0,8.0,10.0,3.0,4.0
21,4.0,7.0,5.0,0.0,7.0,3.0,6.0,9.0,6.0,6.0,4.0,1.0,6.0,5.0,5.0,5.0,9.0,4.0,8.0,8.0,10.0,5.0,6.0,6.0,7.0,8.0,7.0,3.0,4.0,2.0,8.0,5.0,7.0,9.0,8.0,3.0,7.0,7.0,6.0,6.0,8.0,2.0,9.0,1.0,3.0
22,3.0,3.0,2.0,6.0,6.0,5.0,6.0,6.0,6.0,4.0,4.0,5.0,7.0,3.0,4.0,6.0,7.0,7.0,4.0,6.0,8.0,5.0,3.0,8.0,5.0,5.0,4.0,3.0,6.0,5.0,4.0,4.0,6.0,6.0,6.0,7.0,5.0,5.0,7.0,2.0,8.0,4.0,6.0,7.0,0.0
23,3.0,6.0,6.0,8.0,8.0,5.0,6.0,10.0,7.0,6.0,5.0,6.0,8.0,5.0,7.0,7.0,9.0,8.0,9.0,8.0,8.0,6.0,5.0,10.0,5.0,6.0,5.0,5.0,8.0,2.0,7.0,6.0,9.0,9.0,5.0,2.0,7.0,6.0,8.0,4.0,9.0,5.0,7.0,3.0,2.0
24,4.0,6.0,2.0,0.0,4.0,4.0,3.0,5.0,2.0,5.0,3.0,6.0,3.0,3.0,1.0,2.0,6.0,4.0,4.0,8.0,11.0,4.0,0.0,2.0,0.0,0.0,7.0,3.0,2.0,4.0,9.0,6.0,5.0,3.0,5.0,3.0,9.0,6.0,3.0,7.0,6.0,4.0,11.0,2.0,2.0
25,4.0,5.0,6.0,9.0,6.0,9.0,8.0,9.0,8.0,9.0,6.0,4.0,7.0,5.0,5.0,8.0,8.0,8.0,7.0,7.0,10.0,5.0,7.0,8.0,6.0,5.0,7.0,4.0,11.0,7.0,9.0,9.0,8.0,9.0,5.0,7.0,7.0,6.0,8.0,3.0,9.0,6.0,6.0,6.0,2.0
26,4.0,6.0,5.0,8.0,4.0,9.0,8.0,9.0,7.0,5.0,7.0,8.0,4.0,8.0,6.0,5.0,7.0,7.0,7.0,9.0,11.0,6.0,8.0,5.0,2.0,6.0,7.0,5.0,10.0,2.0,9.0,8.0,3.0,5.0,4.0,3.0,8.0,4.0,9.0,5.0,4.0,5.0,10.0,2.0,3.0
27,3.0,5.0,4.0,7.0,4.0,4.0,3.0,5.0,2.0,4.0,3.0,5.0,4.0,3.0,1.0,2.0,5.0,2.0,4.0,6.0,7.0,4.0,0.0,4.0,0.0,0.0,3.0,4.0,2.0,3.0,8.0,6.0,5.0,3.0,5.0,3.0,9.0,3.0,3.0,5.0,6.0,5.0,8.0,1.0,2.0
28,3.0,3.0,2.0,6.0,4.0,5.0,6.0,6.0,6.0,3.0,4.0,4.0,6.0,3.0,3.0,7.0,6.0,6.0,4.0,5.0,7.0,4.0,3.0,7.0,4.0,4.0,4.0,3.0,6.0,5.0,5.0,4.0,6.0,5.0,6.0,7.0,4.0,4.0,6.0,2.0,8.0,4.0,4.0,6.0,0.0
29,3.0,6.0,5.0,7.0,5.0,6.0,5.0,8.0,7.0,4.0,5.0,5.0,4.0,6.0,4.0,7.0,7.0,6.0,7.0,7.0,7.0,5.0,5.0,5.0,2.0,5.0,5.0,5.0,5.0,2.0,7.0,6.0,5.0,4.0,4.0,2.0,8.0,3.0,7.0,4.0,5.0,5.0,7.0,2.0,1.0
30,4.0,5.0,2.0,0.0,2.0,4.0,3.0,3.0,1.0,4.0,4.0,1.0,2.0,7.0,2.0,0.0,5.0,1.0,3.0,3.0,1.0,3.0,3.0,2.0,0.0,0.0,6.0,2.0,0.0,0.0,5.0,3.0,1.0,2.0,4.0,4.0,3.0,2.0,3.0,4.0,6.0,2.0,4.0,1.0,3.0
31,3.0,6.0,6.0,9.0,5.0,9.0,6.0,6.0,8.0,6.0,5.0,2.0,5.0,5.0,5.0,6.0,8.0,7.0,4.0,4.0,10.0,5.0,4.0,7.0,6.0,4.0,7.0,4.0,9.0,4.0,8.0,7.0,8.0,7.0,4.0,6.0,5.0,5.0,5.0,4.0,7.0,4.0,6.0,5.0,2.0
32,4.0,6.0,3.0,6.0,1.0,0.0,6.0,7.0,5.0,4.0,6.0,3.0,2.0,7.0,3.0,6.0,8.0,5.0,3.0,6.0,11.0,4.0,5.0,4.0,2.0,5.0,7.0,1.0,0.0,0.0,5.0,5.0,4.0,5.0,3.0,4.0,3.0,2.0,9.0,6.0,5.0,4.0,3.0,1.0,4.0
33,3.0,5.0,2.0,0.0,2.0,4.0,3.0,3.0,1.0,4.0,5.0,2.0,2.0,6.0,2.0,0.0,4.0,1.0,4.0,3.0,1.0,3.0,2.0,5.0,2.0,7.0,2.0,1.0,0.0,0.0,5.0,3.0,1.0,2.0,4.0,5.0,4.0,2.0,3.0,4.0,6.0,2.0,2.0,1.0,2.0
34,3.0,3.0,2.0,6.0,4.0,5.0,5.0,4.0,6.0,3.0,3.0,4.0,4.0,4.0,3.0,5.0,6.0,5.0,3.0,3.0,7.0,3.0,2.0,7.0,4.0,3.0,4.0,3.0,5.0,5.0,4.0,4.0,6.0,4.0,5.0,4.0,4.0,3.0,6.0,2.0,8.0,2.0,5.0,5.0,0.0
35,3.0,4.0,4.0,6.0,1.0,0.0,5.0,5.0,5.0,4.0,4.0,1.0,2.0,1.0,3.0,5.0,7.0,4.0,5.0,5.0,8.0,2.0,4.0,4.0,2.0,4.0,5.0,1.0,0.0,0.0,4.0,3.0,3.0,4.0,4.0,4.0,4.0,2.0,7.0,4.0,5.0,2.0,1.0,1.0,2.0
36,3.0,6.0,2.0,0.0,0.0,0.0,3.0,0.0,1.0,3.0,2.0,4.0,1.0,1.0,1.0,0.0,0.0,1.0,5.0,5.0,5.0,4.0,3.0,2.0,0.0,0.0,2.0,1.0,0.0,0.0,0.0,4.0,2.0,3.0,1.0,0.0,1.0,5.0,1.0,2.0,0.0,0.0,0.0,2.0,3.0
37,3.0,4.0,6.0,7.0,4.0,2.0,5.0,5.0,8.0,5.0,5.0,3.0,4.0,3.0,5.0,2.0,6.0,6.0,3.0,7.0,8.0,5.0,4.0,3.0,4.0,5.0,5.0,4.0,7.0,4.0,8.0,7.0,8.0,6.0,4.0,4.0,5.0,5.0,5.0,3.0,5.0,4.0,5.0,4.0,3.0
38,3.0,6.0,3.0,5.0,2.0,0.0,1.0,5.0,6.0,5.0,6.0,4.0,2.0,4.0,3.0,3.0,8.0,6.0,3.0,5.0,8.0,4.0,3.0,3.0,2.0,5.0,3.0,1.0,0.0,0.0,0.0,4.0,4.0,6.0,1.0,0.0,3.0,4.0,5.0,4.0,3.0,2.0,3.0,1.0,3.0
39,2.0,3.0,2.0,0.0,0.0,0.0,3.0,0.0,1.0,3.0,2.0,3.0,1.0,1.0,1.0,0.0,0.0,1.0,6.0,6.0,4.0,3.0,4.0,3.0,0.0,0.0,3.0,1.0,0.0,0.0,0.0,4.0,2.0,3.0,5.0,2.0,2.0,1.0,2.0,3.0,0.0,0.0,0.0,3.0,2.0
40,2.0,3.0,2.0,5.0,3.0,5.0,4.0,5.0,6.0,3.0,3.0,3.0,4.0,3.0,3.0,3.0,5.0,4.0,3.0,5.0,7.0,3.0,2.0,3.0,4.0,4.0,4.0,3.0,4.0,5.0,4.0,3.0,6.0,4.0,4.0,3.0,4.0,2.0,4.0,3.0,8.0,2.0,4.0,4.0,1.0
41,2.0,6.0,4.0,5.0,2.0,6.0,1.0,5.0,6.0,3.0,4.0,4.0,2.0,1.0,3.0,3.0,6.0,2.0,6.0,6.0,7.0,2.0,3.0,3.0,2.0,4.0,3.0,1.0,0.0,0.0,0.0,3.0,4.0,4.0,4.0,1.0,4.0,2.0,6.0,5.0,3.0,2.0,1.0,1.0,2.0
42,6.0,12.0,10.0,10.0,8.0,3.0,10.0,15.0,10.0,6.0,10.0,5.0,9.0,9.0,11.0,8.0,15.0,7.0,10.0,10.0,16.0,10.0,9.0,11.0,4.0,9.0,10.0,6.0,3.0,4.0,10.0,14.0,7.0,9.0,10.0,5.0,12.0,10.0,10.0,9.0,12.0,5.0,15.0,9.0,7.0
43,4.0,5.0,6.0,10.0,9.0,8.0,8.0,9.0,8.0,7.0,7.0,7.0,6.0,5.0,9.0,10.0,8.0,9.0,8.0,8.0,11.0,7.0,5.0,8.0,7.0,6.0,6.0,5.0,12.0,7.0,8.0,9.0,8.0,9.0,7.0,10.0,8.0,7.0,9.0,3.0,9.0,7.0,9.0,9.0,2.0
44,4.0,8.0,7.0,10.0,9.0,9.0,8.0,12.0,8.0,10.0,8.0,10.0,11.0,7.0,11.0,10.0,11.0,9.0,12.0,10.0,12.0,9.0,6.0,9.0,7.0,7.0,7.0,7.0,10.0,2.0,10.0,12.0,12.0,10.0,5.0,5.0,10.0,10.0,10.0,5.0,11.0,8.0,10.0,9.0,4.0
45,5.0,10.0,10.0,9.0,8.0,3.0,10.0,14.0,7.0,6.0,9.0,4.0,8.0,8.0,9.0,7.0,12.0,7.0,9.0,9.0,11.0,8.0,9.0,12.0,4.0,8.0,8.0,5.0,3.0,3.0,9.0,10.0,7.0,9.0,10.0,6.0,13.0,8.0,8.0,8.0,12.0,5.0,10.0,9.0,6.0
46,3.0,3.0,2.0,6.0,6.0,4.0,6.0,6.0,6.0,3.0,4.0,7.0,5.0,3.0,4.0,6.0,6.0,7.0,4.0,6.0,8.0,4.0,3.0,8.0,5.0,5.0,3.0,3.0,6.0,5.0,4.0,4.0,6.0,6.0,6.0,7.0,6.0,5.0,6.0,2.0,8.0,4.0,6.0,9.0,0.0
47,3.0,6.0,7.0,8.0,8.0,6.0,6.0,10.0,7.0,6.0,5.0,8.0,9.0,5.0,7.0,7.0,9.0,8.0,10.0,8.0,8.0,6.0,6.0,10.0,5.0,7.0,5.0,6.0,8.0,2.0,8.0,7.0,9.0,8.0,4.0,5.0,9.0,8.0,7.0,4.0,11.0,6.0,6.0,9.0,2.0
48,5.0,9.0,4.0,2.0,3.0,4.0,9.0,6.0,7.0,3.0,4.0,4.0,9.0,8.0,5.0,4.0,8.0,4.0,4.0,9.0,14.0,6.0,9.0,8.0,3.0,8.0,9.0,3.0,4.0,2.0,9.0,5.0,5.0,5.0,7.0,3.0,9.0,7.0,5.0,8.0,5.0,4.0,10.0,3.0,4.0
49,3.0,5.0,6.0,9.0,6.0,9.0,6.0,9.0,8.0,5.0,5.0,4.0,6.0,5.0,5.0,7.0,7.0,8.0,6.0,8.0,10.0,5.0,6.0,7.0,5.0,5.0,7.0,4.0,8.0,5.0,8.0,8.0,8.0,7.0,4.0,5.0,7.0,6.0,8.0,3.0,9.0,6.0,6.0,5.0,2.0
50,4.0,6.0,5.0,10.0,4.0,9.0,7.0,9.0,7.0,3.0,6.0,7.0,8.0,7.0,7.0,8.0,7.0,7.0,5.0,9.0,11.0,6.0,8.0,7.0,2.0,5.0,7.0,5.0,9.0,2.0,9.0,5.0,5.0,5.0,3.0,3.0,8.0,7.0,9.0,5.0,3.0,5.0,8.0,3.0,4.0
51,5.0,8.0,5.0,2.0,3.0,4.0,6.0,10.0,7.0,3.0,4.0,3.0,8.0,7.0,5.0,5.0,8.0,4.0,5.0,9.0,9.0,5.0,6.0,9.0,3.0,7.0,7.0,3.0,4.0,2.0,8.0,5.0,5.0,5.0,7.0,3.0,9.0,5.0,5.0,6.0,6.0,4.0,8.0,3.0,3.0
52,3.0,3.0,2.0,6.0,4.0,5.0,5.0,6.0,6.0,3.0,3.0,4.0,6.0,3.0,3.0,7.0,5.0,6.0,4.0,5.0,7.0,3.0,2.0,7.0,4.0,3.0,4.0,3.0,5.0,5.0,4.0,4.0,6.0,5.0,5.0,4.0,5.0,4.0,6.0,2.0,8.0,3.0,4.0,5.0,0.0
53,4.0,6.0,6.0,8.0,5.0,6.0,5.0,8.0,7.0,3.0,4.0,7.0,7.0,5.0,6.0,7.0,7.0,6.0,7.0,8.0,7.0,4.0,4.0,8.0,2.0,4.0,5.0,5.0,6.0,2.0,7.0,5.0,7.0,5.0,4.0,2.0,8.0,3.0,8.0,4.0,7.0,5.0,5.0,3.0,2.0
54,3.0,6.0,4.0,2.0,6.0,4.0,3.0,4.0,2.0,2.0,2.0,3.0,3.0,8.0,5.0,0.0,6.0,5.0,4.0,6.0,11.0,3.0,1.0,2.0,0.0,0.0,2.0,2.0,0.0,0.0,5.0,3.0,4.0,3.0,5.0,3.0,5.0,3.0,3.0,6.0,6.0,2.0,5.0,2.0,2.0
55,3.0,4.0,6.0,7.0,6.0,4.0,5.0,6.0,8.0,4.0,4.0,4.0,4.0,2.0,5.0,3.0,6.0,6.0,3.0,4.0,8.0,5.0,4.0,4.0,3.0,5.0,4.0,4.0,7.0,4.0,8.0,7.0,8.0,5.0,3.0,4.0,5.0,5.0,5.0,3.0,7.0,3.0,6.0,5.0,2.0
56,3.0,6.0,3.0,6.0,5.0,6.0,4.0,7.0,5.0,2.0,4.0,6.0,3.0,4.0,4.0,4.0,7.0,4.0,2.0,4.0,9.0,4.0,5.0,5.0,2.0,5.0,2.0,2.0,0.0,0.0,5.0,5.0,4.0,3.0,3.0,3.0,5.0,2.0,6.0,4.0,2.0,4.0,4.0,2.0,3.0
57,2.0,5.0,3.0,2.0,4.0,4.0,3.0,4.0,2.0,2.0,2.0,2.0,5.0,7.0,4.0,3.0,5.0,1.0,4.0,6.0,7.0,4.0,1.0,3.0,0.0,0.0,4.0,2.0,0.0,0.0,5.0,3.0,4.0,4.0,5.0,5.0,4.0,3.0,3.0,6.0,6.0,2.0,3.0,2.0,2.0
58,2.0,3.0,2.0,4.0,3.0,5.0,4.0,5.0,6.0,2.0,3.0,4.0,4.0,3.0,3.0,4.0,5.0,4.0,3.0,3.0,7.0,3.0,2.0,4.0,3.0,4.0,3.0,3.0,3.0,4.0,4.0,4.0,6.0,3.0,4.0,3.0,4.0,3.0,5.0,2.0,8.0,2.0,4.0,5.0,0.0
59,2.0,6.0,4.0,4.0,3.0,6.0,3.0,6.0,5.0,2.0,3.0,5.0,4.0,2.0,3.0,4.0,5.0,1.0,5.0,7.0,8.0,2.0,4.0,5.0,2.0,4.0,2.0,2.0,0.0,0.0,4.0,3.0,3.0,3.0,3.0,4.0,4.0,2.0,6.0,4.0,5.0,3.0,1.0,2.0,1.0
60,5.0,8.0,14.0,12.0,10.0,9.0,8.0,11.0,8.0,6.0,11.0,6.0,10.0,10.0,11.0,5.0,12.0,7.0,9.0,9.0,8.0,11.0,9.0,12.0,8.0,7.0,13.0,12.0,14.0,12.0,14.0,12.0,12.0,13.0,10.0,6.0,12.0,17.0,12.0,14.0,18.0,15.0,11.0,10.0,8.0
61,1.0,4.0,6.0,9.0,8.0,6.0,6.0,4.0,6.0,8.0,7.0,7.0,8.0,5.0,8.0,7.0,7.0,7.0,7.0,7.0,7.0,6.0,4.0,7.0,6.0,4.0,8.0,5.0,10.0,6.0,6.0,8.0,8.0,9.0,8.0,10.0,9.0,6.0,7.0,4.0,9.0,8.0,6.0,7.0,2.0
62,4.0,7.0,10.0,11.0,12.0,8.0,8.0,9.0,7.0,11.0,8.0,8.0,7.0,8.0,10.0,7.0,8.0,9.0,10.0,10.0,9.0,7.0,6.0,10.0,8.0,8.0,9.0,10.0,11.0,8.0,12.0,11.0,12.0,12.0,9.0,8.0,11.0,13.0,9.0,10.0,16.0,14.0,10.0,10.0,4.0
63,4.0,6.0,10.0,10.0,9.0,7.0,9.0,12.0,8.0,6.0,8.0,5.0,10.0,8.0,10.0,6.0,10.0,7.0,8.0,9.0,8.0,10.0,7.0,10.0,7.0,6.0,10.0,10.0,12.0,7.0,11.0,9.0,11.0,12.0,10.0,6.0,12.0,15.0,10.0,10.0,15.0,11.0,7.0,10.0,7.0
64,1.0,3.0,2.0,5.0,5.0,3.0,4.0,2.0,5.0,3.0,5.0,6.0,5.0,3.0,3.0,4.0,5.0,7.0,4.0,6.0,6.0,3.0,2.0,5.0,4.0,4.0,4.0,3.0,4.0,4.0,3.0,4.0,6.0,5.0,6.0,7.0,6.0,4.0,5.0,3.0,8.0,6.0,4.0,7.0,0.0
65,4.0,6.0,7.0,8.0,10.0,5.0,5.0,9.0,7.0,6.0,5.0,8.0,6.0,5.0,6.0,5.0,7.0,8.0,7.0,8.0,7.0,5.0,4.0,11.0,7.0,5.0,6.0,9.0,7.0,7.0,8.0,6.0,9.0,8.0,7.0,7.0,9.0,11.0,7.0,7.0,14.0,9.0,7.0,10.0,2.0
66,4.0,8.0,11.0,8.0,5.0,4.0,7.0,7.0,7.0,5.0,6.0,2.0,7.0,9.0,9.0,2.0,7.0,4.0,4.0,6.0,9.0,6.0,6.0,9.0,4.0,6.0,7.0,10.0,4.0,2.0,9.0,13.0,7.0,7.0,10.0,3.0,9.0,9.0,9.0,15.0,16.0,9.0,11.0,8.0,7.0
67,1.0,4.0,6.0,8.0,5.0,5.0,5.0,4.0,6.0,6.0,5.0,5.0,4.0,4.0,7.0,5.0,6.0,5.0,4.0,7.0,6.0,6.0,6.0,5.0,3.0,3.0,6.0,5.0,9.0,6.0,6.0,8.0,8.0,8.0,7.0,7.0,8.0,6.0,7.0,4.0,9.0,6.0,6.0,7.0,2.0
68,3.0,7.0,9.0,8.0,5.0,9.0,7.0,9.0,6.0,9.0,6.0,6.0,3.0,8.0,8.0,6.0,6.0,7.0,5.0,7.0,7.0,7.0,5.0,7.0,4.0,7.0,5.0,7.0,8.0,2.0,8.0,11.0,10.0,7.0,7.0,6.0,9.0,9.0,9.0,10.0,15.0,9.0,10.0,9.0,4.0
69,3.0,7.0,9.0,8.0,5.0,4.0,7.0,6.0,7.0,5.0,7.0,2.0,6.0,7.0,9.0,2.0,6.0,4.0,7.0,5.0,5.0,6.0,5.0,5.0,4.0,5.0,7.0,8.0,4.0,2.0,8.0,10.0,7.0,7.0,10.0,3.0,9.0,8.0,9.0,10.0,15.0,8.0,6.0,7.0,6.0
70,1.0,3.0,2.0,5.0,4.0,4.0,4.0,2.0,5.0,3.0,5.0,5.0,3.0,4.0,3.0,2.0,5.0,5.0,3.0,5.0,5.0,3.0,2.0,4.0,3.0,4.0,3.0,3.0,4.0,4.0,3.0,4.0,6.0,5.0,6.0,4.0,6.0,3.0,5.0,3.0,8.0,4.0,4.0,6.0,0.0
71,2.0,6.0,6.0,7.0,5.0,6.0,5.0,7.0,6.0,5.0,4.0,7.0,3.0,6.0,5.0,4.0,5.0,6.0,5.0,7.0,6.0,5.0,3.0,7.0,4.0,5.0,5.0,7.0,7.0,2.0,6.0,6.0,9.0,5.0,6.0,6.0,9.0,7.0,7.0,7.0,14.0,6.0,6.0,8.0,2.0
72,2.0,5.0,7.0,6.0,3.0,4.0,5.0,5.0,2.0,4.0,4.0,1.0,4.0,6.0,5.0,2.0,7.0,3.0,2.0,5.0,5.0,3.0,1.0,5.0,2.0,3.0,5.0,5.0,4.0,2.0,9.0,8.0,6.0,6.0,8.0,3.0,7.0,6.0,5.0,12.0,13.0,4.0,8.0,7.0,5.0
73,1.0,4.0,6.0,8.0,5.0,3.0,4.0,4.0,4.0,5.0,4.0,4.0,2.0,3.0,5.0,4.0,6.0,5.0,3.0,7.0,6.0,6.0,5.0,5.0,3.0,2.0,6.0,6.0,8.0,3.0,6.0,8.0,6.0,6.0,5.0,4.0,6.0,4.0,6.0,3.0,9.0,5.0,5.0,5.0,2.0
74,2.0,4.0,5.0,8.0,6.0,4.0,6.0,5.0,8.0,6.0,5.0,5.0,3.0,5.0,6.0,4.0,3.0,3.0,4.0,6.0,6.0,6.0,5.0,4.0,1.0,3.0,3.0,6.0,8.0,2.0,8.0,6.0,6.0,5.0,4.0,3.0,6.0,6.0,8.0,9.0,12.0,7.0,7.0,7.0,3.0
75,2.0,5.0,5.0,1.0,4.0,4.0,5.0,5.0,6.0,4.0,4.0,1.0,4.0,5.0,5.0,2.0,5.0,1.0,4.0,2.0,4.0,3.0,1.0,5.0,1.0,2.0,5.0,4.0,3.0,2.0,8.0,6.0,6.0,6.0,8.0,3.0,7.0,5.0,5.0,9.0,13.0,4.0,6.0,7.0,4.0
76,1.0,3.0,2.0,5.0,4.0,3.0,3.0,2.0,3.0,3.0,5.0,2.0,3.0,3.0,3.0,2.0,5.0,5.0,3.0,4.0,5.0,3.0,2.0,4.0,3.0,3.0,4.0,4.0,3.0,4.0,3.0,4.0,5.0,4.0,6.0,3.0,5.0,3.0,5.0,2.0,8.0,4.0,3.0,5.0,0.0
77,2.0,6.0,6.0,6.0,5.0,6.0,4.0,4.0,8.0,4.0,4.0,4.0,3.0,4.0,4.0,3.0,3.0,3.0,5.0,2.0,6.0,4.0,2.0,4.0,1.0,1.0,4.0,6.0,6.0,1.0,6.0,4.0,8.0,4.0,5.0,4.0,5.0,3.0,7.0,6.0,12.0,5.0,4.0,7.0,1.0
78,5.0,7.0,8.0,8.0,7.0,3.0,6.0,6.0,6.0,7.0,4.0,7.0,7.0,8.0,5.0,3.0,9.0,4.0,6.0,8.0,14.0,5.0,8.0,2.0,0.0,0.0,4.0,3.0,7.0,2.0,9.0,6.0,5.0,7.0,8.0,3.0,7.0,7.0,7.0,7.0,5.0,7.0,7.0,1.0,4.0
79,1.0,5.0,6.0,9.0,7.0,6.0,7.0,4.0,6.0,9.0,7.0,7.0,7.0,5.0,8.0,7.0,8.0,6.0,7.0,8.0,9.0,6.0,5.0,6.0,8.0,4.0,7.0,5.0,12.0,6.0,7.0,8.0,8.0,9.0,7.0,10.0,7.0,6.0,6.0,3.0,9.0,6.0,6.0,7.0,2.0
80,4.0,6.0,5.0,11.0,9.0,8.0,8.0,9.0,7.0,12.0,8.0,8.0,9.0,8.0,8.0,7.0,7.0,7.0,8.0,11.0,11.0,6.0,9.0,9.0,8.0,7.0,4.0,5.0,11.0,2.0,8.0,7.0,5.0,8.0,6.0,4.0,8.0,7.0,7.0,5.0,5.0,8.0,10.0,3.0,4.0
81,4.0,7.0,8.0,7.0,7.0,3.0,6.0,8.0,6.0,5.0,4.0,6.0,6.0,6.0,5.0,3.0,8.0,2.0,6.0,7.0,10.0,5.0,6.0,6.0,6.0,7.0,5.0,3.0,4.0,2.0,8.0,5.0,5.0,7.0,8.0,3.0,7.0,6.0,6.0,6.0,8.0,2.0,6.0,1.0,3.0
82,1.0,3.0,2.0,5.0,5.0,3.0,5.0,2.0,5.0,3.0,5.0,6.0,5.0,3.0,3.0,4.0,6.0,6.0,4.0,6.0,6.0,3.0,2.0,5.0,5.0,4.0,4.0,3.0,5.0,4.0,4.0,4.0,6.0,5.0,6.0,7.0,5.0,3.0,5.0,2.0,8.0,4.0,4.0,6.0,0.0
83,3.0,6.0,6.0,8.0,8.0,5.0,5.0,8.0,6.0,5.0,4.0,8.0,7.0,5.0,5.0,5.0,6.0,6.0,7.0,8.0,7.0,4.0,4.0,10.0,5.0,5.0,4.0,5.0,8.0,2.0,6.0,5.0,7.0,6.0,5.0,4.0,8.0,3.0,7.0,4.0,9.0,5.0,7.0,3.0,2.0
84,4.0,6.0,2.0,0.0,2.0,4.0,3.0,5.0,2.0,4.0,3.0,6.0,9.0,4.0,3.0,2.0,6.0,2.0,4.0,7.0,11.0,4.0,0.0,2.0,0.0,0.0,3.0,4.0,2.0,4.0,9.0,5.0,4.0,3.0,5.0,3.0,9.0,5.0,3.0,5.0,6.0,4.0,8.0,2.0,2.0
85,1.0,5.0,6.0,8.0,5.0,7.0,7.0,4.0,6.0,8.0,5.0,6.0,7.0,5.0,5.0,7.0,8.0,5.0,5.0,8.0,8.0,6.0,4.0,7.0,6.0,3.0,7.0,5.0,11.0,6.0,5.0,9.0,8.0,9.0,5.0,7.0,6.0,5.0,6.0,3.0,9.0,5.0,5.0,5.0,2.0
86,4.0,6.0,5.0,8.0,6.0,9.0,8.0,9.0,6.0,6.0,6.0,5.0,9.0,8.0,4.0,6.0,7.0,7.0,5.0,10.0,9.0,6.0,7.0,4.0,1.0,3.0,3.0,6.0,9.0,2.0,8.0,7.0,3.0,5.0,4.0,4.0,6.0,6.0,8.0,6.0,5.0,5.0,7.0,2.0,3.0
87,4.0,7.0,4.0,7.0,3.0,4.0,3.0,5.0,2.0,4.0,3.0,5.0,7.0,4.0,3.0,2.0,5.0,2.0,5.0,5.0,1.0,4.0,0.0,5.0,1.0,3.0,3.0,4.0,2.0,3.0,8.0,5.0,4.0,3.0,5.0,3.0,9.0,3.0,3.0,4.0,6.0,5.0,5.0,1.0,2.0
88,1.0,3.0,2.0,5.0,4.0,4.0,5.0,2.0,5.0,3.0,5.0,5.0,5.0,3.0,3.0,4.0,6.0,5.0,4.0,5.0,5.0,3.0,2.0,5.0,4.0,3.0,4.0,3.0,4.0,4.0,2.0,5.0,6.0,5.0,6.0,7.0,4.0,3.0,5.0,2.0,8.0,4.0,3.0,5.0,0.0
89,4.0,6.0,5.0,7.0,6.0,5.0,5.0,7.0,7.0,4.0,4.0,6.0,7.0,3.0,3.0,5.0,6.0,6.0,7.0,7.0,6.0,4.0,3.0,4.0,1.0,2.0,3.0,6.0,5.0,2.0,6.0,5.0,5.0,4.0,4.0,4.0,6.0,3.0,7.0,4.0,5.0,5.0,3.0,2.0,1.0
90,3.0,6.0,2.0,0.0,0.0,0.0,5.0,1.0,4.0,4.0,4.0,1.0,1.0,1.0,1.0,0.0,6.0,1.0,1.0,3.0,1.0,3.0,1.0,2.0,0.0,0.0,2.0,2.0,0.0,0.0,5.0,3.0,1.0,2.0,4.0,5.0,3.0,3.0,3.0,4.0,6.0,2.0,4.0,1.0,3.0
91,1.0,4.0,6.0,8.0,5.0,5.0,5.0,4.0,6.0,6.0,5.0,5.0,4.0,5.0,5.0,5.0,6.0,5.0,3.0,4.0,6.0,6.0,4.0,5.0,5.0,3.0,5.0,5.0,7.0,3.0,5.0,6.0,8.0,6.0,4.0,5.0,5.0,4.0,6.0,4.0,9.0,3.0,6.0,5.0,2.0
92,3.0,6.0,3.0,5.0,5.0,5.0,4.0,7.0,4.0,5.0,6.0,6.0,2.0,7.0,5.0,5.0,7.0,4.0,2.0,4.0,8.0,6.0,4.0,4.0,2.0,0.0,3.0,2.0,0.0,0.0,5.0,4.0,4.0,4.0,3.0,5.0,5.0,3.0,8.0,6.0,5.0,4.0,3.0,1.0,4.0
93,2.0,4.0,2.0,0.0,0.0,0.0,3.0,0.0,1.0,4.0,5.0,2.0,1.0,6.0,2.0,0.0,0.0,2.0,5.0,3.0,1.0,3.0,1.0,5.0,2.0,0.0,3.0,1.0,0.0,0.0,5.0,3.0,1.0,2.0,5.0,5.0,3.0,3.0,3.0,4.0,6.0,2.0,2.0,1.0,1.0
94,1.0,3.0,2.0,5.0,3.0,4.0,3.0,3.0,5.0,3.0,5.0,3.0,3.0,4.0,3.0,2.0,5.0,5.0,3.0,3.0,5.0,3.0,2.0,4.0,3.0,3.0,4.0,3.0,3.0,4.0,2.0,4.0,6.0,4.0,5.0,3.0,4.0,3.0,5.0,2.0,8.0,2.0,4.0,5.0,0.0
95,2.0,6.0,4.0,5.0,3.0,6.0,3.0,6.0,4.0,4.0,4.0,6.0,2.0,1.0,3.0,4.0,5.0,2.0,5.0,4.0,6.0,4.0,3.0,4.0,2.0,0.0,3.0,1.0,0.0,0.0,4.0,3.0,3.0,4.0,4.0,4.0,5.0,2.0,6.0,5.0,5.0,2.0,1.0,1.0,2.0
96,2.0,5.0,2.0,0.0,0.0,0.0,1.0,5.0,4.0,2.0,1.0,2.0,1.0,1.0,1.0,0.0,0.0,2.0,2.0,3.0,1.0,1.0,1.0,2.0,0.0,0.0,4.0,2.0,0.0,0.0,0.0,4.0,1.0,2.0,1.0,0.0,1.0,1.0,2.0,3.0,0.0,0.0,0.0,2.0,3.0
97,1.0,4.0,7.0,5.0,5.0,5.0,4.0,4.0,6.0,4.0,4.0,5.0,2.0,4.0,5.0,4.0,5.0,3.0,1.0,7.0,6.0,6.0,5.0,3.0,3.0,2.0,5.0,5.0,6.0,3.0,5.0,6.0,8.0,5.0,3.0,4.0,5.0,4.0,4.0,3.0,9.0,3.0,4.0,4.0,3.0
98,2.0,4.0,3.0,5.0,4.0,5.0,2.0,5.0,5.0,4.0,4.0,6.0,3.0,4.0,4.0,0.0,6.0,5.0,4.0,6.0,3.0,4.0,5.0,3.0,1.0,0.0,5.0,1.0,0.0,0.0,0.0,4.0,4.0,4.0,3.0,2.0,4.0,3.0,5.0,4.0,3.0,2.0,3.0,1.0,3.0
99,2.0,3.0,2.0,0.0,0.0,0.0,1.0,4.0,4.0,2.0,1.0,2.0,4.0,2.0,1.0,0.0,0.0,2.0,5.0,3.0,1.0,1.0,1.0,3.0,0.0,0.0,1.0,3.0,2.0,0.0,5.0,4.0,1.0,2.0,1.0,0.0,1.0,1.0,2.0,3.0,0.0,0.0,0.0,3.0,2.0
100,1.0,3.0,2.0,3.0,4.0,4.0,3.0,2.0,5.0,2.0,5.0,1.0,2.0,4.0,3.0,2.0,4.0,3.0,3.0,5.0,5.0,3.0,2.0,2.0,3.0,3.0,4.0,3.0,2.0,4.0,2.0,3.0,6.0,3.0,3.0,3.0,4.0,2.0,4.0,2.0,8.0,2.0,3.0,4.0,1.0
101,2.0,6.0,4.0,5.0,4.0,5.0,1.0,4.0,5.0,2.0,3.0,3.0,3.0,1.0,3.0,0.0,5.0,4.0,5.0,4.0,4.0,3.0,2.0,3.0,1.0,0.0,4.0,1.0,0.0,0.0,0.0,3.0,4.0,3.0,3.0,1.0,3.0,2.0,5.0,4.0,3.0,2.0,1.0,1.0,2.0
102,6.0,11.0,10.0,10.0,8.0,3.0,10.0,15.0,10.0,6.0,10.0,5.0,8.0,10.0,11.0,5.0,13.0,7.0,10.0,10.0,16.0,10.0,9.0,11.0,4.0,8.0,8.0,6.0,3.0,4.0,10.0,14.0,7.0,9.0,10.0,5.0,12.0,10.0,10.0,9.0,12.0,5.0,11.0,8.0,7.0
103,1.0,5.0,6.0,9.0,7.0,6.0,7.0,4.0,6.0,7.0,7.0,7.0,8.0,5.0,8.0,7.0,8.0,7.0,7.0,8.0,9.0,6.0,4.0,7.0,7.0,4.0,6.0,5.0,12.0,6.0,6.0,8.0,8.0,8.0,7.0,10.0,9.0,5.0,7.0,3.0,9.0,6.0,6.0,7.0,2.0
104,4.0,9.0,7.0,10.0,9.0,9.0,8.0,12.0,8.0,10.0,8.0,10.0,6.0,8.0,9.0,7.0,10.0,9.0,10.0,11.0,12.0,9.0,5.0,9.0,8.0,7.0,5.0,6.0,10.0,2.0,8.0,11.0,12.0,9.0,5.0,4.0,10.0,8.0,9.0,5.0,11.0,8.0,10.0,8.0,4.0
105,5.0,10.0,10.0,9.0,8.0,3.0,10.0,14.0,7.0,6.0,9.0,4.0,7.0,7.0,9.0,5.0,11.0,7.0,9.0,9.0,11.0,8.0,9.0,12.0,4.0,7.0,8.0,5.0,3.0,3.0,9.0,10.0,7.0,9.0,10.0,6.0,13.0,8.0,8.0,8.0,12.0,5.0,6.0,8.0,6.0
106,1.0,3.0,2.0,5.0,5.0,3.0,5.0,2.0,5.0,3.0,5.0,6.0,5.0,3.0,3.0,4.0,6.0,7.0,4.0,6.0,6.0,3.0,2.0,5.0,5.0,4.0,3.0,3.0,5.0,4.0,3.0,4.0,6.0,5.0,6.0,7.0,6.0,3.0,5.0,2.0,8.0,4.0,4.0,7.0,0.0
107,3.0,6.0,7.0,8.0,8.0,6.0,5.0,10.0,6.0,5.0,5.0,8.0,5.0,5.0,5.0,5.0,8.0,8.0,7.0,8.0,8.0,6.0,4.0,10.0,6.0,5.0,5.0,5.0,8.0,2.0,6.0,6.0,9.0,7.0,4.0,4.0,9.0,7.0,7.0,4.0,11.0,6.0,6.0,8.0,2.0
108,5.0,9.0,4.0,2.0,3.0,4.0,9.0,6.0,6.0,3.0,4.0,5.0,9.0,9.0,5.0,2.0,8.0,4.0,5.0,8.0,14.0,6.0,9.0,8.0,2.0,4.0,6.0,3.0,4.0,2.0,9.0,5.0,5.0,5.0,7.0,3.0,9.0,5.0,5.0,8.0,5.0,4.0,8.0,3.0,4.0
109,1.0,5.0,6.0,8.0,5.0,7.0,5.0,4.0,6.0,5.0,5.0,6.0,5.0,5.0,5.0,5.0,7.0,5.0,5.0,8.0,8.0,6.0,4.0,7.0,5.0,2.0,7.0,5.0,8.0,4.0,5.0,7.0,8.0,7.0,4.0,5.0,6.0,4.0,6.0,3.0,9.0,5.0,5.0,5.0,2.0
110,4.0,6.0,5.0,10.0,6.0,9.0,7.0,9.0,6.0,3.0,6.0,7.0,3.0,9.0,5.0,5.0,7.0,7.0,5.0,10.0,10.0,6.0,8.0,7.0,2.0,2.0,5.0,5.0,8.0,2.0,8.0,4.0,5.0,5.0,3.0,5.0,9.0,5.0,8.0,5.0,3.0,5.0,7.0,3.0,4.0
111,5.0,8.0,5.0,2.0,3.0,4.0,6.0,10.0,6.0,3.0,4.0,4.0,7.0,7.0,5.0,2.0,7.0,4.0,6.0,9.0,9.0,5.0,5.0,9.0,2.0,3.0,6.0,3.0,4.0,2.0,8.0,5.0,5.0,5.0,7.0,3.0,9.0,5.0,5.0,6.0,6.0,4.0,6.0,3.0,3.0
112,1.0,3.0,2.0,5.0,4.0,4.0,4.0,2.0,5.0,3.0,5.0,5.0,4.0,3.0,3.0,2.0,5.0,5.0,4.0,5.0,5.0,3.0,2.0,5.0,4.0,2.0,4.0,3.0,4.0,4.0,2.0,4.0,6.0,5.0,5.0,3.0,5.0,3.0,5.0,2.0,8.0,3.0,3.0,5.0,0.0
113,4.0,6.0,6.0,8.0,5.0,6.0,5.0,8.0,6.0,3.0,4.0,7.0,3.0,6.0,4.0,4.0,6.0,6.0,7.0,8.0,6.0,4.0,3.0,8.0,2.0,1.0,5.0,5.0,6.0,2.0,6.0,4.0,7.0,4.0,4.0,4.0,9.0,3.0,7.0,4.0,7.0,5.0,3.0,3.0,2.0
114,3.0,6.0,4.0,2.0,3.0,4.0,3.0,4.0,2.0,2.0,2.0,3.0,3.0,8.0,5.0,0.0,6.0,3.0,4.0,6.0,9.0,4.0,1.0,2.0,0.0,0.0,2.0,2.0,0.0,0.0,5.0,3.0,4.0,3.0,5.0,3.0,5.0,3.0,3.0,6.0,6.0,2.0,5.0,2.0,2.0
115,1.0,4.0,4.0,6.0,5.0,6.0,4.0,4.0,6.0,4.0,4.0,5.0,2.0,3.0,5.0,4.0,6.0,4.0,3.0,7.0,6.0,6.0,6.0,3.0,3.0,2.0,4.0,5.0,7.0,3.0,6.0,6.0,8.0,5.0,3.0,4.0,5.0,4.0,4.0,3.0,9.0,3.0,4.0,5.0,2.0
116,3.0,6.0,3.0,6.0,5.0,6.0,4.0,7.0,4.0,2.0,4.0,6.0,3.0,4.0,5.0,3.0,6.0,4.0,2.0,4.0,8.0,6.0,4.0,5.0,2.0,0.0,3.0,2.0,0.0,0.0,5.0,4.0,4.0,3.0,3.0,3.0,5.0,3.0,6.0,4.0,2.0,4.0,4.0,2.0,3.0
117,2.0,5.0,3.0,2.0,4.0,4.0,3.0,4.0,2.0,2.0,2.0,2.0,3.0,7.0,4.0,2.0,5.0,1.0,4.0,6.0,6.0,4.0,1.0,3.0,0.0,0.0,4.0,2.0,0.0,0.0,5.0,3.0,4.0,4.0,5.0,5.0,4.0,3.0,3.0,6.0,6.0,2.0,3.0,2.0,2.0
118,1.0,3.0,2.0,3.0,3.0,4.0,3.0,3.0,5.0,2.0,5.0,2.0,3.0,4.0,3.0,2.0,5.0,4.0,3.0,5.0,5.0,3.0,2.0,2.0,3.0,3.0,3.0,3.0,2.0,4.0,3.0,4.0,6.0,3.0,4.0,3.0,4.0,3.0,5.0,2.0,8.0,2.0,3.0,5.0,0.0
119,2.0,6.0,4.0,4.0,5.0,5.0,3.0,6.0,4.0,2.0,3.0,6.0,3.0,2.0,3.0,3.0,4.0,1.0,5.0,4.0,6.0,4.0,3.0,5.0,2.0,0.0,3.0,2.0,0.0,0.0,4.0,3.0,3.0,3.0,3.0,4.0,4.0,2.0,6.0,4.0,5.0,3.0,1.0,2.0,1.0
120,4.0,8.0,4.0,2.0,7.0,0.0,9.0,5.0,4.0,2.0,3.0,6.0,9.0,5.0,10.0,4.0,8.0,5.0,1.0,2.0,2.0,5.0,9.0,1.0,0.0,0.0,8.0,11.0,13.0,4.0,5.0,3.0,8.0,7.0,6.0,0.0,3.0,17.0,10.0,14.0,11.0,4.0,6.0,1.0,8.0
121,4.0,4.0,3.0,4.0,4.0,7.0,3.0,6.0,5.0,4.0,5.0,4.0,5.0,4.0,5.0,2.0,6.0,1.0,3.0,3.0,8.0,3.0,3.0,5.0,3.0,4.0,0.0,6.0,6.0,6.0,7.0,5.0,5.0,6.0,3.0,6.0,7.0,5.0,4.0,6.0,1.0,5.0,6.0,1.0,2.0
122,4.0,4.0,4.0,5.0,6.0,8.0,4.0,6.0,5.0,5.0,6.0,7.0,5.0,5.0,6.0,7.0,6.0,5.0,4.0,4.0,8.0,3.0,4.0,5.0,4.0,6.0,3.0,8.0,7.0,7.0,7.0,5.0,7.0,5.0,4.0,7.0,8.0,5.0,6.0,8.0,4.0,6.0,8.0,3.0,2.0
123,3.0,5.0,8.0,6.0,5.0,0.0,9.0,5.0,4.0,2.0,3.0,5.0,8.0,4.0,8.0,5.0,6.0,5.0,1.0,2.0,2.0,5.0,4.0,1.0,0.0,0.0,7.0,8.0,10.0,2.0,4.0,3.0,8.0,6.0,5.0,0.0,3.0,14.0,8.0,10.0,8.0,3.0,3.0,1.0,7.0
124,2.0,0.0,0.0,1.0,0.0,4.0,0.0,0.0,0.0,1.0,2.0,2.0,0.0,1.0,1.0,0.0,1.0,0.0,0.0,0.0,2.0,1.0,0.0,2.0,0.0,0.0,0.0,1.0,0.0,3.0,2.0,0.0,2.0,2.0,1.0,4.0,1.0,1.0,1.0,1.0,0.0,0.0,2.0,1.0,0.0
125,2.0,0.0,0.0,2.0,2.0,5.0,0.0,0.0,0.0,2.0,3.0,5.0,0.0,2.0,2.0,2.0,3.0,2.0,1.0,0.0,2.0,1.0,0.0,2.0,2.0,1.0,2.0,3.0,1.0,4.0,2.0,0.0,4.0,2.0,2.0,5.0,2.0,1.0,2.0,3.0,3.0,1.0,4.0,2.0,0.0
126,4.0,4.0,9.0,4.0,3.0,0.0,6.0,4.0,4.0,2.0,2.0,1.0,4.0,4.0,5.0,1.0,4.0,1.0,1.0,1.0,2.0,4.0,5.0,1.0,0.0,0.0,5.0,9.0,3.0,3.0,4.0,2.0,5.0,4.0,6.0,0.0,3.0,10.0,8.0,14.0,12.0,6.0,6.0,1.0,7.0
127,3.0,4.0,2.0,4.0,5.0,5.0,3.0,6.0,4.0,4.0,4.0,4.0,5.0,4.0,5.0,2.0,6.0,1.0,2.0,4.0,8.0,3.0,3.0,4.0,3.0,4.0,0.0,6.0,6.0,4.0,7.0,5.0,4.0,4.0,4.0,5.0,7.0,5.0,4.0,6.0,1.0,4.0,7.0,1.0,2.0
128,3.0,4.0,3.0,4.0,6.0,7.0,3.0,6.0,4.0,4.0,4.0,4.0,6.0,5.0,6.0,6.0,6.0,4.0,3.0,4.0,8.0,3.0,3.0,4.0,4.0,6.0,3.0,8.0,7.0,3.0,7.0,5.0,6.0,4.0,5.0,7.0,8.0,5.0,6.0,8.0,4.0,5.0,9.0,3.0,2.0
129,3.0,3.0,6.0,4.0,3.0,0.0,6.0,4.0,4.0,2.0,2.0,1.0,4.0,4.0,4.0,1.0,3.0,1.0,1.0,1.0,2.0,4.0,4.0,1.0,0.0,0.0,5.0,6.0,3.0,3.0,3.0,2.0,5.0,4.0,5.0,0.0,3.0,7.0,6.0,11.0,6.0,3.0,2.0,1.0,6.0
130,2.0,0.0,0.0,1.0,0.0,3.0,0.0,0.0,0.0,1.0,2.0,2.0,0.0,1.0,1.0,0.0,1.0,0.0,0.0,0.0,2.0,1.0,0.0,2.0,0.0,0.0,0.0,1.0,0.0,2.0,2.0,0.0,2.0,2.0,1.0,3.0,2.0,1.0,1.0,1.0,0.0,0.0,2.0,1.0,0.0
131,2.0,0.0,0.0,2.0,2.0,5.0,0.0,0.0,0.0,2.0,2.0,3.0,1.0,2.0,2.0,2.0,3.0,2.0,1.0,0.0,2.0,1.0,0.0,2.0,2.0,1.0,1.0,3.0,1.0,3.0,2.0,0.0,3.0,2.0,2.0,4.0,3.0,1.0,3.0,3.0,3.0,1.0,4.0,2.0,0.0
132,2.0,6.0,3.0,1.0,3.0,0.0,5.0,3.0,2.0,1.0,2.0,3.0,3.0,2.0,3.0,1.0,2.0,3.0,1.0,1.0,1.0,4.0,1.0,1.0,0.0,0.0,3.0,7.0,3.0,0.0,1.0,1.0,5.0,3.0,5.0,0.0,2.0,6.0,4.0,12.0,7.0,3.0,4.0,1.0,5.0
133,2.0,4.0,2.0,3.0,5.0,5.0,3.0,6.0,4.0,4.0,4.0,1.0,4.0,5.0,3.0,3.0,6.0,1.0,2.0,4.0,8.0,4.0,3.0,3.0,2.0,3.0,0.0,6.0,6.0,3.0,6.0,5.0,4.0,4.0,4.0,4.0,5.0,5.0,3.0,5.0,1.0,4.0,6.0,1.0,2.0
134,2.0,4.0,3.0,3.0,6.0,5.0,4.0,6.0,4.0,4.0,4.0,3.0,4.0,5.0,4.0,5.0,6.0,2.0,3.0,4.0,8.0,4.0,3.0,3.0,3.0,4.0,3.0,7.0,7.0,2.0,6.0,5.0,3.0,4.0,5.0,6.0,5.0,5.0,5.0,7.0,3.0,6.0,7.0,3.0,2.0
135,2.0,3.0,3.0,1.0,4.0,0.0,5.0,3.0,2.0,1.0,2.0,2.0,3.0,2.0,3.0,1.0,2.0,3.0,1.0,1.0,1.0,3.0,1.0,1.0,0.0,0.0,3.0,5.0,2.0,3.0,3.0,1.0,3.0,2.0,2.0,0.0,2.0,5.0,4.0,9.0,4.0,2.0,2.0,1.0,4.0
136,2.0,0.0,0.0,1.0,0.0,3.0,0.0,0.0,0.0,1.0,2.0,1.0,0.0,1.0,1.0,0.0,1.0,0.0,0.0,0.0,2.0,1.0,0.0,2.0,0.0,0.0,0.0,1.0,0.0,1.0,2.0,0.0,2.0,2.0,1.0,2.0,2.0,1.0,1.0,1.0,0.0,0.0,2.0,1.0,0.0
137,2.0,1.0,0.0,2.0,2.0,4.0,1.0,0.0,0.0,2.0,2.0,3.0,0.0,1.0,2.0,2.0,3.0,2.0,1.0,0.0,2.0,1.0,0.0,2.0,1.0,1.0,2.0,2.0,1.0,2.0,2.0,0.0,3.0,2.0,2.0,3.0,2.0,1.0,2.0,3.0,2.0,2.0,4.0,2.0,0.0
138,4.0,2.0,1.0,2.0,1.0,0.0,1.0,0.0,4.0,1.0,0.0,1.0,3.0,4.0,3.0,0.0,0.0,0.0,3.0,2.0,1.0,1.0,0.0,1.0,0.0,0.0,1.0,1.0,0.0,0.0,0.0,2.0,2.0,1.0,1.0,0.0,1.0,2.0,1.0,4.0,0.0,0.0,0.0,2.0,3.0
139,4.0,4.0,3.0,4.0,4.0,7.0,3.0,6.0,6.0,4.0,5.0,4.0,6.0,4.0,5.0,2.0,7.0,1.0,4.0,3.0,8.0,4.0,3.0,4.0,3.0,4.0,0.0,6.0,7.0,4.0,7.0,5.0,5.0,6.0,3.0,6.0,7.0,5.0,4.0,5.0,1.0,5.0,6.0,1.0,2.0
140,4.0,5.0,4.0,5.0,6.0,8.0,4.0,6.0,6.0,5.0,6.0,5.0,7.0,5.0,7.0,6.0,7.0,5.0,5.0,4.0,8.0,4.0,4.0,4.0,4.0,4.0,2.0,7.0,8.0,3.0,7.0,5.0,7.0,4.0,3.0,7.0,8.0,5.0,6.0,4.0,2.0,7.0,7.0,3.0,2.0
141,3.0,2.0,1.0,1.0,1.0,0.0,1.0,0.0,3.0,1.0,0.0,1.0,3.0,4.0,3.0,0.0,0.0,0.0,1.0,2.0,1.0,1.0,0.0,1.0,0.0,0.0,1.0,1.0,0.0,0.0,0.0,2.0,2.0,1.0,1.0,0.0,1.0,2.0,1.0,4.0,0.0,0.0,0.0,2.0,2.0
142,2.0,0.0,0.0,1.0,0.0,4.0,0.0,0.0,1.0,0.0,2.0,2.0,0.0,1.0,1.0,0.0,1.0,0.0,0.0,0.0,2.0,1.0,0.0,2.0,0.0,0.0,0.0,1.0,0.0,2.0,2.0,0.0,2.0,2.0,1.0,4.0,1.0,1.0,1.0,1.0,0.0,0.0,2.0,1.0,0.0
143,2.0,0.0,0.0,2.0,2.0,6.0,0.0,0.0,1.0,1.0,3.0,3.0,1.0,2.0,3.0,2.0,3.0,2.0,1.0,0.0,2.0,1.0,0.0,2.0,2.0,1.0,1.0,2.0,1.0,3.0,2.0,0.0,3.0,2.0,2.0,5.0,2.0,1.0,2.0,1.0,1.0,2.0,4.0,2.0,0.0
144,4.0,2.0,1.0,2.0,0.0,0.0,4.0,0.0,1.0,0.0,1.0,0.0,2.0,1.0,1.0,0.0,0.0,0.0,3.0,3.0,0.0,1.0,0.0,0.0,0.0,2.0,2.0,2.0,0.0,0.0,0.0,2.0,2.0,0.0,1.0,0.0,1.0,1.0,1.0,4.0,0.0,0.0,0.0,2.0,2.0
145,4.0,4.0,2.0,5.0,4.0,7.0,3.0,6.0,6.0,4.0,5.0,4.0,6.0,4.0,4.0,3.0,6.0,1.0,4.0,3.0,8.0,3.0,4.0,4.0,3.0,4.0,0.0,6.0,7.0,4.0,7.0,5.0,4.0,5.0,3.0,6.0,7.0,5.0,4.0,5.0,1.0,5.0,6.0,1.0,2.0
146,4.0,5.0,3.0,5.0,5.0,7.0,5.0,6.0,6.0,5.0,4.0,5.0,7.0,5.0,5.0,6.0,6.0,2.0,5.0,4.0,8.0,3.0,5.0,4.0,4.0,3.0,3.0,7.0,8.0,3.0,7.0,5.0,6.0,5.0,3.0,7.0,6.0,5.0,6.0,4.0,2.0,7.0,6.0,3.0,2.0
147,3.0,2.0,1.0,1.0,0.0,0.0,4.0,0.0,1.0,0.0,1.0,0.0,2.0,1.0,1.0,0.0,0.0,0.0,1.0,2.0,0.0,1.0,0.0,0.0,0.0,1.0,2.0,1.0,0.0,0.0,0.0,2.0,2.0,0.0,1.0,0.0,1.0,1.0,1.0,4.0,0.0,0.0,0.0,2.0,1.0
148,2.0,0.0,0.0,1.0,0.0,4.0,0.0,0.0,1.0,0.0,2.0,2.0,0.0,1.0,2.0,0.0,1.0,0.0,0.0,0.0,2.0,1.0,0.0,2.0,0.0,0.0,0.0,1.0,0.0,2.0,2.0,0.0,2.0,2.0,1.0,4.0,1.0,1.0,1.0,1.0,0.0,0.0,2.0,1.0,0.0
149,2.0,0.0,0.0,2.0,2.0,5.0,1.0,0.0,1.0,1.0,2.0,3.0,1.0,2.0,3.0,2.0,3.0,2.0,1.0,0.0,2.0,1.0,0.0,2.0,1.0,1.0,2.0,2.0,1.0,3.0,2.0,0.0,3.0,2.0,2.0,5.0,2.0,1.0,3.0,1.0,1.0,2.0,4.0,2.0,0.0
150,4.0,1.0,1.0,2.0,0.0,0.0,1.0,0.0,0.0,0.0,1.0,0.0,0.0,0.0,1.0,0.0,0.0,0.0,3.0,1.0,0.0,2.0,0.0,0.0,0.0,1.0,1.0,2.0,0.0,0.0,0.0,1.0,1.0,0.0,0.0,0.0,1.0,1.0,1.0,2.0,0.0,0.0,0.0,2.0,2.0
151,4.0,4.0,2.0,5.0,4.0,7.0,3.0,6.0,5.0,4.0,4.0,4.0,6.0,4.0,4.0,3.0,6.0,1.0,3.0,4.0,8.0,3.0,3.0,5.0,3.0,4.0,0.0,6.0,6.0,4.0,7.0,5.0,4.0,5.0,3.0,5.0,7.0,4.0,3.0,5.0,1.0,5.0,6.0,1.0,2.0
152,4.0,4.0,3.0,3.0,5.0,6.0,5.0,6.0,5.0,5.0,4.0,4.0,6.0,5.0,5.0,6.0,6.0,1.0,4.0,5.0,8.0,3.0,3.0,5.0,4.0,3.0,2.0,5.0,5.0,3.0,7.0,5.0,3.0,5.0,3.0,3.0,6.0,4.0,3.0,5.0,2.0,6.0,5.0,2.0,2.0
153,3.0,1.0,1.0,1.0,0.0,0.0,1.0,0.0,0.0,0.0,1.0,0.0,0.0,0.0,1.0,0.0,0.0,0.0,1.0,1.0,0.0,2.0,0.0,0.0,0.0,1.0,1.0,2.0,0.0,0.0,0.0,1.0,1.0,0.0,0.0,0.0,1.0,1.0,1.0,2.0,0.0,0.0,0.0,2.0,1.0
154,2.0,0.0,0.0,1.0,0.0,4.0,0.0,0.0,0.0,1.0,2.0,2.0,0.0,1.0,1.0,0.0,1.0,0.0,0.0,0.0,2.0,1.0,0.0,2.0,0.0,0.0,0.0,1.0,0.0,2.0,2.0,0.0,2.0,2.0,1.0,3.0,1.0,0.0,2.0,1.0,0.0,0.0,2.0,1.0,0.0
155,2.0,0.0,0.0,2.0,2.0,4.0,1.0,0.0,0.0,2.0,2.0,3.0,1.0,2.0,2.0,2.0,3.0,1.0,2.0,0.0,2.0,1.0,0.0,2.0,1.0,1.0,2.0,2.0,1.0,3.0,2.0,0.0,3.0,2.0,2.0,3.0,1.0,0.0,2.0,2.0,1.0,2.0,3.0,2.0,0.0
156,4.0,1.0,1.0,2.0,0.0,0.0,0.0,1.0,0.0,0.0,1.0,0.0,0.0,0.0,1.0,0.0,0.0,0.0,2.0,1.0,0.0,1.0,0.0,0.0,0.0,2.0,1.0,1.0,0.0,0.0,0.0,2.0,1.0,0.0,1.0,0.0,1.0,3.0,0.0,1.0,0.0,0.0,0.0,2.0,1.0
157,4.0,4.0,2.0,5.0,4.0,7.0,3.0,6.0,5.0,3.0,4.0,4.0,5.0,5.0,4.0,3.0,6.0,1.0,2.0,4.0,8.0,4.0,3.0,4.0,2.0,4.0,0.0,6.0,6.0,5.0,7.0,5.0,4.0,2.0,3.0,4.0,8.0,4.0,3.0,5.0,1.0,5.0,6.0,1.0,2.0
158,4.0,4.0,3.0,5.0,1.0,0.0,4.0,6.0,5.0,3.0,4.0,4.0,5.0,5.0,5.0,6.0,6.0,1.0,3.0,4.0,8.0,4.0,3.0,4.0,3.0,3.0,2.0,5.0,5.0,4.0,7.0,5.0,3.0,2.0,1.0,0.0,1.0,4.0,3.0,4.0,2.0,6.0,4.0,1.0,2.0
159,3.0,1.0,1.0,1.0,0.0,0.0,0.0,1.0,0.0,0.0,1.0,0.0,0.0,0.0,1.0,0.0,0.0,0.0,1.0,1.0,0.0,1.0,0.0,0.0,0.0,1.0,1.0,1.0,0.0,0.0,0.0,2.0,1.0,0.0,1.0,0.0,1.0,1.0,0.0,1.0,0.0,0.0,0.0,2.0,1.0
160,2.0,0.0,0.0,1.0,0.0,4.0,0.0,0.0,0.0,1.0,2.0,2.0,0.0,1.0,1.0,0.0,1.0,0.0,0.0,0.0,2.0,1.0,0.0,2.0,0.0,0.0,0.0,1.0,0.0,2.0,2.0,0.0,2.0,1.0,1.0,2.0,2.0,0.0,2.0,1.0,0.0,0.0,2.0,1.0,0.0
161,2.0,0.0,0.0,1.0,1.0,0.0,1.0,0.0,0.0,1.0,1.0,3.0,1.0,2.0,2.0,2.0,3.0,1.0,2.0,0.0,2.0,1.0,0.0,2.0,1.0,1.0,2.0,1.0,1.0,3.0,2.0,0.0,3.0,1.0,1.0,0.0,1.0,0.0,2.0,1.0,1.0,2.0,3.0,1.0,0.0
162,7.0,7.0,2.0,2.0,7.0,0.0,10.0,7.0,8.0,2.0,2.0,5.0,9.0,5.0,7.0,4.0,9.0,5.0,1.0,3.0,3.0,6.0,6.0,1.0,0.0,0.0,5.0,9.0,4.0,3.0,6.0,2.0,5.0,5.0,6.0,0.0,3.0,11.0,8.0,7.0,0.0,0.0,0.0,5.0,7.0
163,4.0,4.0,3.0,4.0,4.0,8.0,3.0,6.0,5.0,4.0,5.0,4.0,5.0,4.0,6.0,2.0,6.0,1.0,3.0,3.0,8.0,4.0,2.0,4.0,3.0,4.0,0.0,6.0,6.0,4.0,7.0,5.0,5.0,5.0,3.0,6.0,7.0,5.0,4.0,5.0,1.0,4.0,7.0,1.0,2.0
164,4.0,5.0,4.0,6.0,6.0,9.0,4.0,6.0,5.0,5.0,6.0,6.0,5.0,5.0,7.0,7.0,7.0,4.0,4.0,4.0,8.0,4.0,3.0,4.0,4.0,6.0,2.0,8.0,7.0,3.0,7.0,5.0,7.0,5.0,4.0,7.0,8.0,5.0,6.0,4.0,3.0,6.0,9.0,3.0,2.0
165,5.0,6.0,2.0,1.0,4.0,0.0,10.0,6.0,5.0,2.0,2.0,4.0,8.0,4.0,6.0,5.0,7.0,5.0,1.0,2.0,3.0,5.0,5.0,1.0,0.0,0.0,5.0,6.0,3.0,3.0,5.0,2.0,5.0,5.0,5.0,0.0,3.0,8.0,6.0,7.0,0.0,0.0,0.0,5.0,6.0
166,2.0,0.0,0.0,1.0,0.0,4.0,0.0,0.0,0.0,1.0,2.0,2.0,0.0,1.0,2.0,0.0,1.0,0.0,0.0,0.0,2.0,1.0,0.0,2.0,0.0,0.0,0.0,1.0,0.0,2.0,2.0,0.0,2.0,2.0,1.0,4.0,1.0,1.0,1.0,1.0,0.0,0.0,2.0,1.0,0.0
167,2.0,0.0,0.0,3.0,2.0,6.0,0.0,0.0,0.0,2.0,3.0,4.0,0.0,2.0,3.0,2.0,3.0,2.0,1.0,0.0,2.0,1.0,0.0,2.0,2.0,2.0,1.0,3.0,1.0,3.0,2.0,0.0,4.0,2.0,2.0,5.0,2.0,1.0,2.0,1.0,2.0,2.0,4.0,2.0,0.0
168,5.0,5.0,2.0,1.0,3.0,0.0,6.0,8.0,2.0,1.0,3.0,3.0,8.0,3.0,3.0,3.0,6.0,1.0,1.0,2.0,1.0,5.0,6.0,1.0,0.0,0.0,3.0,5.0,3.0,3.0,4.0,2.0,5.0,3.0,3.0,0.0,3.0,5.0,4.0,6.0,2.0,2.0,4.0,1.0,4.0
169,4.0,4.0,2.0,4.0,5.0,5.0,3.0,6.0,5.0,3.0,4.0,4.0,5.0,4.0,4.0,3.0,6.0,1.0,2.0,4.0,8.0,3.0,3.0,4.0,3.0,4.0,0.0,6.0,6.0,5.0,6.0,5.0,4.0,4.0,4.0,5.0,7.0,5.0,3.0,5.0,1.0,4.0,6.0,1.0,2.0
170,4.0,4.0,3.0,4.0,6.0,7.0,3.0,6.0,5.0,3.0,5.0,4.0,6.0,5.0,5.0,6.0,6.0,5.0,3.0,5.0,8.0,3.0,4.0,4.0,4.0,3.0,3.0,7.0,7.0,4.0,6.0,5.0,6.0,4.0,4.0,7.0,9.0,5.0,5.0,4.0,2.0,5.0,7.0,1.0,2.0
171,4.0,3.0,2.0,1.0,2.0,0.0,5.0,5.0,2.0,1.0,3.0,2.0,5.0,3.0,3.0,3.0,5.0,1.0,1.0,2.0,1.0,5.0,4.0,1.0,0.0,0.0,3.0,4.0,3.0,3.0,3.0,1.0,5.0,3.0,3.0,0.0,3.0,4.0,4.0,5.0,2.0,2.0,2.0,1.0,3.0
172,2.0,0.0,0.0,1.0,0.0,3.0,0.0,0.0,0.0,1.0,2.0,2.0,0.0,1.0,1.0,0.0,1.0,0.0,0.0,0.0,2.0,1.0,0.0,2.0,0.0,0.0,0.0,1.0,0.0,2.0,2.0,0.0,2.0,2.0,1.0,3.0,2.0,1.0,1.0,1.0,0.0,0.0,2.0,1.0,0.0
173,2.0,0.0,0.0,2.0,2.0,5.0,0.0,0.0,0.0,2.0,3.0,2.0,1.0,2.0,2.0,2.0,3.0,2.0,1.0,0.0,2.0,1.0,0.0,2.0,2.0,0.0,2.0,2.0,1.0,3.0,2.0,0.0,3.0,2.0,2.0,4.0,3.0,1.0,3.0,1.0,1.0,2.0,4.0,1.0,0.0
174,3.0,2.0,1.0,1.0,2.0,0.0,2.0,0.0,2.0,1.0,1.0,3.0,4.0,2.0,2.0,1.0,4.0,1.0,1.0,1.0,1.0,3.0,1.0,1.0,0.0,0.0,1.0,2.0,0.0,0.0,1.0,1.0,3.0,1.0,2.0,0.0,2.0,2.0,2.0,5.0,0.0,0.0,0.0,3.0,3.0
175,3.0,4.0,0.0,1.0,5.0,5.0,3.0,6.0,4.0,4.0,4.0,4.0,4.0,5.0,3.0,3.0,6.0,1.0,2.0,4.0,8.0,4.0,3.0,3.0,2.0,4.0,0.0,6.0,6.0,4.0,5.0,5.0,4.0,3.0,4.0,4.0,5.0,4.0,3.0,5.0,1.0,4.0,6.0,1.0,2.0
176,3.0,4.0,1.0,1.0,5.0,6.0,3.0,6.0,4.0,4.0,4.0,4.0,5.0,5.0,4.0,4.0,6.0,2.0,3.0,5.0,8.0,4.0,3.0,2.0,3.0,3.0,2.0,5.0,9.0,3.0,5.0,5.0,3.0,3.0,4.0,3.0,5.0,4.0,3.0,5.0,2.0,5.0,6.0,1.0,2.0
177,2.0,2.0,1.0,1.0,1.0,0.0,2.0,0.0,2.0,1.0,1.0,2.0,3.0,2.0,2.0,1.0,3.0,1.0,1.0,1.0,1.0,3.0,1.0,1.0,0.0,0.0,1.0,2.0,0.0,0.0,1.0,1.0,3.0,1.0,2.0,0.0,2.0,2.0,2.0,5.0,0.0,0.0,0.0,3.0,3.0
178,2.0,0.0,0.0,1.0,0.0,3.0,0.0,0.0,0.0,1.0,2.0,2.0,0.0,1.0,1.0,0.0,1.0,0.0,0.0,0.0,2.0,1.0,0.0,2.0,0.0,0.0,0.0,1.0,0.0,2.0,2.0,0.0,2.0,2.0,1.0,2.0,2.0,0.0,2.0,1.0,0.0,0.0,2.0,1.0,0.0
179,2.0,0.0,0.0,2.0,2.0,4.0,1.0,0.0,0.0,2.0,2.0,3.0,1.0,2.0,2.0,2.0,3.0,2.0,1.0,0.0,2.0,1.0,0.0,2.0,1.0,1.0,2.0,2.0,1.0,3.0,2.0,0.0,3.0,2.0,2.0,2.0,2.0,0.0,2.0,1.0,1.0,2.0,4.0,1.0,0.0
180,4.0,8.0,4.0,2.0,7.0,0.0,9.0,5.0,4.0,2.0,3.0,6.0,9.0,5.0,10.0,3.0,8.0,5.0,1.0,2.0,2.0,5.0,9.0,1.0,0.0,0.0,8.0,11.0,13.0,4.0,5.0,3.0,8.0,7.0,6.0,0.0,3.0,17.0,10.0,14.0,11.0,4.0,6.0,1.0,8.0
181,4.0,4.0,3.0,4.0,4.0,7.0,3.0,6.0,3.0,4.0,5.0,2.0,5.0,3.0,5.0,2.0,6.0,1.0,3.0,2.0,8.0,3.0,2.0,5.0,2.0,4.0,0.0,6.0,6.0,5.0,6.0,5.0,4.0,5.0,3.0,6.0,7.0,5.0,4.0,6.0,1.0,5.0,6.0,1.0,2.0
182,4.0,4.0,4.0,5.0,5.0,8.0,3.0,6.0,5.0,5.0,5.0,7.0,5.0,5.0,6.0,7.0,6.0,5.0,3.0,4.0,8.0,3.0,4.0,5.0,3.0,6.0,1.0,7.0,7.0,7.0,7.0,5.0,5.0,5.0,4.0,6.0,8.0,5.0,6.0,8.0,4.0,6.0,7.0,3.0,2.0
183,3.0,5.0,8.0,6.0,5.0,0.0,9.0,5.0,4.0,2.0,3.0,5.0,8.0,4.0,8.0,3.0,6.0,5.0,1.0,2.0,2.0,5.0,4.0,1.0,0.0,0.0,7.0,8.0,10.0,2.0,4.0,3.0,8.0,6.0,5.0,0.0,3.0,14.0,8.0,10.0,8.0,3.0,3.0,1.0,7.0
184,2.0,0.0,0.0,1.0,0.0,4.0,0.0,0.0,0.0,1.0,2.0,1.0,0.0,0.0,1.0,0.0,1.0,0.0,0.0,0.0,2.0,1.0,0.0,2.0,0.0,0.0,0.0,1.0,0.0,2.0,1.0,0.0,1.0,1.0,1.0,4.0,1.0,1.0,1.0,1.0,0.0,0.0,2.0,1.0,0.0
185,2.0,0.0,0.0,2.0,1.0,5.0,0.0,0.0,0.0,2.0,2.0,5.0,0.0,2.0,2.0,2.0,2.0,2.0,0.0,0.0,2.0,1.0,0.0,2.0,1.0,1.0,1.0,2.0,1.0,4.0,2.0,0.0,2.0,2.0,2.0,4.0,2.0,1.0,2.0,3.0,3.0,1.0,3.0,2.0,0.0
186,4.0,4.0,9.0,4.0,3.0,0.0,6.0,4.0,4.0,2.0,2.0,1.0,4.0,4.0,5.0,1.0,4.0,1.0,1.0,1.0,2.0,4.0,5.0,1.0,0.0,0.0,5.0,9.0,3.0,3.0,4.0,2.0,5.0,4.0,6.0,0.0,4.0,9.0,5.0,14.0,12.0,6.0,6.0,1.0,7.0
187,3.0,4.0,2.0,4.0,5.0,5.0,3.0,6.0,2.0,4.0,4.0,2.0,5.0,3.0,5.0,2.0,6.0,1.0,2.0,3.0,8.0,3.0,2.0,4.0,2.0,4.0,0.0,6.0,6.0,4.0,6.0,5.0,3.0,3.0,4.0,5.0,7.0,5.0,4.0,6.0,1.0,4.0,7.0,1.0,2.0
188,3.0,4.0,3.0,4.0,5.0,7.0,3.0,6.0,4.0,4.0,4.0,3.0,6.0,5.0,6.0,6.0,6.0,3.0,2.0,4.0,8.0,3.0,3.0,4.0,3.0,5.0,1.0,7.0,7.0,4.0,7.0,5.0,4.0,4.0,5.0,6.0,8.0,5.0,6.0,8.0,4.0,5.0,8.0,3.0,2.0
189,3.0,3.0,6.0,4.0,3.0,0.0,6.0,4.0,4.0,2.0,2.0,1.0,4.0,4.0,4.0,1.0,3.0,1.0,1.0,1.0,2.0,4.0,4.0,1.0,0.0,0.0,5.0,6.0,3.0,3.0,3.0,2.0,5.0,4.0,5.0,0.0,3.0,6.0,5.0,11.0,6.0,3.0,2.0,1.0,6.0
190,2.0,0.0,0.0,1.0,0.0,3.0,0.0,0.0,0.0,1.0,2.0,1.0,0.0,0.0,1.0,0.0,1.0,0.0,0.0,0.0,2.0,1.0,0.0,2.0,0.0,0.0,0.0,1.0,0.0,2.0,1.0,0.0,1.0,1.0,1.0,3.0,2.0,1.0,1.0,1.0,0.0,0.0,2.0,1.0,0.0
191,2.0,0.0,0.0,2.0,1.0,5.0,0.0,0.0,0.0,2.0,2.0,2.0,1.0,2.0,2.0,2.0,2.0,2.0,0.0,0.0,2.0,1.0,0.0,2.0,1.0,1.0,1.0,2.0,1.0,3.0,2.0,0.0,3.0,2.0,2.0,3.0,2.0,1.0,3.0,3.0,3.0,1.0,3.0,2.0,0.0
192,2.0,6.0,3.0,1.0,3.0,0.0,5.0,3.0,2.0,1.0,2.0,3.0,3.0,2.0,3.0,1.0,2.0,3.0,1.0,1.0,1.0,4.0,1.0,1.0,0.0,0.0,3.0,7.0,3.0,0.0,1.0,1.0,5.0,3.0,5.0,0.0,2.0,6.0,4.0,12.0,7.0,3.0,4.0,1.0,5.0
193,2.0,4.0,2.0,3.0,5.0,5.0,3.0,6.0,2.0,4.0,4.0,2.0,4.0,5.0,3.0,3.0,6.0,1.0,2.0,3.0,7.0,4.0,2.0,3.0,1.0,3.0,0.0,6.0,6.0,3.0,6.0,5.0,3.0,3.0,4.0,4.0,5.0,5.0,3.0,5.0,1.0,4.0,6.0,1.0,2.0
194,2.0,4.0,3.0,3.0,5.0,6.0,4.0,6.0,4.0,4.0,4.0,2.0,4.0,5.0,4.0,5.0,6.0,3.0,2.0,4.0,7.0,4.0,3.0,3.0,2.0,4.0,1.0,7.0,7.0,3.0,6.0,5.0,3.0,4.0,5.0,5.0,5.0,5.0,5.0,7.0,3.0,6.0,6.0,3.0,2.0
195,2.0,3.0,3.0,1.0,3.0,0.0,5.0,3.0,2.0,1.0,2.0,2.0,3.0,2.0,3.0,1.0,2.0,3.0,1.0,1.0,1.0,3.0,1.0,1.0,0.0,0.0,3.0,5.0,2.0,2.0,4.0,1.0,3.0,2.0,2.0,0.0,2.0,5.0,4.0,9.0,4.0,2.0,2.0,1.0,4.0
196,2.0,0.0,0.0,1.0,0.0,3.0,0.0,0.0,0.0,1.0,2.0,1.0,0.0,0.0,1.0,0.0,1.0,0.0,0.0,0.0,2.0,1.0,0.0,2.0,0.0,0.0,0.0,1.0,0.0,1.0,2.0,0.0,1.0,1.0,1.0,2.0,2.0,1.0,1.0,1.0,0.0,0.0,2.0,1.0,0.0
197,2.0,1.0,0.0,2.0,1.0,4.0,1.0,0.0,0.0,2.0,2.0,2.0,0.0,1.0,2.0,2.0,2.0,2.0,0.0,0.0,2.0,1.0,0.0,2.0,0.0,1.0,2.0,2.0,1.0,2.0,2.0,0.0,1.0,2.0,2.0,2.0,2.0,1.0,2.0,3.0,2.0,2.0,3.0,2.0,0.0
198,4.0,2.0,1.0,2.0,1.0,0.0,1.0,0.0,4.0,1.0,0.0,1.0,2.0,1.0,2.0,0.0,0.0,0.0,3.0,2.0,1.0,1.0,0.0,1.0,0.0,0.0,1.0,1.0,0.0,0.0,0.0,2.0,2.0,1.0,1.0,0.0,1.0,4.0,1.0,4.0,0.0,0.0,0.0,2.0,2.0
199,4.0,4.0,3.0,4.0,4.0,7.0,3.0,6.0,4.0,4.0,5.0,2.0,6.0,3.0,5.0,2.0,6.0,1.0,4.0,2.0,8.0,3.0,3.0,4.0,2.0,4.0,0.0,6.0,7.0,4.0,6.0,5.0,4.0,4.0,3.0,6.0,7.0,5.0,4.0,5.0,1.0,5.0,6.0,1.0,2.0
200,4.0,5.0,4.0,5.0,5.0,8.0,4.0,6.0,6.0,5.0,5.0,5.0,7.0,5.0,6.0,6.0,6.0,5.0,4.0,4.0,8.0,3.0,5.0,4.0,3.0,4.0,1.0,7.0,8.0,3.0,7.0,5.0,5.0,4.0,3.0,6.0,8.0,5.0,6.0,4.0,2.0,7.0,6.0,3.0,2.0
201,3.0,2.0,1.0,1.0,1.0,0.0,1.0,0.0,3.0,1.0,0.0,1.0,2.0,1.0,2.0,0.0,0.0,0.0,1.0,2.0,1.0,1.0,0.0,1.0,0.0,0.0,1.0,1.0,0.0,0.0,0.0,2.0,2.0,1.0,1.0,0.0,1.0,2.0,1.0,4.0,0.0,0.0,0.0,2.0,2.0
202,2.0,0.0,0.0,1.0,0.0,4.0,0.0,0.0,1.0,0.0,2.0,1.0,0.0,0.0,1.0,0.0,1.0,0.0,0.0,0.0,2.0,1.0,0.0,2.0,0.0,0.0,0.0,1.0,0.0,2.0,1.0,0.0,1.0,1.0,1.0,4.0,1.0,1.0,1.0,1.0,0.0,0.0,2.0,1.0,0.0
203,2.0,0.0,0.0,2.0,1.0,6.0,0.0,0.0,1.0,1.0,2.0,3.0,1.0,2.0,3.0,2.0,2.0,2.0,0.0,0.0,2.0,1.0,0.0,2.0,1.0,1.0,1.0,2.0,1.0,3.0,2.0,0.0,3.0,2.0,2.0,4.0,2.0,1.0,2.0,1.0,1.0,2.0,3.0,2.0,0.0
204,4.0,3.0,1.0,2.0,0.0,0.0,4.0,0.0,1.0,0.0,1.0,0.0,2.0,1.0,1.0,0.0,0.0,0.0,3.0,3.0,0.0,1.0,0.0,0.0,0.0,2.0,2.0,2.0,0.0,0.0,0.0,2.0,2.0,0.0,1.0,0.0,1.0,1.0,1.0,2.0,0.0,0.0,0.0,2.0,2.0
205,4.0,4.0,2.0,5.0,4.0,7.0,3.0,6.0,4.0,4.0,4.0,2.0,6.0,3.0,4.0,3.0,6.0,1.0,4.0,2.0,8.0,3.0,3.0,4.0,2.0,4.0,0.0,6.0,6.0,4.0,6.0,5.0,3.0,4.0,3.0,6.0,7.0,5.0,4.0,5.0,1.0,5.0,6.0,1.0,2.0
206,4.0,5.0,3.0,5.0,5.0,7.0,5.0,6.0,6.0,5.0,4.0,4.0,7.0,5.0,5.0,6.0,6.0,3.0,4.0,4.0,8.0,3.0,4.0,4.0,3.0,3.0,2.0,7.0,7.0,3.0,7.0,5.0,4.0,5.0,3.0,6.0,6.0,5.0,6.0,4.0,2.0,6.0,5.0,3.0,2.0
207,3.0,2.0,1.0,1.0,0.0,0.0,4.0,0.0,1.0,0.0,1.0,0.0,2.0,1.0,1.0,0.0,0.0,0.0,1.0,2.0,0.0,1.0,0.0,0.0,0.0,1.0,2.0,1.0,0.0,0.0,0.0,2.0,2.0,0.0,1.0,0.0,1.0,1.0,1.0,2.0,0.0,0.0,0.0,2.0,1.0
208,2.0,0.0,0.0,1.0,0.0,4.0,0.0,0.0,1.0,0.0,2.0,1.0,0.0,0.0,1.0,0.0,1.0,0.0,0.0,0.0,2.0,1.0,0.0,2.0,0.0,0.0,0.0,1.0,0.0,2.0,1.0,0.0,1.0,1.0,1.0,4.0,1.0,1.0,1.0,1.0,0.0,0.0,2.0,1.0,0.0
209,2.0,0.0,0.0,2.0,1.0,5.0,1.0,0.0,1.0,1.0,2.0,2.0,1.0,2.0,2.0,2.0,2.0,2.0,0.0,0.0,2.0,1.0,0.0,2.0,0.0,1.0,2.0,2.0,1.0,3.0,2.0,0.0,1.0,2.0,2.0,4.0,2.0,1.0,3.0,1.0,1.0,2.0,3.0,2.0,0.0
210,4.0,1.0,1.0,2.0,0.0,0.0,1.0,0.0,0.0,0.0,1.0,0.0,0.0,0.0,1.0,0.0,0.0,0.0,3.0,1.0,0.0,2.0,0.0,0.0,0.0,1.0,1.0,1.0,0.0,0.0,1.0,0.0,1.0,0.0,1.0,0.0,1.0,3.0,0.0,3.0,0.0,0.0,0.0,2.0,2.0
211,4.0,4.0,2.0,5.0,4.0,7.0,3.0,6.0,3.0,4.0,4.0,2.0,5.0,5.0,4.0,3.0,6.0,1.0,3.0,3.0,8.0,3.0,2.0,5.0,2.0,4.0,0.0,6.0,6.0,3.0,7.0,5.0,3.0,4.0,3.0,4.0,8.0,4.0,3.0,5.0,1.0,5.0,6.0,1.0,2.0
212,4.0,4.0,3.0,3.0,4.0,6.0,4.0,6.0,5.0,5.0,4.0,3.0,5.0,5.0,5.0,6.0,6.0,3.0,3.0,4.0,8.0,3.0,3.0,5.0,3.0,3.0,2.0,5.0,7.0,3.0,7.0,5.0,3.0,5.0,3.0,5.0,6.0,4.0,3.0,5.0,2.0,6.0,4.0,2.0,2.0
213,3.0,1.0,1.0,1.0,0.0,0.0,1.0,0.0,0.0,0.0,1.0,0.0,0.0,0.0,1.0,0.0,0.0,0.0,1.0,1.0,0.0,2.0,0.0,0.0,0.0,1.0,1.0,1.0,0.0,0.0,1.0,0.0,1.0,0.0,1.0,0.0,1.0,1.0,0.0,3.0,0.0,0.0,0.0,2.0,1.0
214,2.0,0.0,0.0,1.0,0.0,4.0,0.0,0.0,0.0,1.0,2.0,1.0,0.0,0.0,1.0,0.0,1.0,0.0,0.0,0.0,2.0,1.0,0.0,2.0,0.0,0.0,0.0,1.0,0.0,1.0,2.0,0.0,1.0,1.0,1.0,2.0,2.0,0.0,2.0,1.0,0.0,0.0,2.0,1.0,0.0
215,2.0,0.0,0.0,1.0,1.0,4.0,1.0,0.0,0.0,2.0,2.0,2.0,1.0,2.0,2.0,2.0,2.0,1.0,1.0,0.0,2.0,1.0,0.0,2.0,0.0,1.0,2.0,2.0,1.0,2.0,2.0,0.0,1.0,2.0,2.0,2.0,2.0,0.0,2.0,2.0,1.0,2.0,2.0,2.0,0.0
216,4.0,1.0,1.0,2.0,0.0,0.0,0.0,1.0,0.0,0.0,1.0,0.0,0.0,0.0,1.0,0.0,0.0,0.0,2.0,1.0,0.0,1.0,0.0,0.0,0.0,2.0,1.0,1.0,0.0,0.0,0.0,2.0,1.0,0.0,1.0,0.0,1.0,0.0,1.0,1.0,0.0,0.0,0.0,2.0,1.0
217,4.0,4.0,2.0,5.0,4.0,7.0,3.0,6.0,3.0,3.0,4.0,2.0,5.0,5.0,3.0,3.0,6.0,1.0,2.0,3.0,8.0,4.0,2.0,4.0,1.0,4.0,0.0,6.0,6.0,3.0,7.0,5.0,3.0,3.0,3.0,4.0,8.0,4.0,3.0,5.0,1.0,5.0,6.0,0.0,3.0
218,4.0,4.0,3.0,5.0,4.0,6.0,4.0,6.0,5.0,3.0,4.0,2.0,5.0,5.0,4.0,6.0,6.0,3.0,2.0,4.0,8.0,4.0,3.0,4.0,2.0,3.0,1.0,5.0,5.0,3.0,7.0,5.0,3.0,2.0,1.0,0.0,1.0,4.0,3.0,4.0,2.0,6.0,3.0,0.0,3.0
219,3.0,1.0,1.0,1.0,0.0,0.0,0.0,1.0,0.0,0.0,1.0,0.0,0.0,0.0,1.0,0.0,0.0,0.0,1.0,1.0,0.0,1.0,0.0,0.0,0.0,1.0,1.0,1.0,0.0,0.0,0.0,2.0,1.0,0.0,1.0,0.0,1.0,0.0,1.0,1.0,0.0,0.0,0.0,2.0,1.0
220,2.0,0.0,0.0,1.0,0.0,4.0,0.0,0.0,0.0,1.0,2.0,1.0,0.0,0.0,1.0,0.0,1.0,0.0,0.0,0.0,2.0,1.0,0.0,2.0,0.0,0.0,0.0,1.0,0.0,1.0,2.0,0.0,1.0,1.0,1.0,2.0,2.0,0.0,2.0,1.0,0.0,0.0,2.0,0.0,1.0
221,2.0,0.0,0.0,1.0,1.0,4.0,1.0,0.0,0.0,1.0,1.0,2.0,0.0,1.0,2.0,2.0,2.0,1.0,1.0,0.0,2.0,1.0,0.0,2.0,0.0,1.0,1.0,2.0,1.0,2.0,2.0,0.0,1.0,1.0,1.0,0.0,1.0,0.0,2.0,1.0,1.0,2.0,2.0,0.0,1.0
222,7.0,7.0,2.0,2.0,7.0,0.0,9.0,7.0,8.0,2.0,2.0,5.0,9.0,5.0,7.0,3.0,9.0,5.0,1.0,3.0,3.0,6.0,6.0,1.0,0.0,0.0,5.0,9.0,4.0,3.0,6.0,2.0,5.0,5.0,6.0,0.0,3.0,11.0,8.0,7.0,0.0,0.0,0.0,5.0,7.0
223,4.0,4.0,3.0,4.0,4.0,8.0,3.0,6.0,3.0,4.0,5.0,2.0,5.0,3.0,5.0,2.0,6.0,1.0,3.0,2.0,8.0,3.0,2.0,4.0,2.0,4.0,0.0,6.0,6.0,4.0,6.0,5.0,4.0,4.0,3.0,6.0,7.0,5.0,4.0,5.0,1.0,4.0,7.0,1.0,2.0
224,4.0,5.0,4.0,6.0,5.0,9.0,3.0,6.0,5.0,5.0,5.0,6.0,5.0,5.0,7.0,7.0,7.0,4.0,3.0,4.0,8.0,4.0,3.0,4.0,3.0,5.0,1.0,7.0,7.0,4.0,7.0,5.0,5.0,5.0,4.0,6.0,8.0,5.0,6.0,4.0,3.0,6.0,8.0,3.0,2.0
225,5.0,6.0,2.0,1.0,4.0,0.0,10.0,6.0,5.0,2.0,2.0,4.0,8.0,4.0,6.0,3.0,7.0,5.0,1.0,2.0,3.0,5.0,5.0,1.0,0.0,0.0,5.0,6.0,3.0,3.0,5.0,2.0,5.0,5.0,5.0,0.0,3.0,8.0,6.0,7.0,0.0,0.0,0.0,5.0,6.0
226,2.0,0.0,0.0,1.0,0.0,4.0,0.0,0.0,0.0,1.0,2.0,1.0,0.0,0.0,1.0,0.0,1.0,0.0,0.0,0.0,2.0,1.0,0.0,2.0,0.0,0.0,0.0,1.0,0.0,2.0,1.0,0.0,1.0,1.0,1.0,4.0,1.0,1.0,1.0,1.0,0.0,0.0,2.0,1.0,0.0
227,2.0,0.0,0.0,3.0,1.0,6.0,0.0,0.0,0.0,2.0,2.0,4.0,0.0,2.0,3.0,2.0,2.0,2.0,0.0,0.0,2.0,1.0,0.0,2.0,1.0,1.0,1.0,2.0,1.0,3.0,2.0,0.0,2.0,2.0,2.0,4.0,2.0,1.0,2.0,1.0,2.0,2.0,3.0,2.0,0.0
228,5.0,5.0,2.0,1.0,3.0,0.0,6.0,8.0,2.0,1.0,3.0,3.0,8.0,3.0,3.0,2.0,6.0,1.0,1.0,2.0,1.0,5.0,6.0,1.0,0.0,0.0,3.0,5.0,3.0,2.0,5.0,2.0,5.0,3.0,3.0,0.0,2.0,6.0,4.0,6.0,2.0,2.0,4.0,1.0,4.0
229,4.0,4.0,2.0,4.0,5.0,5.0,3.0,6.0,3.0,3.0,4.0,2.0,5.0,3.0,4.0,3.0,6.0,1.0,2.0,3.0,8.0,3.0,2.0,4.0,2.0,4.0,0.0,6.0,6.0,3.0,6.0,5.0,3.0,3.0,4.0,5.0,7.0,5.0,3.0,5.0,1.0,4.0,6.0,1.0,2.0
230,4.0,4.0,3.0,4.0,5.0,7.0,3.0,6.0,5.0,3.0,4.0,4.0,6.0,5.0,5.0,6.0,6.0,5.0,2.0,5.0,8.0,3.0,3.0,4.0,3.0,3.0,2.0,7.0,7.0,3.0,6.0,5.0,4.0,4.0,4.0,6.0,8.0,5.0,5.0,4.0,2.0,5.0,6.0,1.0,2.0
231,4.0,3.0,2.0,1.0,2.0,0.0,5.0,5.0,2.0,1.0,3.0,2.0,5.0,3.0,3.0,2.0,5.0,1.0,1.0,2.0,1.0,5.0,4.0,1.0,0.0,0.0,3.0,4.0,3.0,2.0,4.0,1.0,5.0,3.0,3.0,0.0,2.0,5.0,4.0,5.0,2.0,2.0,2.0,1.0,3.0
232,2.0,0.0,0.0,1.0,0.0,3.0,0.0,0.0,0.0,1.0,2.0,1.0,0.0,0.0,1.0,0.0,1.0,0.0,0.0,0.0,2.0,1.0,0.0,2.0,0.0,0.0,0.0,1.0,0.0,1.0,2.0,0.0,1.0,1.0,1.0,3.0,2.0,1.0,1.0,1.0,0.0,0.0,2.0,1.0,0.0
233,2.0,0.0,0.0,2.0,1.0,5.0,0.0,0.0,0.0,2.0,2.0,2.0,1.0,2.0,2.0,2.0,2.0,2.0,0.0,0.0,2.0,1.0,0.0,2.0,1.0,0.0,2.0,2.0,1.0,2.0,2.0,0.0,1.0,2.0,2.0,3.0,2.0,1.0,3.0,1.0,1.0,2.0,3.0,1.0,0.0
234,3.0,2.0,1.0,1.0,2.0,0.0,2.0,0.0,2.0,1.0,1.0,3.0,4.0,2.0,2.0,1.0,4.0,1.0,1.0,1.0,1.0,3.0,1.0,1.0,0.0,0.0,1.0,2.0,0.0,0.0,1.0,1.0,3.0,1.0,2.0,0.0,2.0,2.0,2.0,5.0,0.0,0.0,0.0,3.0,3.0
235,3.0,4.0,0.0,1.0,5.0,5.0,3.0,6.0,2.0,4.0,4.0,2.0,4.0,5.0,3.0,3.0,6.0,1.0,2.0,3.0,8.0,4.0,2.0,3.0,1.0,4.0,0.0,6.0,6.0,3.0,5.0,5.0,3.0,2.0,4.0,4.0,5.0,4.0,3.0,5.0,1.0,4.0,6.0,1.0,2.0
236,3.0,4.0,1.0,1.0,5.0,6.0,3.0,6.0,4.0,4.0,4.0,3.0,5.0,5.0,4.0,4.0,6.0,3.0,2.0,5.0,8.0,4.0,3.0,2.0,3.0,3.0,2.0,5.0,8.0,3.0,5.0,5.0,3.0,3.0,4.0,5.0,5.0,4.0,3.0,5.0,2.0,5.0,5.0,1.0,2.0
237,2.0,2.0,1.0,1.0,1.0,0.0,2.0,0.0,2.0,1.0,1.0,2.0,3.0,2.0,2.0,1.0,3.0,1.0,1.0,1.0,1.0,3.0,1.0,1.0,0.0,0.0,1.0,2.0,0.0,0.0,1.0,1.0,3.0,1.0,2.0,0.0,2.0,2.0,2.0,5.0,0.0,0.0,0.0,3.0,3.0
238,2.0,0.0,0.0,1.0,0.0,3.0,0.0,0.0,0.0,1.0,2.0,1.0,0.0,0.0,1.0,0.0,1.0,0.0,0.0,0.0,2.0,1.0,0.0,2.0,0.0,0.0,0.0,1.0,0.0,1.0,2.0,0.0,1.0,1.0,1.0,2.0,2.0,0.0,2.0,1.0,0.0,0.0,2.0,1.0,0.0
239,2.0,0.0,0.0,2.0,1.0,4.0,1.0,0.0,0.0,2.0,2.0,2.0,1.0,2.0,2.0,2.0,2.0,2.0,0.0,0.0,2.0,1.0,0.0,2.0,0.0,1.0,2.0,2.0,1.0,2.0,2.0,0.0,1.0,2.0,2.0,2.0,2.0,0.0,2.0,1.0,1.0,2.0,3.0,1.0,0.0
240,7.0,16.0,20.0,15.0,17.0,19.0,14.0,15.0,16.0,10.0,12.0,17.0,17.0,14.0,19.0,17.0,16.0,18.0,13.0,16.0,15.0,16.0,15.0,17.0,17.0,10.0,15.0,21.0,19.0,16.0,17.0,18.0,17.0,20.0,19.0,17.0,19.0,20.0,19.0,19.0,19.0,19.0,18.0,19.0,9.0
241,7.0,16.0,19.0,15.0,17.0,19.0,14.0,15.0,16.0,10.0,12.0,17.0,17.0,14.0,19.0,17.0,16.0,18.0,13.0,16.0,15.0,16.0,15.0,16.0,17.0,10.0,14.0,21.0,19.0,16.0,17.0,18.0,17.0,20.0,19.0,16.0,19.0,20.0,19.0,19.0,18.0,19.0,18.0,19.0,9.0
242,7.0,16.0,20.0,15.0,17.0,19.0,14.0,15.0,16.0,10.0,12.0,17.0,17.0,14.0,19.0,17.0,16.0,18.0,13.0,16.0,15.0,16.0,15.0,17.0,17.0,10.0,15.0,21.0,19.0,16.0,17.0,18.0,17.0,20.0,19.0,17.0,19.0,20.0,19.0,19.0,19.0,19.0,18.0,19.0,9.0
243,5.0,10.0,12.0,11.0,13.0,16.0,12.0,14.0,13.0,7.0,11.0,15.0,12.0,10.0,13.0,13.0,12.0,14.0,11.0,13.0,11.0,11.0,12.0,15.0,12.0,8.0,11.0,14.0,14.0,12.0,12.0,12.0,14.0,15.0,15.0,13.0,13.0,15.0,14.0,14.0,16.0,13.0,14.0,16.0,7.0
244,5.0,10.0,11.0,11.0,13.0,16.0,12.0,14.0,13.0,7.0,11.0,15.0,12.0,10.0,13.0,13.0,12.0,14.0,11.0,13.0,11.0,11.0,12.0,14.0,12.0,8.0,11.0,14.0,14.0,12.0,12.0,12.0,14.0,15.0,15.0,12.0,13.0,15.0,14.0,14.0,16.0,13.0,14.0,16.0,7.0
245,5.0,10.0,12.0,11.0,13.0,16.0,12.0,14.0,13.0,7.0,11.0,15.0,12.0,10.0,13.0,13.0,12.0,14.0,11.0,13.0,11.0,11.0,12.0,15.0,12.0,8.0,11.0,14.0,14.0,12.0,12.0,12.0,14.0,15.0,15.0,13.0,13.0,15.0,14.0,14.0,16.0,13.0,14.0,16.0,7.0
246,4.0,12.0,15.0,12.0,12.0,18.0,14.0,12.0,12.0,9.0,8.0,13.0,13.0,14.0,17.0,17.0,14.0,13.0,7.0,8.0,11.0,11.0,12.0,13.0,15.0,10.0,14.0,17.0,16.0,7.0,14.0,18.0,14.0,13.0,18.0,9.0,17.0,16.0,19.0,18.0,18.0,17.0,19.0,18.0,9.0
247,4.0,12.0,14.0,12.0,12.0,18.0,14.0,12.0,12.0,9.0,8.0,13.0,13.0,14.0,17.0,17.0,14.0,13.0,7.0,8.0,11.0,11.0,12.0,12.0,15.0,10.0,13.0,17.0,16.0,6.0,14.0,18.0,14.0,13.0,18.0,14.0,18.0,16.0,18.0,18.0,19.0,17.0,19.0,18.0,9.0
248,4.0,12.0,15.0,12.0,12.0,18.0,14.0,12.0,12.0,9.0,8.0,13.0,13.0,14.0,17.0,17.0,14.0,13.0,7.0,8.0,11.0,11.0,12.0,13.0,15.0,10.0,14.0,17.0,16.0,7.0,14.0,18.0,14.0,13.0,18.0,9.0,17.0,16.0,19.0,18.0,18.0,17.0,19.0,18.0,9.0
249,3.0,7.0,11.0,9.0,10.0,15.0,12.0,12.0,13.0,6.0,10.0,12.0,9.0,10.0,11.0,13.0,11.0,10.0,10.0,8.0,12.0,7.0,10.0,11.0,12.0,7.0,9.0,11.0,12.0,5.0,10.0,12.0,13.0,13.0,15.0,7.0,11.0,11.0,14.0,13.0,17.0,12.0,14.0,15.0,7.0
250,3.0,7.0,10.0,9.0,10.0,15.0,12.0,12.0,13.0,6.0,10.0,12.0,9.0,10.0,11.0,13.0,11.0,10.0,10.0,8.0,12.0,7.0,10.0,10.0,12.0,7.0,9.0,11.0,12.0,4.0,10.0,12.0,13.0,13.0,15.0,10.0,12.0,11.0,13.0,13.0,17.0,12.0,14.0,15.0,7.0
251,3.0,7.0,11.0,9.0,10.0,15.0,12.0,12.0,13.0,6.0,10.0,12.0,9.0,10.0,11.0,13.0,11.0,10.0,10.0,8.0,12.0,7.0,10.0,11.0,12.0,7.0,9.0,11.0,12.0,5.0,10.0,12.0,13.0,13.0,15.0,7.0,11.0,11.0,14.0,13.0,17.0,12.0,14.0,15.0,7.0
252,2.0,6.0,13.0,9.0,12.0,8.0,9.0,10.0,10.0,7.0,8.0,10.0,5.0,14.0,12.0,5.0,12.0,13.0,9.0,5.0,8.0,9.0,9.0,5.0,11.0,11.0,12.0,16.0,16.0,5.0,13.0,15.0,13.0,8.0,11.0,5.0,11.0,13.0,12.0,18.0,15.0,15.0,14.0,13.0,9.0
253,2.0,6.0,13.0,9.0,12.0,8.0,9.0,10.0,10.0,7.0,8.0,10.0,5.0,14.0,12.0,14.0,13.0,13.0,9.0,5.0,8.0,9.0,9.0,10.0,9.0,11.0,11.0,16.0,16.0,7.0,13.0,15.0,13.0,8.0,11.0,6.0,7.0,13.0,12.0,18.0,16.0,15.0,14.0,13.0,9.0
254,2.0,6.0,13.0,9.0,12.0,8.0,9.0,10.0,10.0,7.0,8.0,10.0,5.0,14.0,12.0,5.0,12.0,13.0,9.0,5.0,8.0,9.0,9.0,5.0,11.0,11.0,12.0,16.0,16.0,5.0,13.0,15.0,13.0,8.0,11.0,5.0,11.0,13.0,12.0,18.0,15.0,15.0,14.0,13.0,9.0
255,2.0,6.0,8.0,7.0,9.0,8.0,6.0,9.0,9.0,5.0,8.0,9.0,4.0,10.0,10.0,11.0,9.0,10.0,8.0,4.0,9.0,5.0,7.0,8.0,11.0,6.0,9.0,11.0,9.0,3.0,9.0,10.0,12.0,11.0,10.0,4.0,9.0,8.0,8.0,14.0,14.0,11.0,11.0,12.0,7.0
256,2.0,7.0,10.0,8.0,9.0,8.0,6.0,9.0,9.0,5.0,8.0,9.0,4.0,10.0,10.0,11.0,9.0,10.0,8.0,4.0,9.0,5.0,7.0,8.0,11.0,6.0,9.0,11.0,9.0,5.0,9.0,10.0,12.0,11.0,10.0,7.0,8.0,8.0,8.0,14.0,14.0,11.0,11.0,12.0,7.0
257,2.0,6.0,8.0,7.0,9.0,8.0,6.0,9.0,9.0,5.0,8.0,9.0,4.0,10.0,10.0,11.0,9.0,10.0,8.0,4.0,9.0,5.0,7.0,8.0,11.0,6.0,9.0,11.0,9.0,3.0,9.0,10.0,12.0,11.0,10.0,4.0,9.0,8.0,8.0,14.0,14.0,11.0,11.0,12.0,7.0
258,7.0,16.0,20.0,15.0,21.0,21.0,17.0,21.0,18.0,12.0,16.0,21.0,19.0,15.0,23.0,19.0,21.0,18.0,17.0,20.0,21.0,17.0,16.0,16.0,19.0,14.0,16.0,19.0,20.0,5.0,18.0,18.0,21.0,21.0,19.0,10.0,19.0,20.0,19.0,18.0,17.0,18.0,18.0,21.0,9.0
259,7.0,16.0,19.0,15.0,21.0,21.0,17.0,21.0,18.0,12.0,16.0,21.0,19.0,15.0,23.0,19.0,21.0,18.0,17.0,20.0,21.0,17.0,16.0,15.0,19.0,14.0,15.0,19.0,20.0,8.0,18.0,18.0,21.0,21.0,19.0,17.0,19.0,20.0,19.0,18.0,18.0,18.0,18.0,21.0,9.0
260,7.0,16.0,20.0,15.0,21.0,21.0,17.0,21.0,18.0,12.0,16.0,21.0,19.0,15.0,23.0,19.0,21.0,18.0,17.0,20.0,21.0,17.0,16.0,16.0,19.0,14.0,16.0,19.0,20.0,5.0,18.0,18.0,21.0,21.0,19.0,10.0,19.0,20.0,19.0,18.0,17.0,18.0,18.0,21.0,9.0
261,5.0,10.0,13.0,12.0,15.0,18.0,13.0,16.0,15.0,8.0,13.0,18.0,13.0,10.0,16.0,14.0,15.0,15.0,11.0,16.0,14.0,12.0,12.0,14.0,12.0,10.0,12.0,13.0,14.0,3.0,12.0,12.0,17.0,17.0,15.0,7.0,13.0,15.0,14.0,14.0,16.0,12.0,14.0,18.0,7.0
262,5.0,10.0,12.0,12.0,15.0,18.0,13.0,16.0,15.0,8.0,13.0,18.0,13.0,10.0,16.0,14.0,15.0,15.0,11.0,16.0,14.0,12.0,12.0,13.0,12.0,10.0,12.0,13.0,14.0,6.0,12.0,12.0,17.0,17.0,15.0,12.0,13.0,15.0,14.0,14.0,16.0,12.0,14.0,18.0,7.0
263,5.0,10.0,13.0,12.0,15.0,18.0,13.0,16.0,15.0,8.0,13.0,18.0,13.0,10.0,16.0,14.0,15.0,15.0,11.0,16.0,14.0,12.0,12.0,14.0,12.0,10.0,12.0,13.0,14.0,3.0,12.0,12.0,17.0,17.0,15.0,7.0,13.0,15.0,14.0,14.0,16.0,12.0,14.0,18.0,7.0
264,7.0,16.0,17.0,16.0,18.0,21.0,14.0,19.0,17.0,11.0,15.0,21.0,14.0,15.0,22.0,19.0,21.0,18.0,15.0,20.0,20.0,17.0,16.0,11.0,19.0,14.0,15.0,18.0,15.0,4.0,17.0,18.0,19.0,15.0,12.0,7.0,19.0,18.0,20.0,11.0,13.0,18.0,18.0,20.0,9.0
265,7.0,16.0,17.0,16.0,18.0,21.0,14.0,19.0,17.0,11.0,15.0,21.0,14.0,15.0,22.0,19.0,21.0,18.0,15.0,20.0,20.0,17.0,16.0,15.0,19.0,14.0,14.0,18.0,15.0,7.0,17.0,18.0,19.0,15.0,12.0,14.0,19.0,18.0,20.0,11.0,13.0,18.0,18.0,20.0,9.0
266,7.0,16.0,17.0,16.0,18.0,21.0,14.0,19.0,17.0,11.0,15.0,21.0,14.0,15.0,22.0,19.0,21.0,18.0,15.0,20.0,20.0,17.0,16.0,11.0,19.0,14.0,15.0,18.0,15.0,4.0,17.0,18.0,19.0,15.0,12.0,7.0,19.0,18.0,20.0,11.0,13.0,18.0,18.0,20.0,9.0
267,5.0,9.0,11.0,12.0,14.0,18.0,12.0,16.0,15.0,7.0,12.0,18.0,10.0,10.0,15.0,14.0,15.0,15.0,11.0,16.0,14.0,12.0,12.0,10.0,12.0,10.0,11.0,12.0,12.0,2.0,12.0,12.0,17.0,15.0,11.0,5.0,13.0,13.0,15.0,12.0,11.0,12.0,14.0,17.0,7.0
268,5.0,9.0,11.0,12.0,14.0,18.0,12.0,16.0,15.0,7.0,12.0,18.0,10.0,10.0,15.0,14.0,15.0,15.0,11.0,16.0,14.0,12.0,12.0,13.0,12.0,10.0,11.0,12.0,12.0,5.0,12.0,12.0,17.0,15.0,11.0,10.0,13.0,13.0,15.0,12.0,11.0,12.0,14.0,17.0,7.0
269,5.0,9.0,11.0,12.0,14.0,18.0,12.0,16.0,15.0,7.0,12.0,18.0,10.0,10.0,15.0,14.0,15.0,15.0,11.0,16.0,14.0,12.0,12.0,10.0,12.0,10.0,11.0,12.0,12.0,2.0,12.0,12.0,17.0,15.0,11.0,5.0,13.0,13.0,15.0,12.0,11.0,12.0,14.0,17.0,7.0
270,7.0,12.0,10.0,12.0,15.0,20.0,14.0,14.0,16.0,10.0,13.0,18.0,12.0,14.0,20.0,18.0,18.0,18.0,14.0,19.0,17.0,13.0,15.0,15.0,17.0,9.0,16.0,17.0,14.0,3.0,15.0,18.0,17.0,14.0,10.0,7.0,14.0,17.0,17.0,10.0,9.0,14.0,17.0,18.0,8.0
271,7.0,12.0,13.0,14.0,15.0,20.0,14.0,14.0,16.0,10.0,13.0,18.0,12.0,14.0,20.0,18.0,18.0,18.0,14.0,19.0,17.0,13.0,15.0,15.0,17.0,9.0,15.0,17.0,14.0,6.0,15.0,18.0,17.0,14.0,10.0,14.0,13.0,17.0,17.0,10.0,9.0,14.0,17.0,18.0,8.0
272,7.0,12.0,10.0,12.0,15.0,20.0,14.0,14.0,16.0,10.0,13.0,18.0,12.0,14.0,20.0,18.0,18.0,18.0,14.0,19.0,17.0,13.0,15.0,15.0,17.0,9.0,16.0,17.0,14.0,3.0,15.0,18.0,17.0,14.0,10.0,7.0,14.0,17.0,17.0,10.0,9.0,14.0,17.0,18.0,8.0
273,5.0,8.0,7.0,9.0,13.0,17.0,12.0,14.0,14.0,6.0,10.0,16.0,9.0,10.0,15.0,14.0,13.0,15.0,12.0,16.0,11.0,9.0,12.0,13.0,12.0,6.0,12.0,11.0,10.0,3.0,10.0,12.0,15.0,14.0,10.0,5.0,11.0,12.0,12.0,11.0,7.0,11.0,13.0,15.0,6.0
274,5.0,8.0,10.0,10.0,13.0,17.0,12.0,14.0,14.0,6.0,10.0,16.0,9.0,10.0,15.0,14.0,13.0,15.0,12.0,16.0,11.0,9.0,12.0,13.0,12.0,6.0,12.0,11.0,10.0,6.0,10.0,12.0,15.0,14.0,10.0,10.0,11.0,12.0,12.0,11.0,7.0,11.0,13.0,15.0,6.0
275,5.0,8.0,7.0,9.0,13.0,17.0,12.0,14.0,14.0,6.0,10.0,16.0,9.0,10.0,15.0,14.0,13.0,15.0,12.0,16.0,11.0,9.0,12.0,13.0,12.0,6.0,12.0,11.0,10.0,3.0,10.0,12.0,15.0,14.0,10.0,5.0,11.0,12.0,12.0,11.0,7.0,11.0,13.0,15.0,6.0
276,7.0,16.0,11.0,9.0,15.0,17.0,8.0,14.0,13.0,8.0,11.0,15.0,13.0,14.0,16.0,17.0,17.0,17.0,12.0,10.0,16.0,5.0,13.0,15.0,17.0,7.0,14.0,10.0,15.0,3.0,17.0,18.0,15.0,9.0,10.0,5.0,14.0,16.0,13.0,13.0,7.0,11.0,16.0,13.0,7.0
277,7.0,16.0,12.0,13.0,15.0,17.0,8.0,14.0,13.0,8.0,11.0,15.0,13.0,14.0,16.0,17.0,17.0,17.0,12.0,10.0,16.0,10.0,13.0,15.0,17.0,7.0,13.0,10.0,15.0,5.0,17.0,18.0,15.0,9.0,10.0,10.0,15.0,16.0,13.0,13.0,9.0,10.0,16.0,13.0,7.0
278,7.0,16.0,11.0,9.0,15.0,17.0,8.0,14.0,13.0,8.0,11.0,15.0,13.0,14.0,16.0,17.0,17.0,17.0,12.0,10.0,16.0,5.0,13.0,15.0,17.0,7.0,14.0,10.0,15.0,3.0,17.0,18.0,15.0,9.0,10.0,5.0,14.0,16.0,13.0,13.0,7.0,11.0,16.0,13.0,7.0
279,5.0,8.0,8.0,7.0,12.0,13.0,11.0,14.0,13.0,5.0,10.0,14.0,9.0,10.0,12.0,13.0,11.0,14.0,11.0,9.0,11.0,4.0,10.0,13.0,12.0,6.0,10.0,7.0,10.0,3.0,12.0,12.0,13.0,13.0,9.0,4.0,12.0,10.0,9.0,9.0,7.0,7.0,13.0,12.0,6.0
280,5.0,7.0,10.0,9.0,12.0,13.0,11.0,14.0,13.0,5.0,10.0,14.0,9.0,10.0,12.0,13.0,11.0,14.0,11.0,9.0,11.0,7.0,10.0,13.0,12.0,6.0,10.0,7.0,10.0,5.0,12.0,12.0,13.0,13.0,9.0,7.0,13.0,10.0,9.0,9.0,7.0,7.0,13.0,12.0,6.0
281,5.0,8.0,8.0,7.0,12.0,13.0,11.0,14.0,13.0,5.0,10.0,14.0,9.0,10.0,12.0,13.0,11.0,14.0,11.0,9.0,11.0,4.0,10.0,13.0,12.0,6.0,10.0,7.0,10.0,3.0,12.0,12.0,13.0,13.0,9.0,4.0,12.0,10.0,9.0,9.0,7.0,7.0,13.0,12.0,6.0
282,7.0,16.0,18.0,13.0,17.0,20.0,12.0,19.0,17.0,9.0,11.0,19.0,16.0,14.0,21.0,17.0,19.0,17.0,14.0,19.0,17.0,13.0,15.0,14.0,17.0,14.0,15.0,18.0,14.0,8.0,16.0,18.0,16.0,18.0,15.0,15.0,19.0,17.0,17.0,11.0,17.0,15.0,19.0,14.0,9.0
283,7.0,16.0,17.0,13.0,17.0,20.0,12.0,19.0,17.0,9.0,11.0,19.0,16.0,14.0,21.0,17.0,19.0,17.0,14.0,19.0,17.0,13.0,15.0,13.0,17.0,14.0,14.0,18.0,14.0,8.0,16.0,18.0,16.0,18.0,15.0,14.0,19.0,17.0,17.0,11.0,17.0,15.0,19.0,14.0,9.0
284,7.0,16.0,18.0,13.0,17.0,20.0,12.0,19.0,17.0,9.0,11.0,19.0,16.0,14.0,21.0,17.0,19.0,17.0,14.0,19.0,17.0,13.0,15.0,14.0,17.0,14.0,15.0,18.0,14.0,8.0,16.0,18.0,16.0,18.0,15.0,15.0,19.0,17.0,17.0,11.0,17.0,15.0,19.0,14.0,9.0
285,5.0,10.0,12.0,10.0,13.0,17.0,11.0,16.0,13.0,7.0,11.0,16.0,11.0,10.0,14.0,13.0,14.0,14.0,12.0,16.0,11.0,9.0,12.0,14.0,12.0,10.0,11.0,12.0,11.0,6.0,12.0,12.0,13.0,14.0,12.0,11.0,13.0,12.0,12.0,12.0,15.0,11.0,14.0,13.0,7.0
286,5.0,10.0,11.0,10.0,13.0,17.0,11.0,16.0,13.0,7.0,11.0,16.0,11.0,10.0,14.0,13.0,14.0,14.0,12.0,16.0,11.0,9.0,12.0,13.0,12.0,10.0,11.0,12.0,11.0,6.0,12.0,12.0,13.0,14.0,12.0,10.0,13.0,12.0,12.0,12.0,15.0,11.0,14.0,13.0,7.0
287,5.0,10.0,12.0,10.0,13.0,17.0,11.0,16.0,13.0,7.0,11.0,16.0,11.0,10.0,14.0,13.0,14.0,14.0,12.0,16.0,11.0,9.0,12.0,14.0,12.0,10.0,11.0,12.0,11.0,6.0,12.0,12.0,13.0,14.0,12.0,11.0,13.0,12.0,12.0,12.0,15.0,11.0,14.0,13.0,7.0
288,6.0,12.0,14.0,13.0,12.0,18.0,14.0,13.0,14.0,7.0,8.0,15.0,14.0,14.0,15.0,6.0,13.0,18.0,13.0,16.0,16.0,12.0,14.0,13.0,15.0,7.0,15.0,14.0,19.0,5.0,13.0,19.0,13.0,11.0,9.0,5.0,14.0,14.0,13.0,12.0,5.0,11.0,14.0,11.0,8.0
289,6.0,12.0,12.0,14.0,12.0,18.0,14.0,13.0,14.0,7.0,8.0,15.0,14.0,14.0,15.0,15.0,15.0,18.0,13.0,16.0,16.0,12.0,14.0,12.0,15.0,7.0,14.0,14.0,19.0,7.0,13.0,19.0,13.0,11.0,9.0,7.0,15.0,14.0,13.0,12.0,5.0,11.0,14.0,11.0,8.0
290,6.0,12.0,14.0,13.0,12.0,18.0,14.0,13.0,14.0,7.0,8.0,15.0,14.0,14.0,15.0,6.0,13.0,18.0,13.0,16.0,16.0,12.0,14.0,13.0,15.0,7.0,15.0,14.0,19.0,5.0,13.0,19.0,13.0,11.0,9.0,5.0,14.0,14.0,13.0,12.0,5.0,11.0,14.0,11.0,8.0
291,4.0,8.0,10.0,10.0,10.0,15.0,12.0,14.0,13.0,4.0,8.0,13.0,9.0,10.0,11.0,13.0,12.0,14.0,12.0,13.0,10.0,8.0,11.0,13.0,12.0,6.0,11.0,9.0,13.0,4.0,9.0,13.0,12.0,12.0,9.0,4.0,11.0,9.0,10.0,12.0,6.0,11.0,11.0,11.0,6.0
292,4.0,8.0,10.0,10.0,10.0,15.0,12.0,14.0,13.0,4.0,8.0,13.0,9.0,10.0,11.0,13.0,12.0,14.0,12.0,13.0,10.0,8.0,11.0,12.0,12.0,6.0,11.0,9.0,13.0,6.0,9.0,13.0,12.0,12.0,9.0,7.0,12.0,9.0,10.0,12.0,6.0,11.0,11.0,11.0,6.0
293,4.0,8.0,10.0,10.0,10.0,15.0,12.0,14.0,13.0,4.0,8.0,13.0,9.0,10.0,11.0,13.0,12.0,14.0,12.0,13.0,10.0,8.0,11.0,13.0,12.0,6.0,11.0,9.0,13.0,4.0,9.0,13.0,12.0,12.0,9.0,4.0,11.0,9.0,10.0,12.0,6.0,11.0,11.0,11.0,6.0
294,3.0,10.0,3.0,3.0,11.0,7.0,9.0,13.0,12.0,6.0,8.0,10.0,10.0,14.0,12.0,5.0,12.0,15.0,7.0,12.0,14.0,9.0,12.0,10.0,12.0,7.0,7.0,9.0,13.0,2.0,14.0,12.0,12.0,4.0,5.0,6.0,7.0,11.0,3.0,8.0,3.0,9.0,14.0,11.0,3.0
295,3.0,10.0,11.0,7.0,10.0,7.0,9.0,13.0,12.0,6.0,8.0,10.0,9.0,14.0,12.0,14.0,13.0,15.0,7.0,12.0,14.0,9.0,12.0,10.0,12.0,7.0,6.0,9.0,13.0,4.0,14.0,12.0,12.0,4.0,5.0,6.0,7.0,11.0,3.0,8.0,4.0,8.0,14.0,11.0,3.0
296,3.0,10.0,3.0,3.0,11.0,7.0,9.0,13.0,12.0,6.0,8.0,10.0,10.0,14.0,12.0,5.0,12.0,15.0,7.0,12.0,14.0,9.0,12.0,10.0,12.0,7.0,7.0,9.0,13.0,2.0,14.0,12.0,12.0,4.0,5.0,6.0,7.0,11.0,3.0,8.0,3.0,9.0,14.0,11.0,3.0
297,2.0,7.0,5.0,4.0,9.0,7.0,8.0,13.0,13.0,4.0,8.0,9.0,7.0,10.0,9.0,11.0,9.0,11.0,11.0,11.0,12.0,5.0,10.0,10.0,12.0,6.0,7.0,7.0,8.0,2.0,9.0,8.0,11.0,8.0,8.0,7.0,7.0,7.0,3.0,9.0,5.0,5.0,12.0,11.0,3.0
298,2.0,6.0,6.0,6.0,9.0,7.0,8.0,13.0,13.0,4.0,8.0,9.0,6.0,10.0,9.0,11.0,9.0,11.0,11.0,11.0,12.0,5.0,10.0,10.0,12.0,6.0,6.0,7.0,8.0,4.0,9.0,8.0,11.0,8.0,8.0,7.0,7.0,7.0,3.0,9.0,5.0,5.0,12.0,11.0,3.0
299,2.0,7.0,5.0,4.0,9.0,7.0,8.0,13.0,13.0,4.0,8.0,9.0,7.0,10.0,9.0,11.0,9.0,11.0,11.0,11.0,12.0,5.0,10.0,10.0,12.0,6.0,7.0,7.0,8.0,2.0,9.0,8.0,11.0,8.0,8.0,7.0,7.0,7.0,3.0,9.0,5.0,5.0,12.0,11.0,3.0
300,7.0,16.0,20.0,15.0,17.0,19.0,14.0,15.0,16.0,10.0,12.0,17.0,17.0,14.0,19.0,17.0,16.0,18.0,13.0,16.0,15.0,16.0,15.0,17.0,17.0,10.0,15.0,21.0,19.0,16.0,17.0,18.0,17.0,20.0,19.0,17.0,19.0,20.0,19.0,19.0,19.0,19.0,18.0,19.0,9.0
301,7.0,16.0,19.0,15.0,17.0,19.0,14.0,15.0,16.0,10.0,12.0,17.0,17.0,14.0,19.0,17.0,16.0,18.0,13.0,16.0,15.0,16.0,15.0,16.0,17.0,10.0,14.0,21.0,19.0,16.0,17.0,18.0,17.0,20.0,19.0,16.0,19.0,20.0,19.0,19.0,18.0,19.0,18.0,19.0,9.0
302,7.0,16.0,20.0,15.0,17.0,19.0,14.0,15.0,16.0,10.0,12.0,17.0,17.0,14.0,19.0,17.0,16.0,18.0,13.0,16.0,15.0,16.0,15.0,17.0,17.0,10.0,15.0,21.0,19.0,16.0,17.0,18.0,17.0,20.0,19.0,17.0,19.0,20.0,19.0,19.0,19.0,19.0,18.0,19.0,9.0
303,5.0,10.0,12.0,11.0,13.0,16.0,12.0,14.0,13.0,7.0,11.0,15.0,12.0,10.0,13.0,13.0,12.0,14.0,11.0,13.0,11.0,11.0,12.0,15.0,12.0,8.0,11.0,14.0,14.0,12.0,12.0,12.0,14.0,15.0,15.0,13.0,13.0,15.0,14.0,14.0,16.0,13.0,14.0,16.0,7.0
304,5.0,10.0,11.0,11.0,13.0,16.0,12.0,14.0,13.0,7.0,11.0,15.0,12.0,10.0,13.0,13.0,12.0,14.0,11.0,13.0,11.0,11.0,12.0,14.0,12.0,8.0,11.0,14.0,14.0,12.0,12.0,12.0,14.0,15.0,15.0,12.0,13.0,15.0,14.0,14.0,16.0,13.0,14.0,16.0,7.0
305,5.0,10.0,12.0,11.0,13.0,16.0,12.0,14.0,13.0,7.0,11.0,15.0,12.0,10.0,13.0,13.0,12.0,14.0,11.0,13.0,11.0,11.0,12.0,15.0,12.0,8.0,11.0,14.0,14.0,12.0,12.0,12.0,14.0,15.0,15.0,13.0,13.0,15.0,14.0,14.0,16.0,13.0,14.0,16.0,7.0
306,4.0,12.0,15.0,12.0,12.0,18.0,14.0,12.0,12.0,9.0,8.0,13.0,13.0,14.0,17.0,17.0,14.0,13.0,7.0,8.0,11.0,11.0,12.0,13.0,15.0,10.0,14.0,17.0,16.0,7.0,14.0,18.0,14.0,13.0,18.0,9.0,17.0,16.0,19.0,18.0,18.0,17.0,19.0,18.0,9.0
307,4.0,12.0,14.0,12.0,12.0,18.0,14.0,12.0,12.0,9.0,8.0,13.0,13.0,14.0,17.0,17.0,14.0,13.0,7.0,8.0,11.0,11.0,12.0,12.0,15.0,10.0,13.0,17.0,16.0,6.0,14.0,18.0,14.0,13.0,18.0,14.0,18.0,16.0,18.0,18.0,19.0,17.0,19.0,18.0,9.0
308,4.0,12.0,15.0,12.0,12.0,18.0,14.0,12.0,12.0,9.0,8.0,13.0,13.0,14.0,17.0,17.0,14.0,13.0,7.0,8.0,11.0,11.0,12.0,13.0,15.0,10.0,14.0,17.0,16.0,7.0,14.0,18.0,14.0,13.0,18.0,9.0,17.0,16.0,19.0,18.0,18.0,17.0,19.0,18.0,9.0
309,3.0,7.0,11.0,9.0,10.0,15.0,12.0,12.0,13.0,6.0,10.0,12.0,9.0,10.0,11.0,13.0,11.0,10.0,10.0,8.0,12.0,7.0,10.0,11.0,12.0,7.0,9.0,11.0,12.0,5.0,10.0,12.0,13.0,13.0,15.0,7.0,11.0,11.0,14.0,13.0,17.0,12.0,14.0,15.0,7.0
310,3.0,7.0,10.0,9.0,10.0,15.0,12.0,12.0,13.0,6.0,10.0,12.0,9.0,10.0,11.0,13.0,11.0,10.0,10.0,8.0,12.0,7.0,10.0,10.0,12.0,7.0,9.0,11.0,12.0,4.0,10.0,12.0,13.0,13.0,15.0,10.0,12.0,11.0,13.0,13.0,17.0,12.0,14.0,15.0,7.0
311,3.0,7.0,11.0,9.0,10.0,15.0,12.0,12.0,13.0,6.0,10.0,12.0,9.0,10.0,11.0,13.0,11.0,10.0,10.0,8.0,12.0,7.0,10.0,11.0,12.0,7.0,9.0,11.0,12.0,5.0,10.0,12.0,13.0,13.0,15.0,7.0,11.0,11.0,14.0,13.0,17.0,12.0,14.0,15.0,7.0
312,2.0,6.0,13.0,9.0,12.0,8.0,9.0,10.0,10.0,7.0,8.0,10.0,5.0,14.0,12.0,5.0,12.0,13.0,9.0,5.0,8.0,9.0,9.0,5.0,11.0,11.0,12.0,16.0,16.0,5.0,13.0,15.0,13.0,8.0,11.0,5.0,11.0,13.0,12.0,18.0,15.0,15.0,14.0,13.0,9.0
313,2.0,6.0,13.0,9.0,12.0,8.0,9.0,10.0,10.0,7.0,8.0,10.0,5.0,14.0,12.0,14.0,13.0,13.0,9.0,5.0,8.0,9.0,9.0,10.0,9.0,11.0,11.0,16.0,16.0,7.0,13.0,15.0,13.0,8.0,11.0,6.0,7.0,13.0,12.0,18.0,16.0,15.0,14.0,13.0,9.0
314,2.0,6.0,13.0,9.0,12.0,8.0,9.0,10.0,10.0,7.0,8.0,10.0,5.0,14.0,12.0,5.0,12.0,13.0,9.0,5.0,8.0,9.0,9.0,5.0,11.0,11.0,12.0,16.0,16.0,5.0,13.0,15.0,13.0,8.0,11.0,5.0,11.0,13.0,12.0,18.0,15.0,15.0,14.0,13.0,9.0
315,2.0,6.0,8.0,7.0,9.0,8.0,6.0,9.0,9.0,5.0,8.0,9.0,4.0,10.0,10.0,11.0,9.0,10.0,8.0,4.0,9.0,5.0,7.0,8.0,11.0,6.0,9.0,11.0,9.0,3.0,9.0,10.0,12.0,11.0,10.0,4.0,9.0,8.0,8.0,14.0,14.0,11.0,11.0,12.0,7.0
316,2.0,7.0,10.0,8.0,9.0,8.0,6.0,9.0,9.0,5.0,8.0,9.0,4.0,10.0,10.0,11.0,9.0,10.0,8.0,4.0,9.0,5.0,7.0,8.0,11.0,6.0,9.0,11.0,9.0,5.0,9.0,10.0,12.0,11.0,10.0,7.0,8.0,8.0,8.0,14.0,14.0,11.0,11.0,12.0,7.0
317,2.0,6.0,8.0,7.0,9.0,8.0,6.0,9.0,9.0,5.0,8.0,9.0,4.0,10.0,10.0,11.0,9.0,10.0,8.0,4.0,9.0,5.0,7.0,8.0,11.0,6.0,9.0,11.0,9.0,3.0,9.0,10.0,12.0,11.0,10.0,4.0,9.0,8.0,8.0,14.0,14.0,11.0,11.0,12.0,7.0
318,7.0,16.0,20.0,15.0,21.0,21.0,17.0,21.0,18.0,12.0,16.0,21.0,19.0,15.0,23.0,19.0,21.0,18.0,17.0,20.0,21.0,17.0,16.0,16.0,19.0,14.0,16.0,19.0,20.0,5.0,18.0,18.0,21.0,21.0,19.0,10.0,19.0,20.0,19.0,18.0,17.0,18.0,18.0,21.0,9.0
319,7.0,16.0,19.0,15.0,21.0,21.0,17.0,21.0,18.0,12.0,16.0,21.0,19.0,15.0,23.0,19.0,21.0,18.0,17.0,20.0,21.0,17.0,16.0,15.0,19.0,14.0,15.0,19.0,20.0,8.0,18.0,18.0,21.0,21.0,19.0,17.0,19.0,20.0,19.0,18.0,18.0,18.0,18.0,21.0,9.0
320,7.0,16.0,20.0,15.0,21.0,21.0,17.0,21.0,18.0,12.0,16.0,21.0,19.0,15.0,23.0,19.0,21.0,18.0,17.0,20.0,21.0,17.0,16.0,16.0,19.0,14.0,16.0,19.0,20.0,5.0,18.0,18.0,21.0,21.0,19.0,10.0,19.0,20.0,19.0,18.0,17.0,18.0,18.0,21.0,9.0
321,5.0,10.0,13.0,12.0,15.0,18.0,13.0,16.0,15.0,8.0,13.0,18.0,13.0,10.0,16.0,14.0,15.0,15.0,11.0,16.0,14.0,12.0,12.0,14.0,12.0,10.0,12.0,13.0,14.0,3.0,12.0,12.0,17.0,17.0,15.0,7.0,13.0,15.0,14.0,14.0,16.0,12.0,14.0,18.0,7.0
322,5.0,10.0,12.0,12.0,15.0,18.0,13.0,16.0,15.0,8.0,13.0,18.0,13.0,10.0,16.0,14.0,15.0,15.0,11.0,16.0,14.0,12.0,12.0,13.0,12.0,10.0,12.0,13.0,14.0,6.0,12.0,12.0,17.0,17.0,15.0,12.0,13.0,15.0,14.0,14.0,16.0,12.0,14.0,18.0,7.0
323,5.0,10.0,13.0,12.0,15.0,18.0,13.0,16.0,15.0,8.0,13.0,18.0,13.0,10.0,16.0,14.0,15.0,15.0,11.0,16.0,14.0,12.0,12.0,14.0,12.0,10.0,12.0,13.0,14.0,3.0,12.0,12.0,17.0,17.0,15.0,7.0,13.0,15.0,14.0,14.0,16.0,12.0,14.0,18.0,7.0
324,7.0,16.0,17.0,16.0,18.0,21.0,14.0,19.0,17.0,11.0,15.0,21.0,14.0,15.0,22.0,19.0,21.0,18.0,15.0,20.0,20.0,17.0,16.0,11.0,19.0,14.0,15.0,18.0,15.0,4.0,17.0,18.0,19.0,15.0,12.0,7.0,19.0,18.0,20.0,11.0,13.0,18.0,18.0,20.0,9.0
325,7.0,16.0,17.0,16.0,18.0,21.0,14.0,19.0,17.0,11.0,15.0,21.0,14.0,15.0,22.0,19.0,21.0,18.0,15.0,20.0,20.0,17.0,16.0,15.0,19.0,14.0,14.0,18.0,15.0,7.0,17.0,18.0,19.0,15.0,12.0,14.0,19.0,18.0,20.0,11.0,13.0,18.0,18.0,20.0,9.0
326,7.0,16.0,17.0,16.0,18.0,21.0,14.0,19.0,17.0,11.0,15.0,21.0,14.0,15.0,22.0,19.0,21.0,18.0,15.0,20.0,20.0,17.0,16.0,11.0,19.0,14.0,15.0,18.0,15.0,4.0,17.0,18.0,19.0,15.0,12.0,7.0,19.0,18.0,20.0,11.0,13.0,18.0,18.0,20.0,9.0
327,5.0,9.0,11.0,12.0,14.0,18.0,12.0,16.0,15.0,7.0,12.0,18.0,10.0,10.0,15.0,14.0,15.0,15.0,11.0,16.0,14.0,12.0,12.0,10.0,12.0,10.0,11.0,12.0,12.0,2.0,12.0,12.0,17.0,15.0,11.0,5.0,13.0,13.0,15.0,12.0,11.0,12.0,14.0,17.0,7.0
328,5.0,9.0,11.0,12.0,14.0,18.0,12.0,16.0,15.0,7.0,12.0,18.0,10.0,10.0,15.0,14.0,15.0,15.0,11.0,16.0,14.0,12.0,12.0,13.0,12.0,10.0,11.0,12.0,12.0,5.0,12.0,12.0,17.0,15.0,11.0,10.0,13.0,13.0,15.0,12.0,11.0,12.0,14.0,17.0,7.0
329,5.0,9.0,11.0,12.0,14.0,18.0,12.0,16.0,15.0,7.0,12.0,18.0,10.0,10.0,15.0,14.0,15.0,15.0,11.0,16.0,14.0,12.0,12.0,10.0,12.0,10.0,11.0,12.0,12.0,2.0,12.0,12.0,17.0,15.0,11.0,5.0,13.0,13.0,15.0,12.0,11.0,12.0,14.0,17.0,7.0
330,7.0,12.0,10.0,12.0,15.0,20.0,14.0,14.0,16.0,10.0,13.0,18.0,12.0,14.0,20.0,18.0,18.0,18.0,14.0,19.0,17.0,13.0,15.0,15.0,17.0,9.0,16.0,17.0,14.0,3.0,15.0,18.0,17.0,14.0,10.0,7.0,14.0,17.0,17.0,10.0,9.0,14.0,17.0,18.0,8.0
331,7.0,12.0,13.0,14.0,15.0,20.0,14.0,14.0,16.0,10.0,13.0,18.0,12.0,14.0,20.0,18.0,18.0,18.0,14.0,19.0,17.0,13.0,15.0,15.0,17.0,9.0,15.0,17.0,14.0,6.0,15.0,18.0,17.0,14.0,10.0,14.0,13.0,17.0,17.0,10.0,9.0,14.0,17.0,18.0,8.0
332,7.0,12.0,10.0,12.0,15.0,20.0,14.0,14.0,16.0,10.0,13.0,18.0,12.0,14.0,20.0,18.0,18.0,18.0,14.0,19.0,17.0,13.0,15.0,15.0,17.0,9.0,16.0,17.0,14.0,3.0,15.0,18.0,17.0,14.0,10.0,7.0,14.0,17.0,17.0,10.0,9.0,14.0,17.0,18.0,8.0
333,5.0,8.0,7.0,9.0,13.0,17.0,12.0,14.0,14.0,6.0,10.0,16.0,9.0,10.0,15.0,14.0,13.0,15.0,12.0,16.0,11.0,9.0,12.0,13.0,12.0,6.0,12.0,11.0,10.0,3.0,10.0,12.0,15.0,14.0,10.0,5.0,11.0,12.0,12.0,11.0,7.0,11.0,13.0,15.0,6.0
334,5.0,8.0,10.0,10.0,13.0,17.0,12.0,14.0,14.0,6.0,10.0,16.0,9.0,10.0,15.0,14.0,13.0,15.0,12.0,16.0,11.0,9.0,12.0,13.0,12.0,6.0,12.0,11.0,10.0,6.0,10.0,12.0,15.0,14.0,10.0,10.0,11.0,12.0,12.0,11.0,7.0,11.0,13.0,15.0,6.0
335,5.0,8.0,7.0,9.0,13.0,17.0,12.0,14.0,14.0,6.0,10.0,16.0,9.0,10.0,15.0,14.0,13.0,15.0,12.0,16.0,11.0,9.0,12.0,13.0,12.0,6.0,12.0,11.0,10.0,3.0,10.0,12.0,15.0,14.0,10.0,5.0,11.0,12.0,12.0,11.0,7.0,11.0,13.0,15.0,6.0
336,7.0,16.0,11.0,9.0,15.0,17.0,8.0,14.0,13.0,8.0,11.0,15.0,13.0,14.0,16.0,17.0,17.0,17.0,12.0,10.0,16.0,5.0,13.0,15.0,17.0,7.0,14.0,10.0,15.0,3.0,17.0,18.0,15.0,9.0,10.0,5.0,14.0,16.0,13.0,13.0,7.0,11.0,16.0,13.0,7.0
337,7.0,16.0,12.0,13.0,15.0,17.0,8.0,14.0,13.0,8.0,11.0,15.0,13.0,14.0,16.0,17.0,17.0,17.0,12.0,10.0,16.0,10.0,13.0,15.0,17.0,7.0,13.0,10.0,15.0,5.0,17.0,18.0,15.0,9.0,10.0,10.0,15.0,16.0,13.0,13.0,9.0,10.0,16.0,13.0,7.0
338,7.0,16.0,11.0,9.0,15.0,17.0,8.0,14.0,13.0,8.0,11.0,15.0,13.0,14.0,16.0,17.0,17.0,17.0,12.0,10.0,16.0,5.0,13.0,15.0,17.0,7.0,14.0,10.0,15.0,3.0,17.0,18.0,15.0,9.0,10.0,5.0,14.0,16.0,13.0,13.0,7.0,11.0,16.0,13.0,7.0
339,5.0,8.0,8.0,7.0,12.0,13.0,11.0,14.0,13.0,5.0,10.0,14.0,9.0,10.0,12.0,13.0,11.0,14.0,11.0,9.0,11.0,4.0,10.0,13.0,12.0,6.0,10.0,7.0,10.0,3.0,12.0,12.0,13.0,13.0,9.0,4.0,12.0,10.0,9.0,9.0,7.0,7.0,13.0,12.0,6.0
340,5.0,7.0,10.0,9.0,12.0,13.0,11.0,14.0,13.0,5.0,10.0,14.0,9.0,10.0,12.0,13.0,11.0,14.0,11.0,9.0,11.0,7.0,10.0,13.0,12.0,6.0,10.0,7.0,10.0,5.0,12.0,12.0,13.0,13.0,9.0,7.0,13.0,10.0,9.0,9.0,7.0,7.0,13.0,12.0,6.0
341,5.0,8.0,8.0,7.0,12.0,13.0,11.0,14.0,13.0,5.0,10.0,14.0,9.0,10.0,12.0,13.0,11.0,14.0,11.0,9.0,11.0,4.0,10.0,13.0,12.0,6.0,10.0,7.0,10.0,3.0,12.0,12.0,13.0,13.0,9.0,4.0,12.0,10.0,9.0,9.0,7.0,7.0,13.0,12.0,6.0
342,7.0,16.0,18.0,13.0,17.0,20.0,12.0,19.0,17.0,9.0,11.0,19.0,16.0,14.0,21.0,17.0,19.0,17.0,14.0,19.0,17.0,13.0,15.0,14.0,17.0,14.0,15.0,18.0,14.0,8.0,16.0,18.0,16.0,18.0,15.0,15.0,19.0,17.0,17.0,11.0,17.0,15.0,19.0,14.0,9.0
343,7.0,16.0,17.0,13.0,17.0,20.0,12.0,19.0,17.0,9.0,11.0,19.0,16.0,14.0,21.0,17.0,19.0,17.0,14.0,19.0,17.0,13.0,15.0,13.0,17.0,14.0,14.0,18.0,14.0,8.0,16.0,18.0,16.0,18.0,15.0,14.0,19.0,17.0,17.0,11.0,17.0,15.0,19.0,14.0,9.0
344,7.0,16.0,18.0,13.0,17.0,20.0,12.0,19.0,17.0,9.0,11.0,19.0,16.0,14.0,21.0,17.0,19.0,17.0,14.0,19.0,17.0,13.0,15.0,14.0,17.0,14.0,15.0,18.0,14.0,8.0,16.0,18.0,16.0,18.0,15.0,15.0,19.0,17.0,17.0,11.0,17.0,15.0,19.0,14.0,9.0
345,5.0,10.0,12.0,10.0,13.0,17.0,11.0,16.0,13.0,7.0,11.0,16.0,11.0,10.0,14.0,13.0,14.0,14.0,12.0,16.0,11.0,9.0,12.0,14.0,12.0,10.0,11.0,12.0,11.0,6.0,12.0,12.0,13.0,14.0,12.0,11.0,13.0,12.0,12.0,12.0,15.0,11.0,14.0,13.0,7.0
346,5.0,10.0,11.0,10.0,13.0,17.0,11.0,16.0,13.0,7.0,11.0,16.0,11.0,10.0,14.0,13.0,14.0,14.0,12.0,16.0,11.0,9.0,12.0,13.0,12.0,10.0,11.0,12.0,11.0,6.0,12.0,12.0,13.0,14.0,12.0,10.0,13.0,12.0,12.0,12.0,15.0,11.0,14.0,13.0,7.0
347,5.0,10.0,12.0,10.0,13.0,17.0,11.0,16.0,13.0,7.0,11.0,16.0,11.0,10.0,14.0,13.0,14.0,14.0,12.0,16.0,11.0,9.0,12.0,14.0,12.0,10.0,11.0,12.0,11.0,6.0,12.0,12.0,13.0,14.0,12.0,11.0,13.0,12.0,12.0,12.0,15.0,11.0,14.0,13.0,7.0
348,6.0,12.0,14.0,13.0,12.0,18.0,14.0,13.0,14.0,7.0,8.0,15.0,14.0,14.0,15.0,6.0,13.0,18.0,13.0,16.0,16.0,12.0,14.0,13.0,15.0,7.0,15.0,14.0,19.0,5.0,13.0,19.0,13.0,11.0,9.0,5.0,14.0,14.0,13.0,12.0,5.0,11.0,14.0,11.0,8.0
349,6.0,12.0,12.0,14.0,12.0,18.0,14.0,13.0,14.0,7.0,8.0,15.0,14.0,14.0,15.0,15.0,15.0,18.0,13.0,16.0,16.0,12.0,14.0,12.0,15.0,7.0,14.0,14.0,19.0,7.0,13.0,19.0,13.0,11.0,9.0,7.0,15.0,14.0,13.0,12.0,5.0,11.0,14.0,11.0,8.0
350,6.0,12.0,14.0,13.0,12.0,18.0,14.0,13.0,14.0,7.0,8.0,15.0,14.0,14.0,15.0,6.0,13.0,18.0,13.0,16.0,16.0,12.0,14.0,13.0,15.0,7.0,15.0,14.0,19.0,5.0,13.0,19.0,13.0,11.0,9.0,5.0,14.0,14.0,13.0,12.0,5.0,11.0,14.0,11.0,8.0
351,4.0,8.0,10.0,10.0,10.0,15.0,12.0,14.0,13.0,4.0,8.0,13.0,9.0,10.0,11.0,13.0,12.0,14.0,12.0,13.0,10.0,8.0,11.0,13.0,12.0,6.0,11.0,9.0,13.0,4.0,9.0,13.0,12.0,12.0,9.0,4.0,11.0,9.0,10.0,12.0,6.0,11.0,11.0,11.0,6.0
352,4.0,8.0,10.0,10.0,10.0,15.0,12.0,14.0,13.0,4.0,8.0,13.0,9.0,10.0,11.0,13.0,12.0,14.0,12.0,13.0,10.0,8.0,11.0,12.0,12.0,6.0,11.0,9.0,13.0,6.0,9.0,13.0,12.0,12.0,9.0,7.0,12.0,9.0,10.0,12.0,6.0,11.0,11.0,11.0,6.0
353,4.0,8.0,10.0,10.0,10.0,15.0,12.0,14.0,13.0,4.0,8.0,13.0,9.0,10.0,11.0,13.0,12.0,14.0,12.0,13.0,10.0,8.0,11.0,13.0,12.0,6.0,11.0,9.0,13.0,4.0,9.0,13.0,12.0,12.0,9.0,4.0,11.0,9.0,10.0,12.0,6.0,11.0,11.0,11.0,6.0
354,3.0,10.0,3.0,3.0,11.0,7.0,9.0,13.0,12.0,6.0,8.0,10.0,10.0,14.0,12.0,5.0,12.0,15.0,7.0,12.0,14.0,9.0,12.0,10.0,12.0,7.0,7.0,9.0,13.0,2.0,14.0,12.0,12.0,4.0,5.0,6.0,7.0,11.0,3.0,8.0,3.0,9.0,14.0,11.0,3.0
355,3.0,10.0,11.0,7.0,10.0,7.0,9.0,13.0,12.0,6.0,8.0,10.0,9.0,14.0,12.0,14.0,13.0,15.0,7.0,12.0,14.0,9.0,12.0,10.0,12.0,7.0,6.0,9.0,13.0,4.0,14.0,12.0,12.0,4.0,5.0,6.0,7.0,11.0,3.0,8.0,4.0,8.0,14.0,11.0,3.0
356,3.0,10.0,3.0,3.0,11.0,7.0,9.0,13.0,12.0,6.0,8.0,10.0,10.0,14.0,12.0,5.0,12.0,15.0,7.0,12.0,14.0,9.0,12.0,10.0,12.0,7.0,7.0,9.0,13.0,2.0,14.0,12.0,12.0,4.0,5.0,6.0,7.0,11.0,3.0,8.0,3.0,9.0,14.0,11.0,3.0
357,2.0,7.0,5.0,4.0,9.0,7.0,8.0,13.0,13.0,4.0,8.0,9.0,7.0,10.0,9.0,11.0,9.0,11.0,11.0,11.0,12.0,5.0,10.0,10.0,12.0,6.0,7.0,7.0,8.0,2.0,9.0,8.0,11.0,8.0,8.0,7.0,7.0,7.0,3.0,9.0,5.0,5.0,12.0,11.0,3.0
358,2.0,6.0,6.0,6.0,9.0,7.0,8.0,13.0,13.0,4.0,8.0,9.0,6.0,10.0,9.0,11.0,9.0,11.0,11.0,11.0,12.0,5.0,10.0,10.0,12.0,6.0,6.0,7.0,8.0,4.0,9.0,8.0,11.0,8.0,8.0,7.0,7.0,7.0,3.0,9.0,5.0,5.0,12.0,11.0,3.0
359,2.0,7.0,5.0,4.0,9.0,7.0,8.0,13.0,13.0,4.0,8.0,9.0,7.0,10.0,9.0,11.0,9.0,11.0,11.0,11.0,12.0,5.0,10.0,10.0,12.0,6.0,7.0,7.0,8.0,2.0,9.0,8.0,11.0,8.0,8.0,7.0,7.0,7.0,3.0,9.0,5.0,5.0,12.0,11.0,3.0
360,0.0,0.0,0.0,0.0,0.0,0.0,0.0,0.0,0.0,0.0,0.0,0.0,0.0,0.0,0.0,0.0,0.0,0.0,0.0,0.0,0.0,0.0,0.0,0.0,0.0,0.0,0.0,0.0,0.0,0.0,0.0,0.0,0.0,0.0,0.0,0.0,0.0,0.0,0.0,0.0,0.0,0.0,0.0,0.0,0.0
361,0.0,0.0,0.0,0.0,0.0,0.0,0.0,0.0,0.0,0.0,0.0,0.0,0.0,0.0,0.0,0.0,0.0,0.0,0.0,0.0,0.0,0.0,0.0,0.0,0.0,0.0,0.0,0.0,0.0,0.0,0.0,0.0,0.0,0.0,0.0,0.0,0.0,0.0,0.0,0.0,0.0,0.0,0.0,0.0,0.0
362,0.0,0.0,0.0,0.0,0.0,0.0,0.0,0.0,0.0,0.0,0.0,0.0,0.0,0.0,0.0,0.0,0.0,0.0,0.0,0.0,0.0,0.0,0.0,0.0,0.0,0.0,0.0,0.0,0.0,0.0,0.0,0.0,0.0,0.0,0.0,0.0,0.0,0.0,0.0,0.0,0.0,0.0,0.0,0.0,0.0
363,0.0,0.0,0.0,0.0,0.0,0.0,0.0,0.0,0.0,0.0,0.0,0.0,0.0,0.0,0.0,0.0,0.0,0.0,0.0,0.0,0.0,0.0,0.0,0.0,0.0,0.0,0.0,0.0,0.0,0.0,0.0,0.0,0.0,0.0,0.0,0.0,0.0,0.0,0.0,0.0,0.0,0.0,0.0,0.0,0.0
364,0.0,0.0,0.0,0.0,0.0,0.0,0.0,0.0,0.0,0.0,0.0,0.0,0.0,0.0,0.0,0.0,0.0,0.0,0.0,0.0,0.0,0.0,0.0,0.0,0.0,0.0,0.0,0.0,0.0,0.0,0.0,0.0,0.0,0.0,0.0,0.0,0.0,0.0,0.0,0.0,0.0,0.0,0.0,0.0,0.0
365,0.0,0.0,0.0,0.0,0.0,0.0,0.0,0.0,0.0,0.0,0.0,0.0,0.0,0.0,0.0,0.0,0.0,0.0,0.0,0.0,0.0,0.0,0.0,0.0,0.0,0.0,0.0,0.0,0.0,0.0,0.0,0.0,0.0,0.0,0.0,0.0,0.0,0.0,0.0,0.0,0.0,0.0,0.0,0.0,0.0
366,0.0,0.0,0.0,0.0,0.0,0.0,0.0,0.0,0.0,0.0,0.0,0.0,0.0,0.0,0.0,0.0,0.0,0.0,0.0,0.0,0.0,0.0,0.0,0.0,0.0,0.0,0.0,0.0,0.0,0.0,0.0,0.0,0.0,0.0,0.0,0.0,0.0,0.0,0.0,0.0,0.0,0.0,0.0,0.0,0.0
367,0.0,0.0,0.0,0.0,0.0,0.0,0.0,0.0,0.0,0.0,0.0,0.0,0.0,0.0,0.0,0.0,0.0,0.0,0.0,0.0,0.0,0.0,0.0,0.0,0.0,0.0,0.0,0.0,0.0,0.0,0.0,0.0,0.0,0.0,0.0,0.0,0.0,0.0,0.0,0.0,0.0,0.0,0.0,0.0,0.0
368,0.0,0.0,0.0,0.0,0.0,0.0,0.0,0.0,0.0,0.0,0.0,0.0,0.0,0.0,0.0,0.0,0.0,0.0,0.0,0.0,0.0,0.0,0.0,0.0,0.0,0.0,0.0,0.0,0.0,0.0,0.0,0.0,0.0,0.0,0.0,0.0,0.0,0.0,0.0,0.0,0.0,0.0,0.0,0.0,0.0
369,0.0,0.0,0.0,0.0,0.0,0.0,0.0,0.0,0.0,0.0,0.0,0.0,0.0,0.0,0.0,0.0,0.0,0.0,0.0,0.0,0.0,0.0,0.0,0.0,0.0,0.0,0.0,0.0,0.0,0.0,0.0,0.0,0.0,0.0,0.0,0.0,0.0,0.0,0.0,0.0,0.0,0.0,0.0,0.0,0.0
370,0.0,0.0,0.0,0.0,0.0,0.0,0.0,0.0,0.0,0.0,0.0,0.0,0.0,0.0,0.0,0.0,0.0,0.0,0.0,0.0,0.0,0.0,0.0,0.0,0.0,0.0,0.0,0.0,0.0,0.0,0.0,0.0,0.0,0.0,0.0,0.0,0.0,0.0,0.0,0.0,0.0,0.0,0.0,0.0,0.0
371,0.0,0.0,0.0,0.0,0.0,0.0,0.0,0.0,0.0,0.0,0.0,0.0,0.0,0.0,0.0,0.0,0.0,0.0,0.0,0.0,0.0,0.0,0.0,0.0,0.0,0.0,0.0,0.0,0.0,0.0,0.0,0.0,0.0,0.0,0.0,0.0,0.0,0.0,0.0,0.0,0.0,0.0,0.0,0.0,0.0
372,0.0,0.0,0.0,0.0,0.0,0.0,0.0,0.0,0.0,0.0,0.0,0.0,0.0,0.0,0.0,0.0,0.0,0.0,0.0,0.0,0.0,0.0,0.0,0.0,0.0,0.0,0.0,0.0,0.0,0.0,0.0,0.0,0.0,0.0,0.0,0.0,0.0,0.0,0.0,0.0,0.0,0.0,0.0,0.0,0.0
373,0.0,0.0,0.0,0.0,0.0,0.0,0.0,0.0,0.0,0.0,0.0,0.0,0.0,0.0,0.0,0.0,0.0,0.0,0.0,0.0,0.0,0.0,0.0,0.0,0.0,0.0,0.0,0.0,0.0,0.0,0.0,0.0,0.0,0.0,0.0,0.0,0.0,0.0,0.0,0.0,0.0,0.0,0.0,0.0,0.0
374,0.0,0.0,0.0,0.0,0.0,0.0,0.0,0.0,0.0,0.0,0.0,0.0,0.0,0.0,0.0,0.0,0.0,0.0,0.0,0.0,0.0,0.0,0.0,0.0,0.0,0.0,0.0,0.0,0.0,0.0,0.0,0.0,0.0,0.0,0.0,0.0,0.0,0.0,0.0,0.0,0.0,0.0,0.0,0.0,0.0
375,0.0,0.0,0.0,0.0,0.0,0.0,0.0,0.0,0.0,0.0,0.0,0.0,0.0,0.0,0.0,0.0,0.0,0.0,0.0,0.0,0.0,0.0,0.0,0.0,0.0,0.0,0.0,0.0,0.0,0.0,0.0,0.0,0.0,0.0,0.0,0.0,0.0,0.0,0.0,0.0,0.0,0.0,0.0,0.0,0.0
376,0.0,0.0,0.0,0.0,0.0,0.0,0.0,0.0,0.0,0.0,0.0,0.0,0.0,0.0,0.0,0.0,0.0,0.0,0.0,0.0,0.0,0.0,0.0,0.0,0.0,0.0,0.0,0.0,0.0,0.0,0.0,0.0,0.0,0.0,0.0,0.0,0.0,0.0,0.0,0.0,0.0,0.0,0.0,0.0,0.0
377,0.0,0.0,0.0,0.0,0.0,0.0,0.0,0.0,0.0,0.0,0.0,0.0,0.0,0.0,0.0,0.0,0.0,0.0,0.0,0.0,0.0,0.0,0.0,0.0,0.0,0.0,0.0,0.0,0.0,0.0,0.0,0.0,0.0,0.0,0.0,0.0,0.0,0.0,0.0,0.0,0.0,0.0,0.0,0.0,0.0
378,0.0,0.0,0.0,0.0,0.0,0.0,0.0,0.0,0.0,0.0,0.0,0.0,0.0,0.0,0.0,0.0,0.0,0.0,0.0,0.0,0.0,0.0,0.0,0.0,0.0,0.0,0.0,0.0,0.0,0.0,0.0,0.0,0.0,0.0,0.0,0.0,0.0,0.0,0.0,0.0,0.0,0.0,0.0,0.0,0.0
379,0.0,0.0,0.0,0.0,0.0,0.0,0.0,0.0,0.0,0.0,0.0,0.0,0.0,0.0,0.0,0.0,0.0,0.0,0.0,0.0,0.0,0.0,0.0,0.0,0.0,0.0,0.0,0.0,0.0,0.0,0.0,0.0,0.0,0.0,0.0,0.0,0.0,0.0,0.0,0.0,0.0,0.0,0.0,0.0,0.0
380,0.0,0.0,0.0,0.0,0.0,0.0,0.0,0.0,0.0,0.0,0.0,0.0,0.0,0.0,0.0,0.0,0.0,0.0,0.0,0.0,0.0,0.0,0.0,0.0,0.0,0.0,0.0,0.0,0.0,0.0,0.0,0.0,0.0,0.0,0.0,0.0,0.0,0.0,0.0,0.0,0.0,0.0,0.0,0.0,0.0
381,0.0,0.0,0.0,0.0,0.0,0.0,0.0,0.0,0.0,0.0,0.0,0.0,0.0,0.0,0.0,0.0,0.0,0.0,0.0,0.0,0.0,0.0,0.0,0.0,0.0,0.0,0.0,0.0,0.0,0.0,0.0,0.0,0.0,0.0,0.0,0.0,0.0,0.0,0.0,0.0,0.0,0.0,0.0,0.0,0.0
382,0.0,0.0,0.0,0.0,0.0,0.0,0.0,0.0,0.0,0.0,0.0,0.0,0.0,0.0,0.0,0.0,0.0,0.0,0.0,0.0,0.0,0.0,0.0,0.0,0.0,0.0,0.0,0.0,0.0,0.0,0.0,0.0,0.0,0.0,0.0,0.0,0.0,0.0,0.0,0.0,0.0,0.0,0.0,0.0,0.0
383,0.0,0.0,0.0,0.0,0.0,0.0,0.0,0.0,0.0,0.0,0.0,0.0,0.0,0.0,0.0,0.0,0.0,0.0,0.0,0.0,0.0,0.0,0.0,0.0,0.0,0.0,0.0,0.0,0.0,0.0,0.0,0.0,0.0,0.0,0.0,0.0,0.0,0.0,0.0,0.0,0.0,0.0,0.0,0.0,0.0
384,0.0,0.0,0.0,0.0,0.0,0.0,0.0,0.0,0.0,0.0,0.0,0.0,0.0,0.0,0.0,0.0,0.0,0.0,0.0,0.0,0.0,0.0,0.0,0.0,0.0,0.0,0.0,0.0,0.0,0.0,0.0,0.0,0.0,0.0,0.0,0.0,0.0,0.0,0.0,0.0,0.0,0.0,0.0,0.0,0.0
385,0.0,0.0,0.0,0.0,0.0,0.0,0.0,0.0,0.0,0.0,0.0,0.0,0.0,0.0,0.0,0.0,0.0,0.0,0.0,0.0,0.0,0.0,0.0,0.0,0.0,0.0,0.0,0.0,0.0,0.0,0.0,0.0,0.0,0.0,0.0,0.0,0.0,0.0,0.0,0.0,0.0,0.0,0.0,0.0,0.0
386,0.0,0.0,0.0,0.0,0.0,0.0,0.0,0.0,0.0,0.0,0.0,0.0,0.0,0.0,0.0,0.0,0.0,0.0,0.0,0.0,0.0,0.0,0.0,0.0,0.0,0.0,0.0,0.0,0.0,0.0,0.0,0.0,0.0,0.0,0.0,0.0,0.0,0.0,0.0,0.0,0.0,0.0,0.0,0.0,0.0
387,0.0,0.0,0.0,0.0,0.0,0.0,0.0,0.0,0.0,0.0,0.0,0.0,0.0,0.0,0.0,0.0,0.0,0.0,0.0,0.0,0.0,0.0,0.0,0.0,0.0,0.0,0.0,0.0,0.0,0.0,0.0,0.0,0.0,0.0,0.0,0.0,0.0,0.0,0.0,0.0,0.0,0.0,0.0,0.0,0.0
388,0.0,0.0,0.0,0.0,0.0,0.0,0.0,0.0,0.0,0.0,0.0,0.0,0.0,0.0,0.0,0.0,0.0,0.0,0.0,0.0,0.0,0.0,0.0,0.0,0.0,0.0,0.0,0.0,0.0,0.0,0.0,0.0,0.0,0.0,0.0,0.0,0.0,0.0,0.0,0.0,0.0,0.0,0.0,0.0,0.0
389,0.0,0.0,0.0,0.0,0.0,0.0,0.0,0.0,0.0,0.0,0.0,0.0,0.0,0.0,0.0,0.0,0.0,0.0,0.0,0.0,0.0,0.0,0.0,0.0,0.0,0.0,0.0,0.0,0.0,0.0,0.0,0.0,0.0,0.0,0.0,0.0,0.0,0.0,0.0,0.0,0.0,0.0,0.0,0.0,0.0
390,0.0,0.0,0.0,0.0,0.0,0.0,0.0,0.0,0.0,0.0,0.0,0.0,0.0,0.0,0.0,0.0,0.0,0.0,0.0,0.0,0.0,0.0,0.0,0.0,0.0,0.0,0.0,0.0,0.0,0.0,0.0,0.0,0.0,0.0,0.0,0.0,0.0,0.0,0.0,0.0,0.0,0.0,0.0,0.0,0.0
391,0.0,0.0,0.0,0.0,0.0,0.0,0.0,0.0,0.0,0.0,0.0,0.0,0.0,0.0,0.0,0.0,0.0,0.0,0.0,0.0,0.0,0.0,0.0,0.0,0.0,0.0,0.0,0.0,0.0,0.0,0.0,0.0,0.0,0.0,0.0,0.0,0.0,0.0,0.0,0.0,0.0,0.0,0.0,0.0,0.0
392,0.0,0.0,0.0,0.0,0.0,0.0,0.0,0.0,0.0,0.0,0.0,0.0,0.0,0.0,0.0,0.0,0.0,0.0,0.0,0.0,0.0,0.0,0.0,0.0,0.0,0.0,0.0,0.0,0.0,0.0,0.0,0.0,0.0,0.0,0.0,0.0,0.0,0.0,0.0,0.0,0.0,0.0,0.0,0.0,0.0
393,0.0,0.0,0.0,0.0,0.0,0.0,0.0,0.0,0.0,0.0,0.0,0.0,0.0,0.0,0.0,0.0,0.0,0.0,0.0,0.0,0.0,0.0,0.0,0.0,0.0,0.0,0.0,0.0,0.0,0.0,0.0,0.0,0.0,0.0,0.0,0.0,0.0,0.0,0.0,0.0,0.0,0.0,0.0,0.0,0.0
394,0.0,0.0,0.0,0.0,0.0,0.0,0.0,0.0,0.0,0.0,0.0,0.0,0.0,0.0,0.0,0.0,0.0,0.0,0.0,0.0,0.0,0.0,0.0,0.0,0.0,0.0,0.0,0.0,0.0,0.0,0.0,0.0,0.0,0.0,0.0,0.0,0.0,0.0,0.0,0.0,0.0,0.0,0.0,0.0,0.0
395,0.0,0.0,0.0,0.0,0.0,0.0,0.0,0.0,0.0,0.0,0.0,0.0,0.0,0.0,0.0,0.0,0.0,0.0,0.0,0.0,0.0,0.0,0.0,0.0,0.0,0.0,0.0,0.0,0.0,0.0,0.0,0.0,0.0,0.0,0.0,0.0,0.0,0.0,0.0,0.0,0.0,0.0,0.0,0.0,0.0
396,0.0,0.0,0.0,0.0,0.0,0.0,0.0,0.0,0.0,0.0,0.0,0.0,0.0,0.0,0.0,0.0,0.0,0.0,0.0,0.0,0.0,0.0,0.0,0.0,0.0,0.0,0.0,0.0,0.0,0.0,0.0,0.0,0.0,0.0,0.0,0.0,0.0,0.0,0.0,0.0,0.0,0.0,0.0,0.0,0.0
397,0.0,0.0,0.0,0.0,0.0,0.0,0.0,0.0,0.0,0.0,0.0,0.0,0.0,0.0,0.0,0.0,0.0,0.0,0.0,0.0,0.0,0.0,0.0,0.0,0.0,0.0,0.0,0.0,0.0,0.0,0.0,0.0,0.0,0.0,0.0,0.0,0.0,0.0,0.0,0.0,0.0,0.0,0.0,0.0,0.0
398,0.0,0.0,0.0,0.0,0.0,0.0,0.0,0.0,0.0,0.0,0.0,0.0,0.0,0.0,0.0,0.0,0.0,0.0,0.0,0.0,0.0,0.0,0.0,0.0,0.0,0.0,0.0,0.0,0.0,0.0,0.0,0.0,0.0,0.0,0.0,0.0,0.0,0.0,0.0,0.0,0.0,0.0,0.0,0.0,0.0
399,0.0,0.0,0.0,0.0,0.0,0.0,0.0,0.0,0.0,0.0,0.0,0.0,0.0,0.0,0.0,0.0,0.0,0.0,0.0,0.0,0.0,0.0,0.0,0.0,0.0,0.0,0.0,0.0,0.0,0.0,0.0,0.0,0.0,0.0,0.0,0.0,0.0,0.0,0.0,0.0,0.0,0.0,0.0,0.0,0.0
400,0.0,0.0,0.0,0.0,0.0,0.0,0.0,0.0,0.0,0.0,0.0,0.0,0.0,0.0,0.0,0.0,0.0,0.0,0.0,0.0,0.0,0.0,0.0,0.0,0.0,0.0,0.0,0.0,0.0,0.0,0.0,0.0,0.0,0.0,0.0,0.0,0.0,0.0,0.0,0.0,0.0,0.0,0.0,0.0,0.0
401,0.0,0.0,0.0,0.0,0.0,0.0,0.0,0.0,0.0,0.0,0.0,0.0,0.0,0.0,0.0,0.0,0.0,0.0,0.0,0.0,0.0,0.0,0.0,0.0,0.0,0.0,0.0,0.0,0.0,0.0,0.0,0.0,0.0,0.0,0.0,0.0,0.0,0.0,0.0,0.0,0.0,0.0,0.0,0.0,0.0
402,0.0,0.0,0.0,0.0,0.0,0.0,0.0,0.0,0.0,0.0,0.0,0.0,0.0,0.0,0.0,0.0,0.0,0.0,0.0,0.0,0.0,0.0,0.0,0.0,0.0,0.0,0.0,0.0,0.0,0.0,0.0,0.0,0.0,0.0,0.0,0.0,0.0,0.0,0.0,0.0,0.0,0.0,0.0,0.0,0.0
403,0.0,0.0,0.0,0.0,0.0,0.0,0.0,0.0,0.0,0.0,0.0,0.0,0.0,0.0,0.0,0.0,0.0,0.0,0.0,0.0,0.0,0.0,0.0,0.0,0.0,0.0,0.0,0.0,0.0,0.0,0.0,0.0,0.0,0.0,0.0,0.0,0.0,0.0,0.0,0.0,0.0,0.0,0.0,0.0,0.0
404,0.0,0.0,0.0,0.0,0.0,0.0,0.0,0.0,0.0,0.0,0.0,0.0,0.0,0.0,0.0,0.0,0.0,0.0,0.0,0.0,0.0,0.0,0.0,0.0,0.0,0.0,0.0,0.0,0.0,0.0,0.0,0.0,0.0,0.0,0.0,0.0,0.0,0.0,0.0,0.0,0.0,0.0,0.0,0.0,0.0
405,0.0,0.0,0.0,0.0,0.0,0.0,0.0,0.0,0.0,0.0,0.0,0.0,0.0,0.0,0.0,0.0,0.0,0.0,0.0,0.0,0.0,0.0,0.0,0.0,0.0,0.0,0.0,0.0,0.0,0.0,0.0,0.0,0.0,0.0,0.0,0.0,0.0,0.0,0.0,0.0,0.0,0.0,0.0,0.0,0.0
406,0.0,0.0,0.0,0.0,0.0,0.0,0.0,0.0,0.0,0.0,0.0,0.0,0.0,0.0,0.0,0.0,0.0,0.0,0.0,0.0,0.0,0.0,0.0,0.0,0.0,0.0,0.0,0.0,0.0,0.0,0.0,0.0,0.0,0.0,0.0,0.0,0.0,0.0,0.0,0.0,0.0,0.0,0.0,0.0,0.0
407,0.0,0.0,0.0,0.0,0.0,0.0,0.0,0.0,0.0,0.0,0.0,0.0,0.0,0.0,0.0,0.0,0.0,0.0,0.0,0.0,0.0,0.0,0.0,0.0,0.0,0.0,0.0,0.0,0.0,0.0,0.0,0.0,0.0,0.0,0.0,0.0,0.0,0.0,0.0,0.0,0.0,0.0,0.0,0.0,0.0
408,0.0,0.0,0.0,0.0,0.0,0.0,0.0,0.0,0.0,0.0,0.0,0.0,0.0,0.0,0.0,0.0,0.0,0.0,0.0,0.0,0.0,0.0,0.0,0.0,0.0,0.0,0.0,0.0,0.0,0.0,0.0,0.0,0.0,0.0,0.0,0.0,0.0,0.0,0.0,0.0,0.0,0.0,0.0,0.0,0.0
409,0.0,0.0,0.0,0.0,0.0,0.0,0.0,0.0,0.0,0.0,0.0,0.0,0.0,0.0,0.0,0.0,0.0,0.0,0.0,0.0,0.0,0.0,0.0,0.0,0.0,0.0,0.0,0.0,0.0,0.0,0.0,0.0,0.0,0.0,0.0,0.0,0.0,0.0,0.0,0.0,0.0,0.0,0.0,0.0,0.0
410,0.0,0.0,0.0,0.0,0.0,0.0,0.0,0.0,0.0,0.0,0.0,0.0,0.0,0.0,0.0,0.0,0.0,0.0,0.0,0.0,0.0,0.0,0.0,0.0,0.0,0.0,0.0,0.0,0.0,0.0,0.0,0.0,0.0,0.0,0.0,0.0,0.0,0.0,0.0,0.0,0.0,0.0,0.0,0.0,0.0
411,0.0,0.0,0.0,0.0,0.0,0.0,0.0,0.0,0.0,0.0,0.0,0.0,0.0,0.0,0.0,0.0,0.0,0.0,0.0,0.0,0.0,0.0,0.0,0.0,0.0,0.0,0.0,0.0,0.0,0.0,0.0,0.0,0.0,0.0,0.0,0.0,0.0,0.0,0.0,0.0,0.0,0.0,0.0,0.0,0.0
412,0.0,0.0,0.0,0.0,0.0,0.0,0.0,0.0,0.0,0.0,0.0,0.0,0.0,0.0,0.0,0.0,0.0,0.0,0.0,0.0,0.0,0.0,0.0,0.0,0.0,0.0,0.0,0.0,0.0,0.0,0.0,0.0,0.0,0.0,0.0,0.0,0.0,0.0,0.0,0.0,0.0,0.0,0.0,0.0,0.0
413,0.0,0.0,0.0,0.0,0.0,0.0,0.0,0.0,0.0,0.0,0.0,0.0,0.0,0.0,0.0,0.0,0.0,0.0,0.0,0.0,0.0,0.0,0.0,0.0,0.0,0.0,0.0,0.0,0.0,0.0,0.0,0.0,0.0,0.0,0.0,0.0,0.0,0.0,0.0,0.0,0.0,0.0,0.0,0.0,0.0
414,0.0,0.0,0.0,0.0,0.0,0.0,0.0,0.0,0.0,0.0,0.0,0.0,0.0,0.0,0.0,0.0,0.0,0.0,0.0,0.0,0.0,0.0,0.0,0.0,0.0,0.0,0.0,0.0,0.0,0.0,0.0,0.0,0.0,0.0,0.0,0.0,0.0,0.0,0.0,0.0,0.0,0.0,0.0,0.0,0.0
415,0.0,0.0,0.0,0.0,0.0,0.0,0.0,0.0,0.0,0.0,0.0,0.0,0.0,0.0,0.0,0.0,0.0,0.0,0.0,0.0,0.0,0.0,0.0,0.0,0.0,0.0,0.0,0.0,0.0,0.0,0.0,0.0,0.0,0.0,0.0,0.0,0.0,0.0,0.0,0.0,0.0,0.0,0.0,0.0,0.0
416,0.0,0.0,0.0,0.0,0.0,0.0,0.0,0.0,0.0,0.0,0.0,0.0,0.0,0.0,0.0,0.0,0.0,0.0,0.0,0.0,0.0,0.0,0.0,0.0,0.0,0.0,0.0,0.0,0.0,0.0,0.0,0.0,0.0,0.0,0.0,0.0,0.0,0.0,0.0,0.0,0.0,0.0,0.0,0.0,0.0
417,0.0,0.0,0.0,0.0,0.0,0.0,0.0,0.0,0.0,0.0,0.0,0.0,0.0,0.0,0.0,0.0,0.0,0.0,0.0,0.0,0.0,0.0,0.0,0.0,0.0,0.0,0.0,0.0,0.0,0.0,0.0,0.0,0.0,0.0,0.0,0.0,0.0,0.0,0.0,0.0,0.0,0.0,0.0,0.0,0.0
418,0.0,0.0,0.0,0.0,0.0,0.0,0.0,0.0,0.0,0.0,0.0,0.0,0.0,0.0,0.0,0.0,0.0,0.0,0.0,0.0,0.0,0.0,0.0,0.0,0.0,0.0,0.0,0.0,0.0,0.0,0.0,0.0,0.0,0.0,0.0,0.0,0.0,0.0,0.0,0.0,0.0,0.0,0.0,0.0,0.0
419,0.0,0.0,0.0,0.0,0.0,0.0,0.0,0.0,0.0,0.0,0.0,0.0,0.0,0.0,0.0,0.0,0.0,0.0,0.0,0.0,0.0,0.0,0.0,0.0,0.0,0.0,0.0,0.0,0.0,0.0,0.0,0.0,0.0,0.0,0.0,0.0,0.0,0.0,0.0,0.0,0.0,0.0,0.0,0.0,0.0
420,0.0,0.0,0.0,0.0,0.0,0.0,0.0,0.0,0.0,0.0,0.0,0.0,0.0,0.0,0.0,0.0,0.0,0.0,0.0,0.0,0.0,0.0,0.0,0.0,0.0,0.0,0.0,0.0,0.0,0.0,0.0,0.0,0.0,0.0,0.0,0.0,0.0,0.0,0.0,0.0,0.0,0.0,0.0,0.0,0.0
421,0.0,0.0,0.0,0.0,0.0,0.0,0.0,0.0,0.0,0.0,0.0,0.0,0.0,0.0,0.0,0.0,0.0,0.0,0.0,0.0,0.0,0.0,0.0,0.0,0.0,0.0,0.0,0.0,0.0,0.0,0.0,0.0,0.0,0.0,0.0,0.0,0.0,0.0,0.0,0.0,0.0,0.0,0.0,0.0,0.0
422,0.0,0.0,0.0,0.0,0.0,0.0,0.0,0.0,0.0,0.0,0.0,0.0,0.0,0.0,0.0,0.0,0.0,0.0,0.0,0.0,0.0,0.0,0.0,0.0,0.0,0.0,0.0,0.0,0.0,0.0,0.0,0.0,0.0,0.0,0.0,0.0,0.0,0.0,0.0,0.0,0.0,0.0,0.0,0.0,0.0
423,0.0,0.0,0.0,0.0,0.0,0.0,0.0,0.0,0.0,0.0,0.0,0.0,0.0,0.0,0.0,0.0,0.0,0.0,0.0,0.0,0.0,0.0,0.0,0.0,0.0,0.0,0.0,0.0,0.0,0.0,0.0,0.0,0.0,0.0,0.0,0.0,0.0,0.0,0.0,0.0,0.0,0.0,0.0,0.0,0.0
424,0.0,0.0,0.0,0.0,0.0,0.0,0.0,0.0,0.0,0.0,0.0,0.0,0.0,0.0,0.0,0.0,0.0,0.0,0.0,0.0,0.0,0.0,0.0,0.0,0.0,0.0,0.0,0.0,0.0,0.0,0.0,0.0,0.0,0.0,0.0,0.0,0.0,0.0,0.0,0.0,0.0,0.0,0.0,0.0,0.0
425,0.0,0.0,0.0,0.0,0.0,0.0,0.0,0.0,0.0,0.0,0.0,0.0,0.0,0.0,0.0,0.0,0.0,0.0,0.0,0.0,0.0,0.0,0.0,0.0,0.0,0.0,0.0,0.0,0.0,0.0,0.0,0.0,0.0,0.0,0.0,0.0,0.0,0.0,0.0,0.0,0.0,0.0,0.0,0.0,0.0
426,0.0,0.0,0.0,0.0,0.0,0.0,0.0,0.0,0.0,0.0,0.0,0.0,0.0,0.0,0.0,0.0,0.0,0.0,0.0,0.0,0.0,0.0,0.0,0.0,0.0,0.0,0.0,0.0,0.0,0.0,0.0,0.0,0.0,0.0,0.0,0.0,0.0,0.0,0.0,0.0,0.0,0.0,0.0,0.0,0.0
427,0.0,0.0,0.0,0.0,0.0,0.0,0.0,0.0,0.0,0.0,0.0,0.0,0.0,0.0,0.0,0.0,0.0,0.0,0.0,0.0,0.0,0.0,0.0,0.0,0.0,0.0,0.0,0.0,0.0,0.0,0.0,0.0,0.0,0.0,0.0,0.0,0.0,0.0,0.0,0.0,0.0,0.0,0.0,0.0,0.0
428,0.0,0.0,0.0,0.0,0.0,0.0,0.0,0.0,0.0,0.0,0.0,0.0,0.0,0.0,0.0,0.0,0.0,0.0,0.0,0.0,0.0,0.0,0.0,0.0,0.0,0.0,0.0,0.0,0.0,0.0,0.0,0.0,0.0,0.0,0.0,0.0,0.0,0.0,0.0,0.0,0.0,0.0,0.0,0.0,0.0
429,0.0,0.0,0.0,0.0,0.0,0.0,0.0,0.0,0.0,0.0,0.0,0.0,0.0,0.0,0.0,0.0,0.0,0.0,0.0,0.0,0.0,0.0,0.0,0.0,0.0,0.0,0.0,0.0,0.0,0.0,0.0,0.0,0.0,0.0,0.0,0.0,0.0,0.0,0.0,0.0,0.0,0.0,0.0,0.0,0.0
430,0.0,0.0,0.0,0.0,0.0,0.0,0.0,0.0,0.0,0.0,0.0,0.0,0.0,0.0,0.0,0.0,0.0,0.0,0.0,0.0,0.0,0.0,0.0,0.0,0.0,0.0,0.0,0.0,0.0,0.0,0.0,0.0,0.0,0.0,0.0,0.0,0.0,0.0,0.0,0.0,0.0,0.0,0.0,0.0,0.0
431,0.0,0.0,0.0,0.0,0.0,0.0,0.0,0.0,0.0,0.0,0.0,0.0,0.0,0.0,0.0,0.0,0.0,0.0,0.0,0.0,0.0,0.0,0.0,0.0,0.0,0.0,0.0,0.0,0.0,0.0,0.0,0.0,0.0,0.0,0.0,0.0,0.0,0.0,0.0,0.0,0.0,0.0,0.0,0.0,0.0
432,0.0,0.0,0.0,0.0,0.0,0.0,0.0,0.0,0.0,0.0,0.0,0.0,0.0,0.0,0.0,0.0,0.0,0.0,0.0,0.0,0.0,0.0,0.0,0.0,0.0,0.0,0.0,0.0,0.0,0.0,0.0,0.0,0.0,0.0,0.0,0.0,0.0,0.0,0.0,0.0,0.0,0.0,0.0,0.0,0.0
433,0.0,0.0,0.0,0.0,0.0,0.0,0.0,0.0,0.0,0.0,0.0,0.0,0.0,0.0,0.0,0.0,0.0,0.0,0.0,0.0,0.0,0.0,0.0,0.0,0.0,0.0,0.0,0.0,0.0,0.0,0.0,0.0,0.0,0.0,0.0,0.0,0.0,0.0,0.0,0.0,0.0,0.0,0.0,0.0,0.0
434,0.0,0.0,0.0,0.0,0.0,0.0,0.0,0.0,0.0,0.0,0.0,0.0,0.0,0.0,0.0,0.0,0.0,0.0,0.0,0.0,0.0,0.0,0.0,0.0,0.0,0.0,0.0,0.0,0.0,0.0,0.0,0.0,0.0,0.0,0.0,0.0,0.0,0.0,0.0,0.0,0.0,0.0,0.0,0.0,0.0
435,0.0,0.0,0.0,0.0,0.0,0.0,0.0,0.0,0.0,0.0,0.0,0.0,0.0,0.0,0.0,0.0,0.0,0.0,0.0,0.0,0.0,0.0,0.0,0.0,0.0,0.0,0.0,0.0,0.0,0.0,0.0,0.0,0.0,0.0,0.0,0.0,0.0,0.0,0.0,0.0,0.0,0.0,0.0,0.0,0.0
436,0.0,0.0,0.0,0.0,0.0,0.0,0.0,0.0,0.0,0.0,0.0,0.0,0.0,0.0,0.0,0.0,0.0,0.0,0.0,0.0,0.0,0.0,0.0,0.0,0.0,0.0,0.0,0.0,0.0,0.0,0.0,0.0,0.0,0.0,0.0,0.0,0.0,0.0,0.0,0.0,0.0,0.0,0.0,0.0,0.0
437,0.0,0.0,0.0,0.0,0.0,0.0,0.0,0.0,0.0,0.0,0.0,0.0,0.0,0.0,0.0,0.0,0.0,0.0,0.0,0.0,0.0,0.0,0.0,0.0,0.0,0.0,0.0,0.0,0.0,0.0,0.0,0.0,0.0,0.0,0.0,0.0,0.0,0.0,0.0,0.0,0.0,0.0,0.0,0.0,0.0
438,0.0,0.0,0.0,0.0,0.0,0.0,0.0,0.0,0.0,0.0,0.0,0.0,0.0,0.0,0.0,0.0,0.0,0.0,0.0,0.0,0.0,0.0,0.0,0.0,0.0,0.0,0.0,0.0,0.0,0.0,0.0,0.0,0.0,0.0,0.0,0.0,0.0,0.0,0.0,0.0,0.0,0.0,0.0,0.0,0.0
439,0.0,0.0,0.0,0.0,0.0,0.0,0.0,0.0,0.0,0.0,0.0,0.0,0.0,0.0,0.0,0.0,0.0,0.0,0.0,0.0,0.0,0.0,0.0,0.0,0.0,0.0,0.0,0.0,0.0,0.0,0.0,0.0,0.0,0.0,0.0,0.0,0.0,0.0,0.0,0.0,0.0,0.0,0.0,0.0,0.0
440,0.0,0.0,0.0,0.0,0.0,0.0,0.0,0.0,0.0,0.0,0.0,0.0,0.0,0.0,0.0,0.0,0.0,0.0,0.0,0.0,0.0,0.0,0.0,0.0,0.0,0.0,0.0,0.0,0.0,0.0,0.0,0.0,0.0,0.0,0.0,0.0,0.0,0.0,0.0,0.0,0.0,0.0,0.0,0.0,0.0
441,0.0,0.0,0.0,0.0,0.0,0.0,0.0,0.0,0.0,0.0,0.0,0.0,0.0,0.0,0.0,0.0,0.0,0.0,0.0,0.0,0.0,0.0,0.0,0.0,0.0,0.0,0.0,0.0,0.0,0.0,0.0,0.0,0.0,0.0,0.0,0.0,0.0,0.0,0.0,0.0,0.0,0.0,0.0,0.0,0.0
442,0.0,0.0,0.0,0.0,0.0,0.0,0.0,0.0,0.0,0.0,0.0,0.0,0.0,0.0,0.0,0.0,0.0,0.0,0.0,0.0,0.0,0.0,0.0,0.0,0.0,0.0,0.0,0.0,0.0,0.0,0.0,0.0,0.0,0.0,0.0,0.0,0.0,0.0,0.0,0.0,0.0,0.0,0.0,0.0,0.0
443,0.0,0.0,0.0,0.0,0.0,0.0,0.0,0.0,0.0,0.0,0.0,0.0,0.0,0.0,0.0,0.0,0.0,0.0,0.0,0.0,0.0,0.0,0.0,0.0,0.0,0.0,0.0,0.0,0.0,0.0,0.0,0.0,0.0,0.0,0.0,0.0,0.0,0.0,0.0,0.0,0.0,0.0,0.0,0.0,0.0
444,0.0,0.0,0.0,0.0,0.0,0.0,0.0,0.0,0.0,0.0,0.0,0.0,0.0,0.0,0.0,0.0,0.0,0.0,0.0,0.0,0.0,0.0,0.0,0.0,0.0,0.0,0.0,0.0,0.0,0.0,0.0,0.0,0.0,0.0,0.0,0.0,0.0,0.0,0.0,0.0,0.0,0.0,0.0,0.0,0.0
445,0.0,0.0,0.0,0.0,0.0,0.0,0.0,0.0,0.0,0.0,0.0,0.0,0.0,0.0,0.0,0.0,0.0,0.0,0.0,0.0,0.0,0.0,0.0,0.0,0.0,0.0,0.0,0.0,0.0,0.0,0.0,0.0,0.0,0.0,0.0,0.0,0.0,0.0,0.0,0.0,0.0,0.0,0.0,0.0,0.0
446,0.0,0.0,0.0,0.0,0.0,0.0,0.0,0.0,0.0,0.0,0.0,0.0,0.0,0.0,0.0,0.0,0.0,0.0,0.0,0.0,0.0,0.0,0.0,0.0,0.0,0.0,0.0,0.0,0.0,0.0,0.0,0.0,0.0,0.0,0.0,0.0,0.0,0.0,0.0,0.0,0.0,0.0,0.0,0.0,0.0
447,0.0,0.0,0.0,0.0,0.0,0.0,0.0,0.0,0.0,0.0,0.0,0.0,0.0,0.0,0.0,0.0,0.0,0.0,0.0,0.0,0.0,0.0,0.0,0.0,0.0,0.0,0.0,0.0,0.0,0.0,0.0,0.0,0.0,0.0,0.0,0.0,0.0,0.0,0.0,0.0,0.0,0.0,0.0,0.0,0.0
448,0.0,0.0,0.0,0.0,0.0,0.0,0.0,0.0,0.0,0.0,0.0,0.0,0.0,0.0,0.0,0.0,0.0,0.0,0.0,0.0,0.0,0.0,0.0,0.0,0.0,0.0,0.0,0.0,0.0,0.0,0.0,0.0,0.0,0.0,0.0,0.0,0.0,0.0,0.0,0.0,0.0,0.0,0.0,0.0,0.0
449,0.0,0.0,0.0,0.0,0.0,0.0,0.0,0.0,0.0,0.0,0.0,0.0,0.0,0.0,0.0,0.0,0.0,0.0,0.0,0.0,0.0,0.0,0.0,0.0,0.0,0.0,0.0,0.0,0.0,0.0,0.0,0.0,0.0,0.0,0.0,0.0,0.0,0.0,0.0,0.0,0.0,0.0,0.0,0.0,0.0
450,0.0,0.0,0.0,0.0,0.0,0.0,0.0,0.0,0.0,0.0,0.0,0.0,0.0,0.0,0.0,0.0,0.0,0.0,0.0,0.0,0.0,0.0,0.0,0.0,0.0,0.0,0.0,0.0,0.0,0.0,0.0,0.0,0.0,0.0,0.0,0.0,0.0,0.0,0.0,0.0,0.0,0.0,0.0,0.0,0.0
451,0.0,0.0,0.0,0.0,0.0,0.0,0.0,0.0,0.0,0.0,0.0,0.0,0.0,0.0,0.0,0.0,0.0,0.0,0.0,0.0,0.0,0.0,0.0,0.0,0.0,0.0,0.0,0.0,0.0,0.0,0.0,0.0,0.0,0.0,0.0,0.0,0.0,0.0,0.0,0.0,0.0,0.0,0.0,0.0,0.0
452,0.0,0.0,0.0,0.0,0.0,0.0,0.0,0.0,0.0,0.0,0.0,0.0,0.0,0.0,0.0,0.0,0.0,0.0,0.0,0.0,0.0,0.0,0.0,0.0,0.0,0.0,0.0,0.0,0.0,0.0,0.0,0.0,0.0,0.0,0.0,0.0,0.0,0.0,0.0,0.0,0.0,0.0,0.0,0.0,0.0
453,0.0,0.0,0.0,0.0,0.0,0.0,0.0,0.0,0.0,0.0,0.0,0.0,0.0,0.0,0.0,0.0,0.0,0.0,0.0,0.0,0.0,0.0,0.0,0.0,0.0,0.0,0.0,0.0,0.0,0.0,0.0,0.0,0.0,0.0,0.0,0.0,0.0,0.0,0.0,0.0,0.0,0.0,0.0,0.0,0.0
454,0.0,0.0,0.0,0.0,0.0,0.0,0.0,0.0,0.0,0.0,0.0,0.0,0.0,0.0,0.0,0.0,0.0,0.0,0.0,0.0,0.0,0.0,0.0,0.0,0.0,0.0,0.0,0.0,0.0,0.0,0.0,0.0,0.0,0.0,0.0,0.0,0.0,0.0,0.0,0.0,0.0,0.0,0.0,0.0,0.0
455,0.0,0.0,0.0,0.0,0.0,0.0,0.0,0.0,0.0,0.0,0.0,0.0,0.0,0.0,0.0,0.0,0.0,0.0,0.0,0.0,0.0,0.0,0.0,0.0,0.0,0.0,0.0,0.0,0.0,0.0,0.0,0.0,0.0,0.0,0.0,0.0,0.0,0.0,0.0,0.0,0.0,0.0,0.0,0.0,0.0
456,0.0,0.0,0.0,0.0,0.0,0.0,0.0,0.0,0.0,0.0,0.0,0.0,0.0,0.0,0.0,0.0,0.0,0.0,0.0,0.0,0.0,0.0,0.0,0.0,0.0,0.0,0.0,0.0,0.0,0.0,0.0,0.0,0.0,0.0,0.0,0.0,0.0,0.0,0.0,0.0,0.0,0.0,0.0,0.0,0.0
457,0.0,0.0,0.0,0.0,0.0,0.0,0.0,0.0,0.0,0.0,0.0,0.0,0.0,0.0,0.0,0.0,0.0,0.0,0.0,0.0,0.0,0.0,0.0,0.0,0.0,0.0,0.0,0.0,0.0,0.0,0.0,0.0,0.0,0.0,0.0,0.0,0.0,0.0,0.0,0.0,0.0,0.0,0.0,0.0,0.0
458,0.0,0.0,0.0,0.0,0.0,0.0,0.0,0.0,0.0,0.0,0.0,0.0,0.0,0.0,0.0,0.0,0.0,0.0,0.0,0.0,0.0,0.0,0.0,0.0,0.0,0.0,0.0,0.0,0.0,0.0,0.0,0.0,0.0,0.0,0.0,0.0,0.0,0.0,0.0,0.0,0.0,0.0,0.0,0.0,0.0
459,0.0,0.0,0.0,0.0,0.0,0.0,0.0,0.0,0.0,0.0,0.0,0.0,0.0,0.0,0.0,0.0,0.0,0.0,0.0,0.0,0.0,0.0,0.0,0.0,0.0,0.0,0.0,0.0,0.0,0.0,0.0,0.0,0.0,0.0,0.0,0.0,0.0,0.0,0.0,0.0,0.0,0.0,0.0,0.0,0.0
460,0.0,0.0,0.0,0.0,0.0,0.0,0.0,0.0,0.0,0.0,0.0,0.0,0.0,0.0,0.0,0.0,0.0,0.0,0.0,0.0,0.0,0.0,0.0,0.0,0.0,0.0,0.0,0.0,0.0,0.0,0.0,0.0,0.0,0.0,0.0,0.0,0.0,0.0,0.0,0.0,0.0,0.0,0.0,0.0,0.0
461,0.0,0.0,0.0,0.0,0.0,0.0,0.0,0.0,0.0,0.0,0.0,0.0,0.0,0.0,0.0,0.0,0.0,0.0,0.0,0.0,0.0,0.0,0.0,0.0,0.0,0.0,0.0,0.0,0.0,0.0,0.0,0.0,0.0,0.0,0.0,0.0,0.0,0.0,0.0,0.0,0.0,0.0,0.0,0.0,0.0
462,0.0,0.0,0.0,0.0,0.0,0.0,0.0,0.0,0.0,0.0,0.0,0.0,0.0,0.0,0.0,0.0,0.0,0.0,0.0,0.0,0.0,0.0,0.0,0.0,0.0,0.0,0.0,0.0,0.0,0.0,0.0,0.0,0.0,0.0,0.0,0.0,0.0,0.0,0.0,0.0,0.0,0.0,0.0,0.0,0.0
463,0.0,0.0,0.0,0.0,0.0,0.0,0.0,0.0,0.0,0.0,0.0,0.0,0.0,0.0,0.0,0.0,0.0,0.0,0.0,0.0,0.0,0.0,0.0,0.0,0.0,0.0,0.0,0.0,0.0,0.0,0.0,0.0,0.0,0.0,0.0,0.0,0.0,0.0,0.0,0.0,0.0,0.0,0.0,0.0,0.0
464,0.0,0.0,0.0,0.0,0.0,0.0,0.0,0.0,0.0,0.0,0.0,0.0,0.0,0.0,0.0,0.0,0.0,0.0,0.0,0.0,0.0,0.0,0.0,0.0,0.0,0.0,0.0,0.0,0.0,0.0,0.0,0.0,0.0,0.0,0.0,0.0,0.0,0.0,0.0,0.0,0.0,0.0,0.0,0.0,0.0
465,0.0,0.0,0.0,0.0,0.0,0.0,0.0,0.0,0.0,0.0,0.0,0.0,0.0,0.0,0.0,0.0,0.0,0.0,0.0,0.0,0.0,0.0,0.0,0.0,0.0,0.0,0.0,0.0,0.0,0.0,0.0,0.0,0.0,0.0,0.0,0.0,0.0,0.0,0.0,0.0,0.0,0.0,0.0,0.0,0.0
466,0.0,0.0,0.0,0.0,0.0,0.0,0.0,0.0,0.0,0.0,0.0,0.0,0.0,0.0,0.0,0.0,0.0,0.0,0.0,0.0,0.0,0.0,0.0,0.0,0.0,0.0,0.0,0.0,0.0,0.0,0.0,0.0,0.0,0.0,0.0,0.0,0.0,0.0,0.0,0.0,0.0,0.0,0.0,0.0,0.0
467,0.0,0.0,0.0,0.0,0.0,0.0,0.0,0.0,0.0,0.0,0.0,0.0,0.0,0.0,0.0,0.0,0.0,0.0,0.0,0.0,0.0,0.0,0.0,0.0,0.0,0.0,0.0,0.0,0.0,0.0,0.0,0.0,0.0,0.0,0.0,0.0,0.0,0.0,0.0,0.0,0.0,0.0,0.0,0.0,0.0
468,0.0,0.0,0.0,0.0,0.0,0.0,0.0,0.0,0.0,0.0,0.0,0.0,0.0,0.0,0.0,0.0,0.0,0.0,0.0,0.0,0.0,0.0,0.0,0.0,0.0,0.0,0.0,0.0,0.0,0.0,0.0,0.0,0.0,0.0,0.0,0.0,0.0,0.0,0.0,0.0,0.0,0.0,0.0,0.0,0.0
469,0.0,0.0,0.0,0.0,0.0,0.0,0.0,0.0,0.0,0.0,0.0,0.0,0.0,0.0,0.0,0.0,0.0,0.0,0.0,0.0,0.0,0.0,0.0,0.0,0.0,0.0,0.0,0.0,0.0,0.0,0.0,0.0,0.0,0.0,0.0,0.0,0.0,0.0,0.0,0.0,0.0,0.0,0.0,0.0,0.0
470,0.0,0.0,0.0,0.0,0.0,0.0,0.0,0.0,0.0,0.0,0.0,0.0,0.0,0.0,0.0,0.0,0.0,0.0,0.0,0.0,0.0,0.0,0.0,0.0,0.0,0.0,0.0,0.0,0.0,0.0,0.0,0.0,0.0,0.0,0.0,0.0,0.0,0.0,0.0,0.0,0.0,0.0,0.0,0.0,0.0
471,0.0,0.0,0.0,0.0,0.0,0.0,0.0,0.0,0.0,0.0,0.0,0.0,0.0,0.0,0.0,0.0,0.0,0.0,0.0,0.0,0.0,0.0,0.0,0.0,0.0,0.0,0.0,0.0,0.0,0.0,0.0,0.0,0.0,0.0,0.0,0.0,0.0,0.0,0.0,0.0,0.0,0.0,0.0,0.0,0.0
472,0.0,0.0,0.0,0.0,0.0,0.0,0.0,0.0,0.0,0.0,0.0,0.0,0.0,0.0,0.0,0.0,0.0,0.0,0.0,0.0,0.0,0.0,0.0,0.0,0.0,0.0,0.0,0.0,0.0,0.0,0.0,0.0,0.0,0.0,0.0,0.0,0.0,0.0,0.0,0.0,0.0,0.0,0.0,0.0,0.0
473,0.0,0.0,0.0,0.0,0.0,0.0,0.0,0.0,0.0,0.0,0.0,0.0,0.0,0.0,0.0,0.0,0.0,0.0,0.0,0.0,0.0,0.0,0.0,0.0,0.0,0.0,0.0,0.0,0.0,0.0,0.0,0.0,0.0,0.0,0.0,0.0,0.0,0.0,0.0,0.0,0.0,0.0,0.0,0.0,0.0
474,0.0,0.0,0.0,0.0,0.0,0.0,0.0,0.0,0.0,0.0,0.0,0.0,0.0,0.0,0.0,0.0,0.0,0.0,0.0,0.0,0.0,0.0,0.0,0.0,0.0,0.0,0.0,0.0,0.0,0.0,0.0,0.0,0.0,0.0,0.0,0.0,0.0,0.0,0.0,0.0,0.0,0.0,0.0,0.0,0.0
475,0.0,0.0,0.0,0.0,0.0,0.0,0.0,0.0,0.0,0.0,0.0,0.0,0.0,0.0,0.0,0.0,0.0,0.0,0.0,0.0,0.0,0.0,0.0,0.0,0.0,0.0,0.0,0.0,0.0,0.0,0.0,0.0,0.0,0.0,0.0,0.0,0.0,0.0,0.0,0.0,0.0,0.0,0.0,0.0,0.0
476,0.0,0.0,0.0,0.0,0.0,0.0,0.0,0.0,0.0,0.0,0.0,0.0,0.0,0.0,0.0,0.0,0.0,0.0,0.0,0.0,0.0,0.0,0.0,0.0,0.0,0.0,0.0,0.0,0.0,0.0,0.0,0.0,0.0,0.0,0.0,0.0,0.0,0.0,0.0,0.0,0.0,0.0,0.0,0.0,0.0
477,0.0,0.0,0.0,0.0,0.0,0.0,0.0,0.0,0.0,0.0,0.0,0.0,0.0,0.0,0.0,0.0,0.0,0.0,0.0,0.0,0.0,0.0,0.0,0.0,0.0,0.0,0.0,0.0,0.0,0.0,0.0,0.0,0.0,0.0,0.0,0.0,0.0,0.0,0.0,0.0,0.0,0.0,0.0,0.0,0.0
478,0.0,0.0,0.0,0.0,0.0,0.0,0.0,0.0,0.0,0.0,0.0,0.0,0.0,0.0,0.0,0.0,0.0,0.0,0.0,0.0,0.0,0.0,0.0,0.0,0.0,0.0,0.0,0.0,0.0,0.0,0.0,0.0,0.0,0.0,0.0,0.0,0.0,0.0,0.0,0.0,0.0,0.0,0.0,0.0,0.0
479,0.0,0.0,0.0,0.0,0.0,0.0,0.0,0.0,0.0,0.0,0.0,0.0,0.0,0.0,0.0,0.0,0.0,0.0,0.0,0.0,0.0,0.0,0.0,0.0,0.0,0.0,0.0,0.0,0.0,0.0,0.0,0.0,0.0,0.0,0.0,0.0,0.0,0.0,0.0,0.0,0.0,0.0,0.0,0.0,0.0
480,0.0,0.0,0.0,0.0,0.0,0.0,0.0,0.0,0.0,0.0,0.0,0.0,0.0,0.0,0.0,0.0,0.0,0.0,0.0,0.0,0.0,0.0,0.0,0.0,0.0,0.0,0.0,0.0,0.0,0.0,0.0,0.0,0.0,0.0,0.0,0.0,0.0,0.0,0.0,0.0,0.0,0.0,0.0,0.0,0.0
481,0.0,0.0,0.0,0.0,0.0,0.0,0.0,0.0,0.0,0.0,0.0,0.0,0.0,0.0,0.0,0.0,0.0,0.0,0.0,0.0,0.0,0.0,0.0,0.0,0.0,0.0,0.0,0.0,0.0,0.0,0.0,0.0,0.0,0.0,0.0,0.0,0.0,0.0,0.0,0.0,0.0,0.0,0.0,0.0,0.0
482,0.0,0.0,0.0,0.0,0.0,0.0,0.0,0.0,0.0,0.0,0.0,0.0,0.0,0.0,0.0,0.0,0.0,0.0,0.0,0.0,0.0,0.0,0.0,0.0,0.0,0.0,0.0,0.0,0.0,0.0,0.0,0.0,0.0,0.0,0.0,0.0,0.0,0.0,0.0,0.0,0.0,0.0,0.0,0.0,0.0
483,0.0,0.0,0.0,0.0,0.0,0.0,0.0,0.0,0.0,0.0,0.0,0.0,0.0,0.0,0.0,0.0,0.0,0.0,0.0,0.0,0.0,0.0,0.0,0.0,0.0,0.0,0.0,0.0,0.0,0.0,0.0,0.0,0.0,0.0,0.0,0.0,0.0,0.0,0.0,0.0,0.0,0.0,0.0,0.0,0.0
484,0.0,0.0,0.0,0.0,0.0,0.0,0.0,0.0,0.0,0.0,0.0,0.0,0.0,0.0,0.0,0.0,0.0,0.0,0.0,0.0,0.0,0.0,0.0,0.0,0.0,0.0,0.0,0.0,0.0,0.0,0.0,0.0,0.0,0.0,0.0,0.0,0.0,0.0,0.0,0.0,0.0,0.0,0.0,0.0,0.0
485,0.0,0.0,0.0,0.0,0.0,0.0,0.0,0.0,0.0,0.0,0.0,0.0,0.0,0.0,0.0,0.0,0.0,0.0,0.0,0.0,0.0,0.0,0.0,0.0,0.0,0.0,0.0,0.0,0.0,0.0,0.0,0.0,0.0,0.0,0.0,0.0,0.0,0.0,0.0,0.0,0.0,0.0,0.0,0.0,0.0
486,0.0,0.0,0.0,0.0,0.0,0.0,0.0,0.0,0.0,0.0,0.0,0.0,0.0,0.0,0.0,0.0,0.0,0.0,0.0,0.0,0.0,0.0,0.0,0.0,0.0,0.0,0.0,0.0,0.0,0.0,0.0,0.0,0.0,0.0,0.0,0.0,0.0,0.0,0.0,0.0,0.0,0.0,0.0,0.0,0.0
487,0.0,0.0,0.0,0.0,0.0,0.0,0.0,0.0,0.0,0.0,0.0,0.0,0.0,0.0,0.0,0.0,0.0,0.0,0.0,0.0,0.0,0.0,0.0,0.0,0.0,0.0,0.0,0.0,0.0,0.0,0.0,0.0,0.0,0.0,0.0,0.0,0.0,0.0,0.0,0.0,0.0,0.0,0.0,0.0,0.0
488,0.0,0.0,0.0,0.0,0.0,0.0,0.0,0.0,0.0,0.0,0.0,0.0,0.0,0.0,0.0,0.0,0.0,0.0,0.0,0.0,0.0,0.0,0.0,0.0,0.0,0.0,0.0,0.0,0.0,0.0,0.0,0.0,0.0,0.0,0.0,0.0,0.0,0.0,0.0,0.0,0.0,0.0,0.0,0.0,0.0
489,0.0,0.0,0.0,0.0,0.0,0.0,0.0,0.0,0.0,0.0,0.0,0.0,0.0,0.0,0.0,0.0,0.0,0.0,0.0,0.0,0.0,0.0,0.0,0.0,0.0,0.0,0.0,0.0,0.0,0.0,0.0,0.0,0.0,0.0,0.0,0.0,0.0,0.0,0.0,0.0,0.0,0.0,0.0,0.0,0.0
490,0.0,0.0,0.0,0.0,0.0,0.0,0.0,0.0,0.0,0.0,0.0,0.0,0.0,0.0,0.0,0.0,0.0,0.0,0.0,0.0,0.0,0.0,0.0,0.0,0.0,0.0,0.0,0.0,0.0,0.0,0.0,0.0,0.0,0.0,0.0,0.0,0.0,0.0,0.0,0.0,0.0,0.0,0.0,0.0,0.0
491,0.0,0.0,0.0,0.0,0.0,0.0,0.0,0.0,0.0,0.0,0.0,0.0,0.0,0.0,0.0,0.0,0.0,0.0,0.0,0.0,0.0,0.0,0.0,0.0,0.0,0.0,0.0,0.0,0.0,0.0,0.0,0.0,0.0,0.0,0.0,0.0,0.0,0.0,0.0,0.0,0.0,0.0,0.0,0.0,0.0
492,0.0,0.0,0.0,0.0,0.0,0.0,0.0,0.0,0.0,0.0,0.0,0.0,0.0,0.0,0.0,0.0,0.0,0.0,0.0,0.0,0.0,0.0,0.0,0.0,0.0,0.0,0.0,0.0,0.0,0.0,0.0,0.0,0.0,0.0,0.0,0.0,0.0,0.0,0.0,0.0,0.0,0.0,0.0,0.0,0.0
493,0.0,0.0,0.0,0.0,0.0,0.0,0.0,0.0,0.0,0.0,0.0,0.0,0.0,0.0,0.0,0.0,0.0,0.0,0.0,0.0,0.0,0.0,0.0,0.0,0.0,0.0,0.0,0.0,0.0,0.0,0.0,0.0,0.0,0.0,0.0,0.0,0.0,0.0,0.0,0.0,0.0,0.0,0.0,0.0,0.0
494,0.0,0.0,0.0,0.0,0.0,0.0,0.0,0.0,0.0,0.0,0.0,0.0,0.0,0.0,0.0,0.0,0.0,0.0,0.0,0.0,0.0,0.0,0.0,0.0,0.0,0.0,0.0,0.0,0.0,0.0,0.0,0.0,0.0,0.0,0.0,0.0,0.0,0.0,0.0,0.0,0.0,0.0,0.0,0.0,0.0
495,0.0,0.0,0.0,0.0,0.0,0.0,0.0,0.0,0.0,0.0,0.0,0.0,0.0,0.0,0.0,0.0,0.0,0.0,0.0,0.0,0.0,0.0,0.0,0.0,0.0,0.0,0.0,0.0,0.0,0.0,0.0,0.0,0.0,0.0,0.0,0.0,0.0,0.0,0.0,0.0,0.0,0.0,0.0,0.0,0.0
496,0.0,0.0,0.0,0.0,0.0,0.0,0.0,0.0,0.0,0.0,0.0,0.0,0.0,0.0,0.0,0.0,0.0,0.0,0.0,0.0,0.0,0.0,0.0,0.0,0.0,0.0,0.0,0.0,0.0,0.0,0.0,0.0,0.0,0.0,0.0,0.0,0.0,0.0,0.0,0.0,0.0,0.0,0.0,0.0,0.0
497,0.0,0.0,0.0,0.0,0.0,0.0,0.0,0.0,0.0,0.0,0.0,0.0,0.0,0.0,0.0,0.0,0.0,0.0,0.0,0.0,0.0,0.0,0.0,0.0,0.0,0.0,0.0,0.0,0.0,0.0,0.0,0.0,0.0,0.0,0.0,0.0,0.0,0.0,0.0,0.0,0.0,0.0,0.0,0.0,0.0
498,0.0,0.0,0.0,0.0,0.0,0.0,0.0,0.0,0.0,0.0,0.0,0.0,0.0,0.0,0.0,0.0,0.0,0.0,0.0,0.0,0.0,0.0,0.0,0.0,0.0,0.0,0.0,0.0,0.0,0.0,0.0,0.0,0.0,0.0,0.0,0.0,0.0,0.0,0.0,0.0,0.0,0.0,0.0,0.0,0.0
499,0.0,0.0,0.0,0.0,0.0,0.0,0.0,0.0,0.0,0.0,0.0,0.0,0.0,0.0,0.0,0.0,0.0,0.0,0.0,0.0,0.0,0.0,0.0,0.0,0.0,0.0,0.0,0.0,0.0,0.0,0.0,0.0,0.0,0.0,0.0,0.0,0.0,0.0,0.0,0.0,0.0,0.0,0.0,0.0,0.0
500,0.0,0.0,0.0,0.0,0.0,0.0,0.0,0.0,0.0,0.0,0.0,0.0,0.0,0.0,0.0,0.0,0.0,0.0,0.0,0.0,0.0,0.0,0.0,0.0,0.0,0.0,0.0,0.0,0.0,0.0,0.0,0.0,0.0,0.0,0.0,0.0,0.0,0.0,0.0,0.0,0.0,0.0,0.0,0.0,0.0
501,0.0,0.0,0.0,0.0,0.0,0.0,0.0,0.0,0.0,0.0,0.0,0.0,0.0,0.0,0.0,0.0,0.0,0.0,0.0,0.0,0.0,0.0,0.0,0.0,0.0,0.0,0.0,0.0,0.0,0.0,0.0,0.0,0.0,0.0,0.0,0.0,0.0,0.0,0.0,0.0,0.0,0.0,0.0,0.0,0.0
502,0.0,0.0,0.0,0.0,0.0,0.0,0.0,0.0,0.0,0.0,0.0,0.0,0.0,0.0,0.0,0.0,0.0,0.0,0.0,0.0,0.0,0.0,0.0,0.0,0.0,0.0,0.0,0.0,0.0,0.0,0.0,0.0,0.0,0.0,0.0,0.0,0.0,0.0,0.0,0.0,0.0,0.0,0.0,0.0,0.0
503,0.0,0.0,0.0,0.0,0.0,0.0,0.0,0.0,0.0,0.0,0.0,0.0,0.0,0.0,0.0,0.0,0.0,0.0,0.0,0.0,0.0,0.0,0.0,0.0,0.0,0.0,0.0,0.0,0.0,0.0,0.0,0.0,0.0,0.0,0.0,0.0,0.0,0.0,0.0,0.0,0.0,0.0,0.0,0.0,0.0
504,0.0,0.0,0.0,0.0,0.0,0.0,0.0,0.0,0.0,0.0,0.0,0.0,0.0,0.0,0.0,0.0,0.0,0.0,0.0,0.0,0.0,0.0,0.0,0.0,0.0,0.0,0.0,0.0,0.0,0.0,0.0,0.0,0.0,0.0,0.0,0.0,0.0,0.0,0.0,0.0,0.0,0.0,0.0,0.0,0.0
505,0.0,0.0,0.0,0.0,0.0,0.0,0.0,0.0,0.0,0.0,0.0,0.0,0.0,0.0,0.0,0.0,0.0,0.0,0.0,0.0,0.0,0.0,0.0,0.0,0.0,0.0,0.0,0.0,0.0,0.0,0.0,0.0,0.0,0.0,0.0,0.0,0.0,0.0,0.0,0.0,0.0,0.0,0.0,0.0,0.0
506,0.0,0.0,0.0,0.0,0.0,0.0,0.0,0.0,0.0,0.0,0.0,0.0,0.0,0.0,0.0,0.0,0.0,0.0,0.0,0.0,0.0,0.0,0.0,0.0,0.0,0.0,0.0,0.0,0.0,0.0,0.0,0.0,0.0,0.0,0.0,0.0,0.0,0.0,0.0,0.0,0.0,0.0,0.0,0.0,0.0
507,0.0,0.0,0.0,0.0,0.0,0.0,0.0,0.0,0.0,0.0,0.0,0.0,0.0,0.0,0.0,0.0,0.0,0.0,0.0,0.0,0.0,0.0,0.0,0.0,0.0,0.0,0.0,0.0,0.0,0.0,0.0,0.0,0.0,0.0,0.0,0.0,0.0,0.0,0.0,0.0,0.0,0.0,0.0,0.0,0.0
508,0.0,0.0,0.0,0.0,0.0,0.0,0.0,0.0,0.0,0.0,0.0,0.0,0.0,0.0,0.0,0.0,0.0,0.0,0.0,0.0,0.0,0.0,0.0,0.0,0.0,0.0,0.0,0.0,0.0,0.0,0.0,0.0,0.0,0.0,0.0,0.0,0.0,0.0,0.0,0.0,0.0,0.0,0.0,0.0,0.0
509,0.0,0.0,0.0,0.0,0.0,0.0,0.0,0.0,0.0,0.0,0.0,0.0,0.0,0.0,0.0,0.0,0.0,0.0,0.0,0.0,0.0,0.0,0.0,0.0,0.0,0.0,0.0,0.0,0.0,0.0,0.0,0.0,0.0,0.0,0.0,0.0,0.0,0.0,0.0,0.0,0.0,0.0,0.0,0.0,0.0
510,0.0,0.0,0.0,0.0,0.0,0.0,0.0,0.0,0.0,0.0,0.0,0.0,0.0,0.0,0.0,0.0,0.0,0.0,0.0,0.0,0.0,0.0,0.0,0.0,0.0,0.0,0.0,0.0,0.0,0.0,0.0,0.0,0.0,0.0,0.0,0.0,0.0,0.0,0.0,0.0,0.0,0.0,0.0,0.0,0.0
511,0.0,0.0,0.0,0.0,0.0,0.0,0.0,0.0,0.0,0.0,0.0,0.0,0.0,0.0,0.0,0.0,0.0,0.0,0.0,0.0,0.0,0.0,0.0,0.0,0.0,0.0,0.0,0.0,0.0,0.0,0.0,0.0,0.0,0.0,0.0,0.0,0.0,0.0,0.0,0.0,0.0,0.0,0.0,0.0,0.0
512,0.0,0.0,0.0,0.0,0.0,0.0,0.0,0.0,0.0,0.0,0.0,0.0,0.0,0.0,0.0,0.0,0.0,0.0,0.0,0.0,0.0,0.0,0.0,0.0,0.0,0.0,0.0,0.0,0.0,0.0,0.0,0.0,0.0,0.0,0.0,0.0,0.0,0.0,0.0,0.0,0.0,0.0,0.0,0.0,0.0
513,0.0,0.0,0.0,0.0,0.0,0.0,0.0,0.0,0.0,0.0,0.0,0.0,0.0,0.0,0.0,0.0,0.0,0.0,0.0,0.0,0.0,0.0,0.0,0.0,0.0,0.0,0.0,0.0,0.0,0.0,0.0,0.0,0.0,0.0,0.0,0.0,0.0,0.0,0.0,0.0,0.0,0.0,0.0,0.0,0.0
514,0.0,0.0,0.0,0.0,0.0,0.0,0.0,0.0,0.0,0.0,0.0,0.0,0.0,0.0,0.0,0.0,0.0,0.0,0.0,0.0,0.0,0.0,0.0,0.0,0.0,0.0,0.0,0.0,0.0,0.0,0.0,0.0,0.0,0.0,0.0,0.0,0.0,0.0,0.0,0.0,0.0,0.0,0.0,0.0,0.0
515,0.0,0.0,0.0,0.0,0.0,0.0,0.0,0.0,0.0,0.0,0.0,0.0,0.0,0.0,0.0,0.0,0.0,0.0,0.0,0.0,0.0,0.0,0.0,0.0,0.0,0.0,0.0,0.0,0.0,0.0,0.0,0.0,0.0,0.0,0.0,0.0,0.0,0.0,0.0,0.0,0.0,0.0,0.0,0.0,0.0
516,0.0,0.0,0.0,0.0,0.0,0.0,0.0,0.0,0.0,0.0,0.0,0.0,0.0,0.0,0.0,0.0,0.0,0.0,0.0,0.0,0.0,0.0,0.0,0.0,0.0,0.0,0.0,0.0,0.0,0.0,0.0,0.0,0.0,0.0,0.0,0.0,0.0,0.0,0.0,0.0,0.0,0.0,0.0,0.0,0.0
517,0.0,0.0,0.0,0.0,0.0,0.0,0.0,0.0,0.0,0.0,0.0,0.0,0.0,0.0,0.0,0.0,0.0,0.0,0.0,0.0,0.0,0.0,0.0,0.0,0.0,0.0,0.0,0.0,0.0,0.0,0.0,0.0,0.0,0.0,0.0,0.0,0.0,0.0,0.0,0.0,0.0,0.0,0.0,0.0,0.0
518,0.0,0.0,0.0,0.0,0.0,0.0,0.0,0.0,0.0,0.0,0.0,0.0,0.0,0.0,0.0,0.0,0.0,0.0,0.0,0.0,0.0,0.0,0.0,0.0,0.0,0.0,0.0,0.0,0.0,0.0,0.0,0.0,0.0,0.0,0.0,0.0,0.0,0.0,0.0,0.0,0.0,0.0,0.0,0.0,0.0
519,0.0,0.0,0.0,0.0,0.0,0.0,0.0,0.0,0.0,0.0,0.0,0.0,0.0,0.0,0.0,0.0,0.0,0.0,0.0,0.0,0.0,0.0,0.0,0.0,0.0,0.0,0.0,0.0,0.0,0.0,0.0,0.0,0.0,0.0,0.0,0.0,0.0,0.0,0.0,0.0,0.0,0.0,0.0,0.0,0.0
520,0.0,0.0,0.0,0.0,0.0,0.0,0.0,0.0,0.0,0.0,0.0,0.0,0.0,0.0,0.0,0.0,0.0,0.0,0.0,0.0,0.0,0.0,0.0,0.0,0.0,0.0,0.0,0.0,0.0,0.0,0.0,0.0,0.0,0.0,0.0,0.0,0.0,0.0,0.0,0.0,0.0,0.0,0.0,0.0,0.0
521,0.0,0.0,0.0,0.0,0.0,0.0,0.0,0.0,0.0,0.0,0.0,0.0,0.0,0.0,0.0,0.0,0.0,0.0,0.0,0.0,0.0,0.0,0.0,0.0,0.0,0.0,0.0,0.0,0.0,0.0,0.0,0.0,0.0,0.0,0.0,0.0,0.0,0.0,0.0,0.0,0.0,0.0,0.0,0.0,0.0
522,0.0,0.0,0.0,0.0,0.0,0.0,0.0,0.0,0.0,0.0,0.0,0.0,0.0,0.0,0.0,0.0,0.0,0.0,0.0,0.0,0.0,0.0,0.0,0.0,0.0,0.0,0.0,0.0,0.0,0.0,0.0,0.0,0.0,0.0,0.0,0.0,0.0,0.0,0.0,0.0,0.0,0.0,0.0,0.0,0.0
523,0.0,0.0,0.0,0.0,0.0,0.0,0.0,0.0,0.0,0.0,0.0,0.0,0.0,0.0,0.0,0.0,0.0,0.0,0.0,0.0,0.0,0.0,0.0,0.0,0.0,0.0,0.0,0.0,0.0,0.0,0.0,0.0,0.0,0.0,0.0,0.0,0.0,0.0,0.0,0.0,0.0,0.0,0.0,0.0,0.0
524,0.0,0.0,0.0,0.0,0.0,0.0,0.0,0.0,0.0,0.0,0.0,0.0,0.0,0.0,0.0,0.0,0.0,0.0,0.0,0.0,0.0,0.0,0.0,0.0,0.0,0.0,0.0,0.0,0.0,0.0,0.0,0.0,0.0,0.0,0.0,0.0,0.0,0.0,0.0,0.0,0.0,0.0,0.0,0.0,0.0
525,0.0,0.0,0.0,0.0,0.0,0.0,0.0,0.0,0.0,0.0,0.0,0.0,0.0,0.0,0.0,0.0,0.0,0.0,0.0,0.0,0.0,0.0,0.0,0.0,0.0,0.0,0.0,0.0,0.0,0.0,0.0,0.0,0.0,0.0,0.0,0.0,0.0,0.0,0.0,0.0,0.0,0.0,0.0,0.0,0.0
526,0.0,0.0,0.0,0.0,0.0,0.0,0.0,0.0,0.0,0.0,0.0,0.0,0.0,0.0,0.0,0.0,0.0,0.0,0.0,0.0,0.0,0.0,0.0,0.0,0.0,0.0,0.0,0.0,0.0,0.0,0.0,0.0,0.0,0.0,0.0,0.0,0.0,0.0,0.0,0.0,0.0,0.0,0.0,0.0,0.0
527,0.0,0.0,0.0,0.0,0.0,0.0,0.0,0.0,0.0,0.0,0.0,0.0,0.0,0.0,0.0,0.0,0.0,0.0,0.0,0.0,0.0,0.0,0.0,0.0,0.0,0.0,0.0,0.0,0.0,0.0,0.0,0.0,0.0,0.0,0.0,0.0,0.0,0.0,0.0,0.0,0.0,0.0,0.0,0.0,0.0
528,0.0,0.0,0.0,0.0,0.0,0.0,0.0,0.0,0.0,0.0,0.0,0.0,0.0,0.0,0.0,0.0,0.0,0.0,0.0,0.0,0.0,0.0,0.0,0.0,0.0,0.0,0.0,0.0,0.0,0.0,0.0,0.0,0.0,0.0,0.0,0.0,0.0,0.0,0.0,0.0,0.0,0.0,0.0,0.0,0.0
529,0.0,0.0,0.0,0.0,0.0,0.0,0.0,0.0,0.0,0.0,0.0,0.0,0.0,0.0,0.0,0.0,0.0,0.0,0.0,0.0,0.0,0.0,0.0,0.0,0.0,0.0,0.0,0.0,0.0,0.0,0.0,0.0,0.0,0.0,0.0,0.0,0.0,0.0,0.0,0.0,0.0,0.0,0.0,0.0,0.0
530,0.0,0.0,0.0,0.0,0.0,0.0,0.0,0.0,0.0,0.0,0.0,0.0,0.0,0.0,0.0,0.0,0.0,0.0,0.0,0.0,0.0,0.0,0.0,0.0,0.0,0.0,0.0,0.0,0.0,0.0,0.0,0.0,0.0,0.0,0.0,0.0,0.0,0.0,0.0,0.0,0.0,0.0,0.0,0.0,0.0
531,0.0,0.0,0.0,0.0,0.0,0.0,0.0,0.0,0.0,0.0,0.0,0.0,0.0,0.0,0.0,0.0,0.0,0.0,0.0,0.0,0.0,0.0,0.0,0.0,0.0,0.0,0.0,0.0,0.0,0.0,0.0,0.0,0.0,0.0,0.0,0.0,0.0,0.0,0.0,0.0,0.0,0.0,0.0,0.0,0.0
532,0.0,0.0,0.0,0.0,0.0,0.0,0.0,0.0,0.0,0.0,0.0,0.0,0.0,0.0,0.0,0.0,0.0,0.0,0.0,0.0,0.0,0.0,0.0,0.0,0.0,0.0,0.0,0.0,0.0,0.0,0.0,0.0,0.0,0.0,0.0,0.0,0.0,0.0,0.0,0.0,0.0,0.0,0.0,0.0,0.0
533,0.0,0.0,0.0,0.0,0.0,0.0,0.0,0.0,0.0,0.0,0.0,0.0,0.0,0.0,0.0,0.0,0.0,0.0,0.0,0.0,0.0,0.0,0.0,0.0,0.0,0.0,0.0,0.0,0.0,0.0,0.0,0.0,0.0,0.0,0.0,0.0,0.0,0.0,0.0,0.0,0.0,0.0,0.0,0.0,0.0
534,0.0,0.0,0.0,0.0,0.0,0.0,0.0,0.0,0.0,0.0,0.0,0.0,0.0,0.0,0.0,0.0,0.0,0.0,0.0,0.0,0.0,0.0,0.0,0.0,0.0,0.0,0.0,0.0,0.0,0.0,0.0,0.0,0.0,0.0,0.0,0.0,0.0,0.0,0.0,0.0,0.0,0.0,0.0,0.0,0.0
535,0.0,0.0,0.0,0.0,0.0,0.0,0.0,0.0,0.0,0.0,0.0,0.0,0.0,0.0,0.0,0.0,0.0,0.0,0.0,0.0,0.0,0.0,0.0,0.0,0.0,0.0,0.0,0.0,0.0,0.0,0.0,0.0,0.0,0.0,0.0,0.0,0.0,0.0,0.0,0.0,0.0,0.0,0.0,0.0,0.0
536,0.0,0.0,0.0,0.0,0.0,0.0,0.0,0.0,0.0,0.0,0.0,0.0,0.0,0.0,0.0,0.0,0.0,0.0,0.0,0.0,0.0,0.0,0.0,0.0,0.0,0.0,0.0,0.0,0.0,0.0,0.0,0.0,0.0,0.0,0.0,0.0,0.0,0.0,0.0,0.0,0.0,0.0,0.0,0.0,0.0
537,0.0,0.0,0.0,0.0,0.0,0.0,0.0,0.0,0.0,0.0,0.0,0.0,0.0,0.0,0.0,0.0,0.0,0.0,0.0,0.0,0.0,0.0,0.0,0.0,0.0,0.0,0.0,0.0,0.0,0.0,0.0,0.0,0.0,0.0,0.0,0.0,0.0,0.0,0.0,0.0,0.0,0.0,0.0,0.0,0.0
538,0.0,0.0,0.0,0.0,0.0,0.0,0.0,0.0,0.0,0.0,0.0,0.0,0.0,0.0,0.0,0.0,0.0,0.0,0.0,0.0,0.0,0.0,0.0,0.0,0.0,0.0,0.0,0.0,0.0,0.0,0.0,0.0,0.0,0.0,0.0,0.0,0.0,0.0,0.0,0.0,0.0,0.0,0.0,0.0,0.0
539,0.0,0.0,0.0,0.0,0.0,0.0,0.0,0.0,0.0,0.0,0.0,0.0,0.0,0.0,0.0,0.0,0.0,0.0,0.0,0.0,0.0,0.0,0.0,0.0,0.0,0.0,0.0,0.0,0.0,0.0,0.0,0.0,0.0,0.0,0.0,0.0,0.0,0.0,0.0,0.0,0.0,0.0,0.0,0.0,0.0
540,0.0,0.0,0.0,0.0,0.0,0.0,0.0,0.0,0.0,0.0,0.0,0.0,0.0,0.0,0.0,0.0,0.0,0.0,0.0,0.0,0.0,0.0,0.0,0.0,0.0,0.0,0.0,0.0,0.0,0.0,0.0,0.0,0.0,0.0,0.0,0.0,0.0,0.0,0.0,0.0,0.0,0.0,0.0,0.0,0.0
541,0.0,0.0,0.0,0.0,0.0,0.0,0.0,0.0,0.0,0.0,0.0,0.0,0.0,0.0,0.0,0.0,0.0,0.0,0.0,0.0,0.0,0.0,0.0,0.0,0.0,0.0,0.0,0.0,0.0,0.0,0.0,0.0,0.0,0.0,0.0,0.0,0.0,0.0,0.0,0.0,0.0,0.0,0.0,0.0,0.0
542,0.0,0.0,0.0,0.0,0.0,0.0,0.0,0.0,0.0,0.0,0.0,0.0,0.0,0.0,0.0,0.0,0.0,0.0,0.0,0.0,0.0,0.0,0.0,0.0,0.0,0.0,0.0,0.0,0.0,0.0,0.0,0.0,0.0,0.0,0.0,0.0,0.0,0.0,0.0,0.0,0.0,0.0,0.0,0.0,0.0
543,0.0,0.0,0.0,0.0,0.0,0.0,0.0,0.0,0.0,0.0,0.0,0.0,0.0,0.0,0.0,0.0,0.0,0.0,0.0,0.0,0.0,0.0,0.0,0.0,0.0,0.0,0.0,0.0,0.0,0.0,0.0,0.0,0.0,0.0,0.0,0.0,0.0,0.0,0.0,0.0,0.0,0.0,0.0,0.0,0.0
544,0.0,0.0,0.0,0.0,0.0,0.0,0.0,0.0,0.0,0.0,0.0,0.0,0.0,0.0,0.0,0.0,0.0,0.0,0.0,0.0,0.0,0.0,0.0,0.0,0.0,0.0,0.0,0.0,0.0,0.0,0.0,0.0,0.0,0.0,0.0,0.0,0.0,0.0,0.0,0.0,0.0,0.0,0.0,0.0,0.0
545,0.0,0.0,0.0,0.0,0.0,0.0,0.0,0.0,0.0,0.0,0.0,0.0,0.0,0.0,0.0,0.0,0.0,0.0,0.0,0.0,0.0,0.0,0.0,0.0,0.0,0.0,0.0,0.0,0.0,0.0,0.0,0.0,0.0,0.0,0.0,0.0,0.0,0.0,0.0,0.0,0.0,0.0,0.0,0.0,0.0
546,0.0,0.0,0.0,0.0,0.0,0.0,0.0,0.0,0.0,0.0,0.0,0.0,0.0,0.0,0.0,0.0,0.0,0.0,0.0,0.0,0.0,0.0,0.0,0.0,0.0,0.0,0.0,0.0,0.0,0.0,0.0,0.0,0.0,0.0,0.0,0.0,0.0,0.0,0.0,0.0,0.0,0.0,0.0,0.0,0.0
547,0.0,0.0,0.0,0.0,0.0,0.0,0.0,0.0,0.0,0.0,0.0,0.0,0.0,0.0,0.0,0.0,0.0,0.0,0.0,0.0,0.0,0.0,0.0,0.0,0.0,0.0,0.0,0.0,0.0,0.0,0.0,0.0,0.0,0.0,0.0,0.0,0.0,0.0,0.0,0.0,0.0,0.0,0.0,0.0,0.0
548,0.0,0.0,0.0,0.0,0.0,0.0,0.0,0.0,0.0,0.0,0.0,0.0,0.0,0.0,0.0,0.0,0.0,0.0,0.0,0.0,0.0,0.0,0.0,0.0,0.0,0.0,0.0,0.0,0.0,0.0,0.0,0.0,0.0,0.0,0.0,0.0,0.0,0.0,0.0,0.0,0.0,0.0,0.0,0.0,0.0
549,0.0,0.0,0.0,0.0,0.0,0.0,0.0,0.0,0.0,0.0,0.0,0.0,0.0,0.0,0.0,0.0,0.0,0.0,0.0,0.0,0.0,0.0,0.0,0.0,0.0,0.0,0.0,0.0,0.0,0.0,0.0,0.0,0.0,0.0,0.0,0.0,0.0,0.0,0.0,0.0,0.0,0.0,0.0,0.0,0.0
550,0.0,0.0,0.0,0.0,0.0,0.0,0.0,0.0,0.0,0.0,0.0,0.0,0.0,0.0,0.0,0.0,0.0,0.0,0.0,0.0,0.0,0.0,0.0,0.0,0.0,0.0,0.0,0.0,0.0,0.0,0.0,0.0,0.0,0.0,0.0,0.0,0.0,0.0,0.0,0.0,0.0,0.0,0.0,0.0,0.0
551,0.0,0.0,0.0,0.0,0.0,0.0,0.0,0.0,0.0,0.0,0.0,0.0,0.0,0.0,0.0,0.0,0.0,0.0,0.0,0.0,0.0,0.0,0.0,0.0,0.0,0.0,0.0,0.0,0.0,0.0,0.0,0.0,0.0,0.0,0.0,0.0,0.0,0.0,0.0,0.0,0.0,0.0,0.0,0.0,0.0
552,0.0,0.0,0.0,0.0,0.0,0.0,0.0,0.0,0.0,0.0,0.0,0.0,0.0,0.0,0.0,0.0,0.0,0.0,0.0,0.0,0.0,0.0,0.0,0.0,0.0,0.0,0.0,0.0,0.0,0.0,0.0,0.0,0.0,0.0,0.0,0.0,0.0,0.0,0.0,0.0,0.0,0.0,0.0,0.0,0.0
553,0.0,0.0,0.0,0.0,0.0,0.0,0.0,0.0,0.0,0.0,0.0,0.0,0.0,0.0,0.0,0.0,0.0,0.0,0.0,0.0,0.0,0.0,0.0,0.0,0.0,0.0,0.0,0.0,0.0,0.0,0.0,0.0,0.0,0.0,0.0,0.0,0.0,0.0,0.0,0.0,0.0,0.0,0.0,0.0,0.0
554,0.0,0.0,0.0,0.0,0.0,0.0,0.0,0.0,0.0,0.0,0.0,0.0,0.0,0.0,0.0,0.0,0.0,0.0,0.0,0.0,0.0,0.0,0.0,0.0,0.0,0.0,0.0,0.0,0.0,0.0,0.0,0.0,0.0,0.0,0.0,0.0,0.0,0.0,0.0,0.0,0.0,0.0,0.0,0.0,0.0
555,0.0,0.0,0.0,0.0,0.0,0.0,0.0,0.0,0.0,0.0,0.0,0.0,0.0,0.0,0.0,0.0,0.0,0.0,0.0,0.0,0.0,0.0,0.0,0.0,0.0,0.0,0.0,0.0,0.0,0.0,0.0,0.0,0.0,0.0,0.0,0.0,0.0,0.0,0.0,0.0,0.0,0.0,0.0,0.0,0.0
556,0.0,0.0,0.0,0.0,0.0,0.0,0.0,0.0,0.0,0.0,0.0,0.0,0.0,0.0,0.0,0.0,0.0,0.0,0.0,0.0,0.0,0.0,0.0,0.0,0.0,0.0,0.0,0.0,0.0,0.0,0.0,0.0,0.0,0.0,0.0,0.0,0.0,0.0,0.0,0.0,0.0,0.0,0.0,0.0,0.0
557,0.0,0.0,0.0,0.0,0.0,0.0,0.0,0.0,0.0,0.0,0.0,0.0,0.0,0.0,0.0,0.0,0.0,0.0,0.0,0.0,0.0,0.0,0.0,0.0,0.0,0.0,0.0,0.0,0.0,0.0,0.0,0.0,0.0,0.0,0.0,0.0,0.0,0.0,0.0,0.0,0.0,0.0,0.0,0.0,0.0
558,0.0,0.0,0.0,0.0,0.0,0.0,0.0,0.0,0.0,0.0,0.0,0.0,0.0,0.0,0.0,0.0,0.0,0.0,0.0,0.0,0.0,0.0,0.0,0.0,0.0,0.0,0.0,0.0,0.0,0.0,0.0,0.0,0.0,0.0,0.0,0.0,0.0,0.0,0.0,0.0,0.0,0.0,0.0,0.0,0.0
559,0.0,0.0,0.0,0.0,0.0,0.0,0.0,0.0,0.0,0.0,0.0,0.0,0.0,0.0,0.0,0.0,0.0,0.0,0.0,0.0,0.0,0.0,0.0,0.0,0.0,0.0,0.0,0.0,0.0,0.0,0.0,0.0,0.0,0.0,0.0,0.0,0.0,0.0,0.0,0.0,0.0,0.0,0.0,0.0,0.0
560,0.0,0.0,0.0,0.0,0.0,0.0,0.0,0.0,0.0,0.0,0.0,0.0,0.0,0.0,0.0,0.0,0.0,0.0,0.0,0.0,0.0,0.0,0.0,0.0,0.0,0.0,0.0,0.0,0.0,0.0,0.0,0.0,0.0,0.0,0.0,0.0,0.0,0.0,0.0,0.0,0.0,0.0,0.0,0.0,0.0
561,0.0,0.0,0.0,0.0,0.0,0.0,0.0,0.0,0.0,0.0,0.0,0.0,0.0,0.0,0.0,0.0,0.0,0.0,0.0,0.0,0.0,0.0,0.0,0.0,0.0,0.0,0.0,0.0,0.0,0.0,0.0,0.0,0.0,0.0,0.0,0.0,0.0,0.0,0.0,0.0,0.0,0.0,0.0,0.0,0.0
562,0.0,0.0,0.0,0.0,0.0,0.0,0.0,0.0,0.0,0.0,0.0,0.0,0.0,0.0,0.0,0.0,0.0,0.0,0.0,0.0,0.0,0.0,0.0,0.0,0.0,0.0,0.0,0.0,0.0,0.0,0.0,0.0,0.0,0.0,0.0,0.0,0.0,0.0,0.0,0.0,0.0,0.0,0.0,0.0,0.0
563,0.0,0.0,0.0,0.0,0.0,0.0,0.0,0.0,0.0,0.0,0.0,0.0,0.0,0.0,0.0,0.0,0.0,0.0,0.0,0.0,0.0,0.0,0.0,0.0,0.0,0.0,0.0,0.0,0.0,0.0,0.0,0.0,0.0,0.0,0.0,0.0,0.0,0.0,0.0,0.0,0.0,0.0,0.0,0.0,0.0
564,0.0,0.0,0.0,0.0,0.0,0.0,0.0,0.0,0.0,0.0,0.0,0.0,0.0,0.0,0.0,0.0,0.0,0.0,0.0,0.0,0.0,0.0,0.0,0.0,0.0,0.0,0.0,0.0,0.0,0.0,0.0,0.0,0.0,0.0,0.0,0.0,0.0,0.0,0.0,0.0,0.0,0.0,0.0,0.0,0.0
565,0.0,0.0,0.0,0.0,0.0,0.0,0.0,0.0,0.0,0.0,0.0,0.0,0.0,0.0,0.0,0.0,0.0,0.0,0.0,0.0,0.0,0.0,0.0,0.0,0.0,0.0,0.0,0.0,0.0,0.0,0.0,0.0,0.0,0.0,0.0,0.0,0.0,0.0,0.0,0.0,0.0,0.0,0.0,0.0,0.0
566,0.0,0.0,0.0,0.0,0.0,0.0,0.0,0.0,0.0,0.0,0.0,0.0,0.0,0.0,0.0,0.0,0.0,0.0,0.0,0.0,0.0,0.0,0.0,0.0,0.0,0.0,0.0,0.0,0.0,0.0,0.0,0.0,0.0,0.0,0.0,0.0,0.0,0.0,0.0,0.0,0.0,0.0,0.0,0.0,0.0
567,0.0,0.0,0.0,0.0,0.0,0.0,0.0,0.0,0.0,0.0,0.0,0.0,0.0,0.0,0.0,0.0,0.0,0.0,0.0,0.0,0.0,0.0,0.0,0.0,0.0,0.0,0.0,0.0,0.0,0.0,0.0,0.0,0.0,0.0,0.0,0.0,0.0,0.0,0.0,0.0,0.0,0.0,0.0,0.0,0.0
568,0.0,0.0,0.0,0.0,0.0,0.0,0.0,0.0,0.0,0.0,0.0,0.0,0.0,0.0,0.0,0.0,0.0,0.0,0.0,0.0,0.0,0.0,0.0,0.0,0.0,0.0,0.0,0.0,0.0,0.0,0.0,0.0,0.0,0.0,0.0,0.0,0.0,0.0,0.0,0.0,0.0,0.0,0.0,0.0,0.0
569,0.0,0.0,0.0,0.0,0.0,0.0,0.0,0.0,0.0,0.0,0.0,0.0,0.0,0.0,0.0,0.0,0.0,0.0,0.0,0.0,0.0,0.0,0.0,0.0,0.0,0.0,0.0,0.0,0.0,0.0,0.0,0.0,0.0,0.0,0.0,0.0,0.0,0.0,0.0,0.0,0.0,0.0,0.0,0.0,0.0
570,0.0,0.0,0.0,0.0,0.0,0.0,0.0,0.0,0.0,0.0,0.0,0.0,0.0,0.0,0.0,0.0,0.0,0.0,0.0,0.0,0.0,0.0,0.0,0.0,0.0,0.0,0.0,0.0,0.0,0.0,0.0,0.0,0.0,0.0,0.0,0.0,0.0,0.0,0.0,0.0,0.0,0.0,0.0,0.0,0.0
571,0.0,0.0,0.0,0.0,0.0,0.0,0.0,0.0,0.0,0.0,0.0,0.0,0.0,0.0,0.0,0.0,0.0,0.0,0.0,0.0,0.0,0.0,0.0,0.0,0.0,0.0,0.0,0.0,0.0,0.0,0.0,0.0,0.0,0.0,0.0,0.0,0.0,0.0,0.0,0.0,0.0,0.0,0.0,0.0,0.0
572,0.0,0.0,0.0,0.0,0.0,0.0,0.0,0.0,0.0,0.0,0.0,0.0,0.0,0.0,0.0,0.0,0.0,0.0,0.0,0.0,0.0,0.0,0.0,0.0,0.0,0.0,0.0,0.0,0.0,0.0,0.0,0.0,0.0,0.0,0.0,0.0,0.0,0.0,0.0,0.0,0.0,0.0,0.0,0.0,0.0
573,0.0,0.0,0.0,0.0,0.0,0.0,0.0,0.0,0.0,0.0,0.0,0.0,0.0,0.0,0.0,0.0,0.0,0.0,0.0,0.0,0.0,0.0,0.0,0.0,0.0,0.0,0.0,0.0,0.0,0.0,0.0,0.0,0.0,0.0,0.0,0.0,0.0,0.0,0.0,0.0,0.0,0.0,0.0,0.0,0.0
574,0.0,0.0,0.0,0.0,0.0,0.0,0.0,0.0,0.0,0.0,0.0,0.0,0.0,0.0,0.0,0.0,0.0,0.0,0.0,0.0,0.0,0.0,0.0,0.0,0.0,0.0,0.0,0.0,0.0,0.0,0.0,0.0,0.0,0.0,0.0,0.0,0.0,0.0,0.0,0.0,0.0,0.0,0.0,0.0,0.0
575,0.0,0.0,0.0,0.0,0.0,0.0,0.0,0.0,0.0,0.0,0.0,0.0,0.0,0.0,0.0,0.0,0.0,0.0,0.0,0.0,0.0,0.0,0.0,0.0,0.0,0.0,0.0,0.0,0.0,0.0,0.0,0.0,0.0,0.0,0.0,0.0,0.0,0.0,0.0,0.0,0.0,0.0,0.0,0.0,0.0
576,0.0,0.0,0.0,0.0,0.0,0.0,0.0,0.0,0.0,0.0,0.0,0.0,0.0,0.0,0.0,0.0,0.0,0.0,0.0,0.0,0.0,0.0,0.0,0.0,0.0,0.0,0.0,0.0,0.0,0.0,0.0,0.0,0.0,0.0,0.0,0.0,0.0,0.0,0.0,0.0,0.0,0.0,0.0,0.0,0.0
577,0.0,0.0,0.0,0.0,0.0,0.0,0.0,0.0,0.0,0.0,0.0,0.0,0.0,0.0,0.0,0.0,0.0,0.0,0.0,0.0,0.0,0.0,0.0,0.0,0.0,0.0,0.0,0.0,0.0,0.0,0.0,0.0,0.0,0.0,0.0,0.0,0.0,0.0,0.0,0.0,0.0,0.0,0.0,0.0,0.0
578,0.0,0.0,0.0,0.0,0.0,0.0,0.0,0.0,0.0,0.0,0.0,0.0,0.0,0.0,0.0,0.0,0.0,0.0,0.0,0.0,0.0,0.0,0.0,0.0,0.0,0.0,0.0,0.0,0.0,0.0,0.0,0.0,0.0,0.0,0.0,0.0,0.0,0.0,0.0,0.0,0.0,0.0,0.0,0.0,0.0
579,0.0,0.0,0.0,0.0,0.0,0.0,0.0,0.0,0.0,0.0,0.0,0.0,0.0,0.0,0.0,0.0,0.0,0.0,0.0,0.0,0.0,0.0,0.0,0.0,0.0,0.0,0.0,0.0,0.0,0.0,0.0,0.0,0.0,0.0,0.0,0.0,0.0,0.0,0.0,0.0,0.0,0.0,0.0,0.0,0.0
580,0.0,0.0,0.0,0.0,0.0,0.0,0.0,0.0,0.0,0.0,0.0,0.0,0.0,0.0,0.0,0.0,0.0,0.0,0.0,0.0,0.0,0.0,0.0,0.0,0.0,0.0,0.0,0.0,0.0,0.0,0.0,0.0,0.0,0.0,0.0,0.0,0.0,0.0,0.0,0.0,0.0,0.0,0.0,0.0,0.0
581,0.0,0.0,0.0,0.0,0.0,0.0,0.0,0.0,0.0,0.0,0.0,0.0,0.0,0.0,0.0,0.0,0.0,0.0,0.0,0.0,0.0,0.0,0.0,0.0,0.0,0.0,0.0,0.0,0.0,0.0,0.0,0.0,0.0,0.0,0.0,0.0,0.0,0.0,0.0,0.0,0.0,0.0,0.0,0.0,0.0
582,0.0,0.0,0.0,0.0,0.0,0.0,0.0,0.0,0.0,0.0,0.0,0.0,0.0,0.0,0.0,0.0,0.0,0.0,0.0,0.0,0.0,0.0,0.0,0.0,0.0,0.0,0.0,0.0,0.0,0.0,0.0,0.0,0.0,0.0,0.0,0.0,0.0,0.0,0.0,0.0,0.0,0.0,0.0,0.0,0.0
583,0.0,0.0,0.0,0.0,0.0,0.0,0.0,0.0,0.0,0.0,0.0,0.0,0.0,0.0,0.0,0.0,0.0,0.0,0.0,0.0,0.0,0.0,0.0,0.0,0.0,0.0,0.0,0.0,0.0,0.0,0.0,0.0,0.0,0.0,0.0,0.0,0.0,0.0,0.0,0.0,0.0,0.0,0.0,0.0,0.0
584,0.0,0.0,0.0,0.0,0.0,0.0,0.0,0.0,0.0,0.0,0.0,0.0,0.0,0.0,0.0,0.0,0.0,0.0,0.0,0.0,0.0,0.0,0.0,0.0,0.0,0.0,0.0,0.0,0.0,0.0,0.0,0.0,0.0,0.0,0.0,0.0,0.0,0.0,0.0,0.0,0.0,0.0,0.0,0.0,0.0
585,0.0,0.0,0.0,0.0,0.0,0.0,0.0,0.0,0.0,0.0,0.0,0.0,0.0,0.0,0.0,0.0,0.0,0.0,0.0,0.0,0.0,0.0,0.0,0.0,0.0,0.0,0.0,0.0,0.0,0.0,0.0,0.0,0.0,0.0,0.0,0.0,0.0,0.0,0.0,0.0,0.0,0.0,0.0,0.0,0.0
586,0.0,0.0,0.0,0.0,0.0,0.0,0.0,0.0,0.0,0.0,0.0,0.0,0.0,0.0,0.0,0.0,0.0,0.0,0.0,0.0,0.0,0.0,0.0,0.0,0.0,0.0,0.0,0.0,0.0,0.0,0.0,0.0,0.0,0.0,0.0,0.0,0.0,0.0,0.0,0.0,0.0,0.0,0.0,0.0,0.0
587,0.0,0.0,0.0,0.0,0.0,0.0,0.0,0.0,0.0,0.0,0.0,0.0,0.0,0.0,0.0,0.0,0.0,0.0,0.0,0.0,0.0,0.0,0.0,0.0,0.0,0.0,0.0,0.0,0.0,0.0,0.0,0.0,0.0,0.0,0.0,0.0,0.0,0.0,0.0,0.0,0.0,0.0,0.0,0.0,0.0
588,0.0,0.0,0.0,0.0,0.0,0.0,0.0,0.0,0.0,0.0,0.0,0.0,0.0,0.0,0.0,0.0,0.0,0.0,0.0,0.0,0.0,0.0,0.0,0.0,0.0,0.0,0.0,0.0,0.0,0.0,0.0,0.0,0.0,0.0,0.0,0.0,0.0,0.0,0.0,0.0,0.0,0.0,0.0,0.0,0.0
589,0.0,0.0,0.0,0.0,0.0,0.0,0.0,0.0,0.0,0.0,0.0,0.0,0.0,0.0,0.0,0.0,0.0,0.0,0.0,0.0,0.0,0.0,0.0,0.0,0.0,0.0,0.0,0.0,0.0,0.0,0.0,0.0,0.0,0.0,0.0,0.0,0.0,0.0,0.0,0.0,0.0,0.0,0.0,0.0,0.0
590,0.0,0.0,0.0,0.0,0.0,0.0,0.0,0.0,0.0,0.0,0.0,0.0,0.0,0.0,0.0,0.0,0.0,0.0,0.0,0.0,0.0,0.0,0.0,0.0,0.0,0.0,0.0,0.0,0.0,0.0,0.0,0.0,0.0,0.0,0.0,0.0,0.0,0.0,0.0,0.0,0.0,0.0,0.0,0.0,0.0
591,0.0,0.0,0.0,0.0,0.0,0.0,0.0,0.0,0.0,0.0,0.0,0.0,0.0,0.0,0.0,0.0,0.0,0.0,0.0,0.0,0.0,0.0,0.0,0.0,0.0,0.0,0.0,0.0,0.0,0.0,0.0,0.0,0.0,0.0,0.0,0.0,0.0,0.0,0.0,0.0,0.0,0.0,0.0,0.0,0.0
592,0.0,0.0,0.0,0.0,0.0,0.0,0.0,0.0,0.0,0.0,0.0,0.0,0.0,0.0,0.0,0.0,0.0,0.0,0.0,0.0,0.0,0.0,0.0,0.0,0.0,0.0,0.0,0.0,0.0,0.0,0.0,0.0,0.0,0.0,0.0,0.0,0.0,0.0,0.0,0.0,0.0,0.0,0.0,0.0,0.0
593,0.0,0.0,0.0,0.0,0.0,0.0,0.0,0.0,0.0,0.0,0.0,0.0,0.0,0.0,0.0,0.0,0.0,0.0,0.0,0.0,0.0,0.0,0.0,0.0,0.0,0.0,0.0,0.0,0.0,0.0,0.0,0.0,0.0,0.0,0.0,0.0,0.0,0.0,0.0,0.0,0.0,0.0,0.0,0.0,0.0
594,0.0,0.0,0.0,0.0,0.0,0.0,0.0,0.0,0.0,0.0,0.0,0.0,0.0,0.0,0.0,0.0,0.0,0.0,0.0,0.0,0.0,0.0,0.0,0.0,0.0,0.0,0.0,0.0,0.0,0.0,0.0,0.0,0.0,0.0,0.0,0.0,0.0,0.0,0.0,0.0,0.0,0.0,0.0,0.0,0.0
595,0.0,0.0,0.0,0.0,0.0,0.0,0.0,0.0,0.0,0.0,0.0,0.0,0.0,0.0,0.0,0.0,0.0,0.0,0.0,0.0,0.0,0.0,0.0,0.0,0.0,0.0,0.0,0.0,0.0,0.0,0.0,0.0,0.0,0.0,0.0,0.0,0.0,0.0,0.0,0.0,0.0,0.0,0.0,0.0,0.0
596,0.0,0.0,0.0,0.0,0.0,0.0,0.0,0.0,0.0,0.0,0.0,0.0,0.0,0.0,0.0,0.0,0.0,0.0,0.0,0.0,0.0,0.0,0.0,0.0,0.0,0.0,0.0,0.0,0.0,0.0,0.0,0.0,0.0,0.0,0.0,0.0,0.0,0.0,0.0,0.0,0.0,0.0,0.0,0.0,0.0
597,0.0,0.0,0.0,0.0,0.0,0.0,0.0,0.0,0.0,0.0,0.0,0.0,0.0,0.0,0.0,0.0,0.0,0.0,0.0,0.0,0.0,0.0,0.0,0.0,0.0,0.0,0.0,0.0,0.0,0.0,0.0,0.0,0.0,0.0,0.0,0.0,0.0,0.0,0.0,0.0,0.0,0.0,0.0,0.0,0.0
598,0.0,0.0,0.0,0.0,0.0,0.0,0.0,0.0,0.0,0.0,0.0,0.0,0.0,0.0,0.0,0.0,0.0,0.0,0.0,0.0,0.0,0.0,0.0,0.0,0.0,0.0,0.0,0.0,0.0,0.0,0.0,0.0,0.0,0.0,0.0,0.0,0.0,0.0,0.0,0.0,0.0,0.0,0.0,0.0,0.0
599,0.0,0.0,0.0,0.0,0.0,0.0,0.0,0.0,0.0,0.0,0.0,0.0,0.0,0.0,0.0,0.0,0.0,0.0,0.0,0.0,0.0,0.0,0.0,0.0,0.0,0.0,0.0,0.0,0.0,0.0,0.0,0.0,0.0,0.0,0.0,0.0,0.0,0.0,0.0,0.0,0.0,0.0,0.0,0.0,0.0
600,0.0,0.0,0.0,0.0,0.0,0.0,0.0,0.0,0.0,0.0,0.0,0.0,0.0,0.0,0.0,0.0,0.0,0.0,0.0,0.0,0.0,0.0,0.0,0.0,0.0,0.0,0.0,0.0,0.0,0.0,0.0,0.0,0.0,0.0,0.0,0.0,0.0,0.0,0.0,0.0,0.0,0.0,0.0,0.0,0.0
601,0.0,0.0,0.0,0.0,0.0,0.0,0.0,0.0,0.0,0.0,0.0,0.0,0.0,0.0,0.0,0.0,0.0,0.0,0.0,0.0,0.0,0.0,0.0,0.0,0.0,0.0,0.0,0.0,0.0,0.0,0.0,0.0,0.0,0.0,0.0,0.0,0.0,0.0,0.0,0.0,0.0,0.0,0.0,0.0,0.0
602,0.0,0.0,0.0,0.0,0.0,0.0,0.0,0.0,0.0,0.0,0.0,0.0,0.0,0.0,0.0,0.0,0.0,0.0,0.0,0.0,0.0,0.0,0.0,0.0,0.0,0.0,0.0,0.0,0.0,0.0,0.0,0.0,0.0,0.0,0.0,0.0,0.0,0.0,0.0,0.0,0.0,0.0,0.0,0.0,0.0
603,0.0,0.0,0.0,0.0,0.0,0.0,0.0,0.0,0.0,0.0,0.0,0.0,0.0,0.0,0.0,0.0,0.0,0.0,0.0,0.0,0.0,0.0,0.0,0.0,0.0,0.0,0.0,0.0,0.0,0.0,0.0,0.0,0.0,0.0,0.0,0.0,0.0,0.0,0.0,0.0,0.0,0.0,0.0,0.0,0.0
604,0.0,0.0,0.0,0.0,0.0,0.0,0.0,0.0,0.0,0.0,0.0,0.0,0.0,0.0,0.0,0.0,0.0,0.0,0.0,0.0,0.0,0.0,0.0,0.0,0.0,0.0,0.0,0.0,0.0,0.0,0.0,0.0,0.0,0.0,0.0,0.0,0.0,0.0,0.0,0.0,0.0,0.0,0.0,0.0,0.0
605,0.0,0.0,0.0,0.0,0.0,0.0,0.0,0.0,0.0,0.0,0.0,0.0,0.0,0.0,0.0,0.0,0.0,0.0,0.0,0.0,0.0,0.0,0.0,0.0,0.0,0.0,0.0,0.0,0.0,0.0,0.0,0.0,0.0,0.0,0.0,0.0,0.0,0.0,0.0,0.0,0.0,0.0,0.0,0.0,0.0
606,0.0,0.0,0.0,0.0,0.0,0.0,0.0,0.0,0.0,0.0,0.0,0.0,0.0,0.0,0.0,0.0,0.0,0.0,0.0,0.0,0.0,0.0,0.0,0.0,0.0,0.0,0.0,0.0,0.0,0.0,0.0,0.0,0.0,0.0,0.0,0.0,0.0,0.0,0.0,0.0,0.0,0.0,0.0,0.0,0.0
607,0.0,0.0,0.0,0.0,0.0,0.0,0.0,0.0,0.0,0.0,0.0,0.0,0.0,0.0,0.0,0.0,0.0,0.0,0.0,0.0,0.0,0.0,0.0,0.0,0.0,0.0,0.0,0.0,0.0,0.0,0.0,0.0,0.0,0.0,0.0,0.0,0.0,0.0,0.0,0.0,0.0,0.0,0.0,0.0,0.0
608,0.0,0.0,0.0,0.0,0.0,0.0,0.0,0.0,0.0,0.0,0.0,0.0,0.0,0.0,0.0,0.0,0.0,0.0,0.0,0.0,0.0,0.0,0.0,0.0,0.0,0.0,0.0,0.0,0.0,0.0,0.0,0.0,0.0,0.0,0.0,0.0,0.0,0.0,0.0,0.0,0.0,0.0,0.0,0.0,0.0
609,0.0,0.0,0.0,0.0,0.0,0.0,0.0,0.0,0.0,0.0,0.0,0.0,0.0,0.0,0.0,0.0,0.0,0.0,0.0,0.0,0.0,0.0,0.0,0.0,0.0,0.0,0.0,0.0,0.0,0.0,0.0,0.0,0.0,0.0,0.0,0.0,0.0,0.0,0.0,0.0,0.0,0.0,0.0,0.0,0.0
610,0.0,0.0,0.0,0.0,0.0,0.0,0.0,0.0,0.0,0.0,0.0,0.0,0.0,0.0,0.0,0.0,0.0,0.0,0.0,0.0,0.0,0.0,0.0,0.0,0.0,0.0,0.0,0.0,0.0,0.0,0.0,0.0,0.0,0.0,0.0,0.0,0.0,0.0,0.0,0.0,0.0,0.0,0.0,0.0,0.0
611,0.0,0.0,0.0,0.0,0.0,0.0,0.0,0.0,0.0,0.0,0.0,0.0,0.0,0.0,0.0,0.0,0.0,0.0,0.0,0.0,0.0,0.0,0.0,0.0,0.0,0.0,0.0,0.0,0.0,0.0,0.0,0.0,0.0,0.0,0.0,0.0,0.0,0.0,0.0,0.0,0.0,0.0,0.0,0.0,0.0
612,0.0,0.0,0.0,0.0,0.0,0.0,0.0,0.0,0.0,0.0,0.0,0.0,0.0,0.0,0.0,0.0,0.0,0.0,0.0,0.0,0.0,0.0,0.0,0.0,0.0,0.0,0.0,0.0,0.0,0.0,0.0,0.0,0.0,0.0,0.0,0.0,0.0,0.0,0.0,0.0,0.0,0.0,0.0,0.0,0.0
613,0.0,0.0,0.0,0.0,0.0,0.0,0.0,0.0,0.0,0.0,0.0,0.0,0.0,0.0,0.0,0.0,0.0,0.0,0.0,0.0,0.0,0.0,0.0,0.0,0.0,0.0,0.0,0.0,0.0,0.0,0.0,0.0,0.0,0.0,0.0,0.0,0.0,0.0,0.0,0.0,0.0,0.0,0.0,0.0,0.0
614,0.0,0.0,0.0,0.0,0.0,0.0,0.0,0.0,0.0,0.0,0.0,0.0,0.0,0.0,0.0,0.0,0.0,0.0,0.0,0.0,0.0,0.0,0.0,0.0,0.0,0.0,0.0,0.0,0.0,0.0,0.0,0.0,0.0,0.0,0.0,0.0,0.0,0.0,0.0,0.0,0.0,0.0,0.0,0.0,0.0
615,0.0,0.0,0.0,0.0,0.0,0.0,0.0,0.0,0.0,0.0,0.0,0.0,0.0,0.0,0.0,0.0,0.0,0.0,0.0,0.0,0.0,0.0,0.0,0.0,0.0,0.0,0.0,0.0,0.0,0.0,0.0,0.0,0.0,0.0,0.0,0.0,0.0,0.0,0.0,0.0,0.0,0.0,0.0,0.0,0.0
616,0.0,0.0,0.0,0.0,0.0,0.0,0.0,0.0,0.0,0.0,0.0,0.0,0.0,0.0,0.0,0.0,0.0,0.0,0.0,0.0,0.0,0.0,0.0,0.0,0.0,0.0,0.0,0.0,0.0,0.0,0.0,0.0,0.0,0.0,0.0,0.0,0.0,0.0,0.0,0.0,0.0,0.0,0.0,0.0,0.0
617,0.0,0.0,0.0,0.0,0.0,0.0,0.0,0.0,0.0,0.0,0.0,0.0,0.0,0.0,0.0,0.0,0.0,0.0,0.0,0.0,0.0,0.0,0.0,0.0,0.0,0.0,0.0,0.0,0.0,0.0,0.0,0.0,0.0,0.0,0.0,0.0,0.0,0.0,0.0,0.0,0.0,0.0,0.0,0.0,0.0
618,0.0,0.0,0.0,0.0,0.0,0.0,0.0,0.0,0.0,0.0,0.0,0.0,0.0,0.0,0.0,0.0,0.0,0.0,0.0,0.0,0.0,0.0,0.0,0.0,0.0,0.0,0.0,0.0,0.0,0.0,0.0,0.0,0.0,0.0,0.0,0.0,0.0,0.0,0.0,0.0,0.0,0.0,0.0,0.0,0.0
619,0.0,0.0,0.0,0.0,0.0,0.0,0.0,0.0,0.0,0.0,0.0,0.0,0.0,0.0,0.0,0.0,0.0,0.0,0.0,0.0,0.0,0.0,0.0,0.0,0.0,0.0,0.0,0.0,0.0,0.0,0.0,0.0,0.0,0.0,0.0,0.0,0.0,0.0,0.0,0.0,0.0,0.0,0.0,0.0,0.0
620,0.0,0.0,0.0,0.0,0.0,0.0,0.0,0.0,0.0,0.0,0.0,0.0,0.0,0.0,0.0,0.0,0.0,0.0,0.0,0.0,0.0,0.0,0.0,0.0,0.0,0.0,0.0,0.0,0.0,0.0,0.0,0.0,0.0,0.0,0.0,0.0,0.0,0.0,0.0,0.0,0.0,0.0,0.0,0.0,0.0
621,0.0,0.0,0.0,0.0,0.0,0.0,0.0,0.0,0.0,0.0,0.0,0.0,0.0,0.0,0.0,0.0,0.0,0.0,0.0,0.0,0.0,0.0,0.0,0.0,0.0,0.0,0.0,0.0,0.0,0.0,0.0,0.0,0.0,0.0,0.0,0.0,0.0,0.0,0.0,0.0,0.0,0.0,0.0,0.0,0.0
622,0.0,0.0,0.0,0.0,0.0,0.0,0.0,0.0,0.0,0.0,0.0,0.0,0.0,0.0,0.0,0.0,0.0,0.0,0.0,0.0,0.0,0.0,0.0,0.0,0.0,0.0,0.0,0.0,0.0,0.0,0.0,0.0,0.0,0.0,0.0,0.0,0.0,0.0,0.0,0.0,0.0,0.0,0.0,0.0,0.0
623,0.0,0.0,0.0,0.0,0.0,0.0,0.0,0.0,0.0,0.0,0.0,0.0,0.0,0.0,0.0,0.0,0.0,0.0,0.0,0.0,0.0,0.0,0.0,0.0,0.0,0.0,0.0,0.0,0.0,0.0,0.0,0.0,0.0,0.0,0.0,0.0,0.0,0.0,0.0,0.0,0.0,0.0,0.0,0.0,0.0
624,0.0,0.0,0.0,0.0,0.0,0.0,0.0,0.0,0.0,0.0,0.0,0.0,0.0,0.0,0.0,0.0,0.0,0.0,0.0,0.0,0.0,0.0,0.0,0.0,0.0,0.0,0.0,0.0,0.0,0.0,0.0,0.0,0.0,0.0,0.0,0.0,0.0,0.0,0.0,0.0,0.0,0.0,0.0,0.0,0.0
625,0.0,0.0,0.0,0.0,0.0,0.0,0.0,0.0,0.0,0.0,0.0,0.0,0.0,0.0,0.0,0.0,0.0,0.0,0.0,0.0,0.0,0.0,0.0,0.0,0.0,0.0,0.0,0.0,0.0,0.0,0.0,0.0,0.0,0.0,0.0,0.0,0.0,0.0,0.0,0.0,0.0,0.0,0.0,0.0,0.0
626,0.0,0.0,0.0,0.0,0.0,0.0,0.0,0.0,0.0,0.0,0.0,0.0,0.0,0.0,0.0,0.0,0.0,0.0,0.0,0.0,0.0,0.0,0.0,0.0,0.0,0.0,0.0,0.0,0.0,0.0,0.0,0.0,0.0,0.0,0.0,0.0,0.0,0.0,0.0,0.0,0.0,0.0,0.0,0.0,0.0
627,0.0,0.0,0.0,0.0,0.0,0.0,0.0,0.0,0.0,0.0,0.0,0.0,0.0,0.0,0.0,0.0,0.0,0.0,0.0,0.0,0.0,0.0,0.0,0.0,0.0,0.0,0.0,0.0,0.0,0.0,0.0,0.0,0.0,0.0,0.0,0.0,0.0,0.0,0.0,0.0,0.0,0.0,0.0,0.0,0.0
628,0.0,0.0,0.0,0.0,0.0,0.0,0.0,0.0,0.0,0.0,0.0,0.0,0.0,0.0,0.0,0.0,0.0,0.0,0.0,0.0,0.0,0.0,0.0,0.0,0.0,0.0,0.0,0.0,0.0,0.0,0.0,0.0,0.0,0.0,0.0,0.0,0.0,0.0,0.0,0.0,0.0,0.0,0.0,0.0,0.0
629,0.0,0.0,0.0,0.0,0.0,0.0,0.0,0.0,0.0,0.0,0.0,0.0,0.0,0.0,0.0,0.0,0.0,0.0,0.0,0.0,0.0,0.0,0.0,0.0,0.0,0.0,0.0,0.0,0.0,0.0,0.0,0.0,0.0,0.0,0.0,0.0,0.0,0.0,0.0,0.0,0.0,0.0,0.0,0.0,0.0
630,0.0,0.0,0.0,0.0,0.0,0.0,0.0,0.0,0.0,0.0,0.0,0.0,0.0,0.0,0.0,0.0,0.0,0.0,0.0,0.0,0.0,0.0,0.0,0.0,0.0,0.0,0.0,0.0,0.0,0.0,0.0,0.0,0.0,0.0,0.0,0.0,0.0,0.0,0.0,0.0,0.0,0.0,0.0,0.0,0.0
631,0.0,0.0,0.0,0.0,0.0,0.0,0.0,0.0,0.0,0.0,0.0,0.0,0.0,0.0,0.0,0.0,0.0,0.0,0.0,0.0,0.0,0.0,0.0,0.0,0.0,0.0,0.0,0.0,0.0,0.0,0.0,0.0,0.0,0.0,0.0,0.0,0.0,0.0,0.0,0.0,0.0,0.0,0.0,0.0,0.0
632,0.0,0.0,0.0,0.0,0.0,0.0,0.0,0.0,0.0,0.0,0.0,0.0,0.0,0.0,0.0,0.0,0.0,0.0,0.0,0.0,0.0,0.0,0.0,0.0,0.0,0.0,0.0,0.0,0.0,0.0,0.0,0.0,0.0,0.0,0.0,0.0,0.0,0.0,0.0,0.0,0.0,0.0,0.0,0.0,0.0
633,0.0,0.0,0.0,0.0,0.0,0.0,0.0,0.0,0.0,0.0,0.0,0.0,0.0,0.0,0.0,0.0,0.0,0.0,0.0,0.0,0.0,0.0,0.0,0.0,0.0,0.0,0.0,0.0,0.0,0.0,0.0,0.0,0.0,0.0,0.0,0.0,0.0,0.0,0.0,0.0,0.0,0.0,0.0,0.0,0.0
634,0.0,0.0,0.0,0.0,0.0,0.0,0.0,0.0,0.0,0.0,0.0,0.0,0.0,0.0,0.0,0.0,0.0,0.0,0.0,0.0,0.0,0.0,0.0,0.0,0.0,0.0,0.0,0.0,0.0,0.0,0.0,0.0,0.0,0.0,0.0,0.0,0.0,0.0,0.0,0.0,0.0,0.0,0.0,0.0,0.0
635,0.0,0.0,0.0,0.0,0.0,0.0,0.0,0.0,0.0,0.0,0.0,0.0,0.0,0.0,0.0,0.0,0.0,0.0,0.0,0.0,0.0,0.0,0.0,0.0,0.0,0.0,0.0,0.0,0.0,0.0,0.0,0.0,0.0,0.0,0.0,0.0,0.0,0.0,0.0,0.0,0.0,0.0,0.0,0.0,0.0
636,0.0,0.0,0.0,0.0,0.0,0.0,0.0,0.0,0.0,0.0,0.0,0.0,0.0,0.0,0.0,0.0,0.0,0.0,0.0,0.0,0.0,0.0,0.0,0.0,0.0,0.0,0.0,0.0,0.0,0.0,0.0,0.0,0.0,0.0,0.0,0.0,0.0,0.0,0.0,0.0,0.0,0.0,0.0,0.0,0.0
637,0.0,0.0,0.0,0.0,0.0,0.0,0.0,0.0,0.0,0.0,0.0,0.0,0.0,0.0,0.0,0.0,0.0,0.0,0.0,0.0,0.0,0.0,0.0,0.0,0.0,0.0,0.0,0.0,0.0,0.0,0.0,0.0,0.0,0.0,0.0,0.0,0.0,0.0,0.0,0.0,0.0,0.0,0.0,0.0,0.0
638,0.0,0.0,0.0,0.0,0.0,0.0,0.0,0.0,0.0,0.0,0.0,0.0,0.0,0.0,0.0,0.0,0.0,0.0,0.0,0.0,0.0,0.0,0.0,0.0,0.0,0.0,0.0,0.0,0.0,0.0,0.0,0.0,0.0,0.0,0.0,0.0,0.0,0.0,0.0,0.0,0.0,0.0,0.0,0.0,0.0
639,0.0,0.0,0.0,0.0,0.0,0.0,0.0,0.0,0.0,0.0,0.0,0.0,0.0,0.0,0.0,0.0,0.0,0.0,0.0,0.0,0.0,0.0,0.0,0.0,0.0,0.0,0.0,0.0,0.0,0.0,0.0,0.0,0.0,0.0,0.0,0.0,0.0,0.0,0.0,0.0,0.0,0.0,0.0,0.0,0.0
640,0.0,0.0,0.0,0.0,0.0,0.0,0.0,0.0,0.0,0.0,0.0,0.0,0.0,0.0,0.0,0.0,0.0,0.0,0.0,0.0,0.0,0.0,0.0,0.0,0.0,0.0,0.0,0.0,0.0,0.0,0.0,0.0,0.0,0.0,0.0,0.0,0.0,0.0,0.0,0.0,0.0,0.0,0.0,0.0,0.0
641,0.0,0.0,0.0,0.0,0.0,0.0,0.0,0.0,0.0,0.0,0.0,0.0,0.0,0.0,0.0,0.0,0.0,0.0,0.0,0.0,0.0,0.0,0.0,0.0,0.0,0.0,0.0,0.0,0.0,0.0,0.0,0.0,0.0,0.0,0.0,0.0,0.0,0.0,0.0,0.0,0.0,0.0,0.0,0.0,0.0
642,0.0,0.0,0.0,0.0,0.0,0.0,0.0,0.0,0.0,0.0,0.0,0.0,0.0,0.0,0.0,0.0,0.0,0.0,0.0,0.0,0.0,0.0,0.0,0.0,0.0,0.0,0.0,0.0,0.0,0.0,0.0,0.0,0.0,0.0,0.0,0.0,0.0,0.0,0.0,0.0,0.0,0.0,0.0,0.0,0.0
643,0.0,0.0,0.0,0.0,0.0,0.0,0.0,0.0,0.0,0.0,0.0,0.0,0.0,0.0,0.0,0.0,0.0,0.0,0.0,0.0,0.0,0.0,0.0,0.0,0.0,0.0,0.0,0.0,0.0,0.0,0.0,0.0,0.0,0.0,0.0,0.0,0.0,0.0,0.0,0.0,0.0,0.0,0.0,0.0,0.0
644,0.0,0.0,0.0,0.0,0.0,0.0,0.0,0.0,0.0,0.0,0.0,0.0,0.0,0.0,0.0,0.0,0.0,0.0,0.0,0.0,0.0,0.0,0.0,0.0,0.0,0.0,0.0,0.0,0.0,0.0,0.0,0.0,0.0,0.0,0.0,0.0,0.0,0.0,0.0,0.0,0.0,0.0,0.0,0.0,0.0
645,0.0,0.0,0.0,0.0,0.0,0.0,0.0,0.0,0.0,0.0,0.0,0.0,0.0,0.0,0.0,0.0,0.0,0.0,0.0,0.0,0.0,0.0,0.0,0.0,0.0,0.0,0.0,0.0,0.0,0.0,0.0,0.0,0.0,0.0,0.0,0.0,0.0,0.0,0.0,0.0,0.0,0.0,0.0,0.0,0.0
646,0.0,0.0,0.0,0.0,0.0,0.0,0.0,0.0,0.0,0.0,0.0,0.0,0.0,0.0,0.0,0.0,0.0,0.0,0.0,0.0,0.0,0.0,0.0,0.0,0.0,0.0,0.0,0.0,0.0,0.0,0.0,0.0,0.0,0.0,0.0,0.0,0.0,0.0,0.0,0.0,0.0,0.0,0.0,0.0,0.0
647,0.0,0.0,0.0,0.0,0.0,0.0,0.0,0.0,0.0,0.0,0.0,0.0,0.0,0.0,0.0,0.0,0.0,0.0,0.0,0.0,0.0,0.0,0.0,0.0,0.0,0.0,0.0,0.0,0.0,0.0,0.0,0.0,0.0,0.0,0.0,0.0,0.0,0.0,0.0,0.0,0.0,0.0,0.0,0.0,0.0
648,0.0,0.0,0.0,0.0,0.0,0.0,0.0,0.0,0.0,0.0,0.0,0.0,0.0,0.0,0.0,0.0,0.0,0.0,0.0,0.0,0.0,0.0,0.0,0.0,0.0,0.0,0.0,0.0,0.0,0.0,0.0,0.0,0.0,0.0,0.0,0.0,0.0,0.0,0.0,0.0,0.0,0.0,0.0,0.0,0.0
649,0.0,0.0,0.0,0.0,0.0,0.0,0.0,0.0,0.0,0.0,0.0,0.0,0.0,0.0,0.0,0.0,0.0,0.0,0.0,0.0,0.0,0.0,0.0,0.0,0.0,0.0,0.0,0.0,0.0,0.0,0.0,0.0,0.0,0.0,0.0,0.0,0.0,0.0,0.0,0.0,0.0,0.0,0.0,0.0,0.0
650,0.0,0.0,0.0,0.0,0.0,0.0,0.0,0.0,0.0,0.0,0.0,0.0,0.0,0.0,0.0,0.0,0.0,0.0,0.0,0.0,0.0,0.0,0.0,0.0,0.0,0.0,0.0,0.0,0.0,0.0,0.0,0.0,0.0,0.0,0.0,0.0,0.0,0.0,0.0,0.0,0.0,0.0,0.0,0.0,0.0
651,0.0,0.0,0.0,0.0,0.0,0.0,0.0,0.0,0.0,0.0,0.0,0.0,0.0,0.0,0.0,0.0,0.0,0.0,0.0,0.0,0.0,0.0,0.0,0.0,0.0,0.0,0.0,0.0,0.0,0.0,0.0,0.0,0.0,0.0,0.0,0.0,0.0,0.0,0.0,0.0,0.0,0.0,0.0,0.0,0.0
652,0.0,0.0,0.0,0.0,0.0,0.0,0.0,0.0,0.0,0.0,0.0,0.0,0.0,0.0,0.0,0.0,0.0,0.0,0.0,0.0,0.0,0.0,0.0,0.0,0.0,0.0,0.0,0.0,0.0,0.0,0.0,0.0,0.0,0.0,0.0,0.0,0.0,0.0,0.0,0.0,0.0,0.0,0.0,0.0,0.0
653,0.0,0.0,0.0,0.0,0.0,0.0,0.0,0.0,0.0,0.0,0.0,0.0,0.0,0.0,0.0,0.0,0.0,0.0,0.0,0.0,0.0,0.0,0.0,0.0,0.0,0.0,0.0,0.0,0.0,0.0,0.0,0.0,0.0,0.0,0.0,0.0,0.0,0.0,0.0,0.0,0.0,0.0,0.0,0.0,0.0
654,0.0,0.0,0.0,0.0,0.0,0.0,0.0,0.0,0.0,0.0,0.0,0.0,0.0,0.0,0.0,0.0,0.0,0.0,0.0,0.0,0.0,0.0,0.0,0.0,0.0,0.0,0.0,0.0,0.0,0.0,0.0,0.0,0.0,0.0,0.0,0.0,0.0,0.0,0.0,0.0,0.0,0.0,0.0,0.0,0.0
655,0.0,0.0,0.0,0.0,0.0,0.0,0.0,0.0,0.0,0.0,0.0,0.0,0.0,0.0,0.0,0.0,0.0,0.0,0.0,0.0,0.0,0.0,0.0,0.0,0.0,0.0,0.0,0.0,0.0,0.0,0.0,0.0,0.0,0.0,0.0,0.0,0.0,0.0,0.0,0.0,0.0,0.0,0.0,0.0,0.0
656,0.0,0.0,0.0,0.0,0.0,0.0,0.0,0.0,0.0,0.0,0.0,0.0,0.0,0.0,0.0,0.0,0.0,0.0,0.0,0.0,0.0,0.0,0.0,0.0,0.0,0.0,0.0,0.0,0.0,0.0,0.0,0.0,0.0,0.0,0.0,0.0,0.0,0.0,0.0,0.0,0.0,0.0,0.0,0.0,0.0
657,0.0,0.0,0.0,0.0,0.0,0.0,0.0,0.0,0.0,0.0,0.0,0.0,0.0,0.0,0.0,0.0,0.0,0.0,0.0,0.0,0.0,0.0,0.0,0.0,0.0,0.0,0.0,0.0,0.0,0.0,0.0,0.0,0.0,0.0,0.0,0.0,0.0,0.0,0.0,0.0,0.0,0.0,0.0,0.0,0.0
658,0.0,0.0,0.0,0.0,0.0,0.0,0.0,0.0,0.0,0.0,0.0,0.0,0.0,0.0,0.0,0.0,0.0,0.0,0.0,0.0,0.0,0.0,0.0,0.0,0.0,0.0,0.0,0.0,0.0,0.0,0.0,0.0,0.0,0.0,0.0,0.0,0.0,0.0,0.0,0.0,0.0,0.0,0.0,0.0,0.0
659,0.0,0.0,0.0,0.0,0.0,0.0,0.0,0.0,0.0,0.0,0.0,0.0,0.0,0.0,0.0,0.0,0.0,0.0,0.0,0.0,0.0,0.0,0.0,0.0,0.0,0.0,0.0,0.0,0.0,0.0,0.0,0.0,0.0,0.0,0.0,0.0,0.0,0.0,0.0,0.0,0.0,0.0,0.0,0.0,0.0
660,0.0,0.0,0.0,0.0,0.0,0.0,0.0,0.0,0.0,0.0,0.0,0.0,0.0,0.0,0.0,0.0,0.0,0.0,0.0,0.0,0.0,0.0,0.0,0.0,0.0,0.0,0.0,0.0,0.0,0.0,0.0,0.0,0.0,0.0,0.0,0.0,0.0,0.0,0.0,0.0,0.0,0.0,0.0,0.0,0.0
661,0.0,0.0,0.0,0.0,0.0,0.0,0.0,0.0,0.0,0.0,0.0,0.0,0.0,0.0,0.0,0.0,0.0,0.0,0.0,0.0,0.0,0.0,0.0,0.0,0.0,0.0,0.0,0.0,0.0,0.0,0.0,0.0,0.0,0.0,0.0,0.0,0.0,0.0,0.0,0.0,0.0,0.0,0.0,0.0,0.0
662,0.0,0.0,0.0,0.0,0.0,0.0,0.0,0.0,0.0,0.0,0.0,0.0,0.0,0.0,0.0,0.0,0.0,0.0,0.0,0.0,0.0,0.0,0.0,0.0,0.0,0.0,0.0,0.0,0.0,0.0,0.0,0.0,0.0,0.0,0.0,0.0,0.0,0.0,0.0,0.0,0.0,0.0,0.0,0.0,0.0
663,0.0,0.0,0.0,0.0,0.0,0.0,0.0,0.0,0.0,0.0,0.0,0.0,0.0,0.0,0.0,0.0,0.0,0.0,0.0,0.0,0.0,0.0,0.0,0.0,0.0,0.0,0.0,0.0,0.0,0.0,0.0,0.0,0.0,0.0,0.0,0.0,0.0,0.0,0.0,0.0,0.0,0.0,0.0,0.0,0.0
664,0.0,0.0,0.0,0.0,0.0,0.0,0.0,0.0,0.0,0.0,0.0,0.0,0.0,0.0,0.0,0.0,0.0,0.0,0.0,0.0,0.0,0.0,0.0,0.0,0.0,0.0,0.0,0.0,0.0,0.0,0.0,0.0,0.0,0.0,0.0,0.0,0.0,0.0,0.0,0.0,0.0,0.0,0.0,0.0,0.0
665,0.0,0.0,0.0,0.0,0.0,0.0,0.0,0.0,0.0,0.0,0.0,0.0,0.0,0.0,0.0,0.0,0.0,0.0,0.0,0.0,0.0,0.0,0.0,0.0,0.0,0.0,0.0,0.0,0.0,0.0,0.0,0.0,0.0,0.0,0.0,0.0,0.0,0.0,0.0,0.0,0.0,0.0,0.0,0.0,0.0
666,0.0,0.0,0.0,0.0,0.0,0.0,0.0,0.0,0.0,0.0,0.0,0.0,0.0,0.0,0.0,0.0,0.0,0.0,0.0,0.0,0.0,0.0,0.0,0.0,0.0,0.0,0.0,0.0,0.0,0.0,0.0,0.0,0.0,0.0,0.0,0.0,0.0,0.0,0.0,0.0,0.0,0.0,0.0,0.0,0.0
667,0.0,0.0,0.0,0.0,0.0,0.0,0.0,0.0,0.0,0.0,0.0,0.0,0.0,0.0,0.0,0.0,0.0,0.0,0.0,0.0,0.0,0.0,0.0,0.0,0.0,0.0,0.0,0.0,0.0,0.0,0.0,0.0,0.0,0.0,0.0,0.0,0.0,0.0,0.0,0.0,0.0,0.0,0.0,0.0,0.0
668,0.0,0.0,0.0,0.0,0.0,0.0,0.0,0.0,0.0,0.0,0.0,0.0,0.0,0.0,0.0,0.0,0.0,0.0,0.0,0.0,0.0,0.0,0.0,0.0,0.0,0.0,0.0,0.0,0.0,0.0,0.0,0.0,0.0,0.0,0.0,0.0,0.0,0.0,0.0,0.0,0.0,0.0,0.0,0.0,0.0
669,0.0,0.0,0.0,0.0,0.0,0.0,0.0,0.0,0.0,0.0,0.0,0.0,0.0,0.0,0.0,0.0,0.0,0.0,0.0,0.0,0.0,0.0,0.0,0.0,0.0,0.0,0.0,0.0,0.0,0.0,0.0,0.0,0.0,0.0,0.0,0.0,0.0,0.0,0.0,0.0,0.0,0.0,0.0,0.0,0.0
670,0.0,0.0,0.0,0.0,0.0,0.0,0.0,0.0,0.0,0.0,0.0,0.0,0.0,0.0,0.0,0.0,0.0,0.0,0.0,0.0,0.0,0.0,0.0,0.0,0.0,0.0,0.0,0.0,0.0,0.0,0.0,0.0,0.0,0.0,0.0,0.0,0.0,0.0,0.0,0.0,0.0,0.0,0.0,0.0,0.0
671,0.0,0.0,0.0,0.0,0.0,0.0,0.0,0.0,0.0,0.0,0.0,0.0,0.0,0.0,0.0,0.0,0.0,0.0,0.0,0.0,0.0,0.0,0.0,0.0,0.0,0.0,0.0,0.0,0.0,0.0,0.0,0.0,0.0,0.0,0.0,0.0,0.0,0.0,0.0,0.0,0.0,0.0,0.0,0.0,0.0
672,0.0,0.0,0.0,0.0,0.0,0.0,0.0,0.0,0.0,0.0,0.0,0.0,0.0,0.0,0.0,0.0,0.0,0.0,0.0,0.0,0.0,0.0,0.0,0.0,0.0,0.0,0.0,0.0,0.0,0.0,0.0,0.0,0.0,0.0,0.0,0.0,0.0,0.0,0.0,0.0,0.0,0.0,0.0,0.0,0.0
673,0.0,0.0,0.0,0.0,0.0,0.0,0.0,0.0,0.0,0.0,0.0,0.0,0.0,0.0,0.0,0.0,0.0,0.0,0.0,0.0,0.0,0.0,0.0,0.0,0.0,0.0,0.0,0.0,0.0,0.0,0.0,0.0,0.0,0.0,0.0,0.0,0.0,0.0,0.0,0.0,0.0,0.0,0.0,0.0,0.0
674,0.0,0.0,0.0,0.0,0.0,0.0,0.0,0.0,0.0,0.0,0.0,0.0,0.0,0.0,0.0,0.0,0.0,0.0,0.0,0.0,0.0,0.0,0.0,0.0,0.0,0.0,0.0,0.0,0.0,0.0,0.0,0.0,0.0,0.0,0.0,0.0,0.0,0.0,0.0,0.0,0.0,0.0,0.0,0.0,0.0
675,0.0,0.0,0.0,0.0,0.0,0.0,0.0,0.0,0.0,0.0,0.0,0.0,0.0,0.0,0.0,0.0,0.0,0.0,0.0,0.0,0.0,0.0,0.0,0.0,0.0,0.0,0.0,0.0,0.0,0.0,0.0,0.0,0.0,0.0,0.0,0.0,0.0,0.0,0.0,0.0,0.0,0.0,0.0,0.0,0.0
676,0.0,0.0,0.0,0.0,0.0,0.0,0.0,0.0,0.0,0.0,0.0,0.0,0.0,0.0,0.0,0.0,0.0,0.0,0.0,0.0,0.0,0.0,0.0,0.0,0.0,0.0,0.0,0.0,0.0,0.0,0.0,0.0,0.0,0.0,0.0,0.0,0.0,0.0,0.0,0.0,0.0,0.0,0.0,0.0,0.0
677,0.0,0.0,0.0,0.0,0.0,0.0,0.0,0.0,0.0,0.0,0.0,0.0,0.0,0.0,0.0,0.0,0.0,0.0,0.0,0.0,0.0,0.0,0.0,0.0,0.0,0.0,0.0,0.0,0.0,0.0,0.0,0.0,0.0,0.0,0.0,0.0,0.0,0.0,0.0,0.0,0.0,0.0,0.0,0.0,0.0
678,0.0,0.0,0.0,0.0,0.0,0.0,0.0,0.0,0.0,0.0,0.0,0.0,0.0,0.0,0.0,0.0,0.0,0.0,0.0,0.0,0.0,0.0,0.0,0.0,0.0,0.0,0.0,0.0,0.0,0.0,0.0,0.0,0.0,0.0,0.0,0.0,0.0,0.0,0.0,0.0,0.0,0.0,0.0,0.0,0.0
679,0.0,0.0,0.0,0.0,0.0,0.0,0.0,0.0,0.0,0.0,0.0,0.0,0.0,0.0,0.0,0.0,0.0,0.0,0.0,0.0,0.0,0.0,0.0,0.0,0.0,0.0,0.0,0.0,0.0,0.0,0.0,0.0,0.0,0.0,0.0,0.0,0.0,0.0,0.0,0.0,0.0,0.0,0.0,0.0,0.0
680,0.0,0.0,0.0,0.0,0.0,0.0,0.0,0.0,0.0,0.0,0.0,0.0,0.0,0.0,0.0,0.0,0.0,0.0,0.0,0.0,0.0,0.0,0.0,0.0,0.0,0.0,0.0,0.0,0.0,0.0,0.0,0.0,0.0,0.0,0.0,0.0,0.0,0.0,0.0,0.0,0.0,0.0,0.0,0.0,0.0
681,0.0,0.0,0.0,0.0,0.0,0.0,0.0,0.0,0.0,0.0,0.0,0.0,0.0,0.0,0.0,0.0,0.0,0.0,0.0,0.0,0.0,0.0,0.0,0.0,0.0,0.0,0.0,0.0,0.0,0.0,0.0,0.0,0.0,0.0,0.0,0.0,0.0,0.0,0.0,0.0,0.0,0.0,0.0,0.0,0.0
682,0.0,0.0,0.0,0.0,0.0,0.0,0.0,0.0,0.0,0.0,0.0,0.0,0.0,0.0,0.0,0.0,0.0,0.0,0.0,0.0,0.0,0.0,0.0,0.0,0.0,0.0,0.0,0.0,0.0,0.0,0.0,0.0,0.0,0.0,0.0,0.0,0.0,0.0,0.0,0.0,0.0,0.0,0.0,0.0,0.0
683,0.0,0.0,0.0,0.0,0.0,0.0,0.0,0.0,0.0,0.0,0.0,0.0,0.0,0.0,0.0,0.0,0.0,0.0,0.0,0.0,0.0,0.0,0.0,0.0,0.0,0.0,0.0,0.0,0.0,0.0,0.0,0.0,0.0,0.0,0.0,0.0,0.0,0.0,0.0,0.0,0.0,0.0,0.0,0.0,0.0
684,0.0,0.0,0.0,0.0,0.0,0.0,0.0,0.0,0.0,0.0,0.0,0.0,0.0,0.0,0.0,0.0,0.0,0.0,0.0,0.0,0.0,0.0,0.0,0.0,0.0,0.0,0.0,0.0,0.0,0.0,0.0,0.0,0.0,0.0,0.0,0.0,0.0,0.0,0.0,0.0,0.0,0.0,0.0,0.0,0.0
685,0.0,0.0,0.0,0.0,0.0,0.0,0.0,0.0,0.0,0.0,0.0,0.0,0.0,0.0,0.0,0.0,0.0,0.0,0.0,0.0,0.0,0.0,0.0,0.0,0.0,0.0,0.0,0.0,0.0,0.0,0.0,0.0,0.0,0.0,0.0,0.0,0.0,0.0,0.0,0.0,0.0,0.0,0.0,0.0,0.0
686,0.0,0.0,0.0,0.0,0.0,0.0,0.0,0.0,0.0,0.0,0.0,0.0,0.0,0.0,0.0,0.0,0.0,0.0,0.0,0.0,0.0,0.0,0.0,0.0,0.0,0.0,0.0,0.0,0.0,0.0,0.0,0.0,0.0,0.0,0.0,0.0,0.0,0.0,0.0,0.0,0.0,0.0,0.0,0.0,0.0
687,0.0,0.0,0.0,0.0,0.0,0.0,0.0,0.0,0.0,0.0,0.0,0.0,0.0,0.0,0.0,0.0,0.0,0.0,0.0,0.0,0.0,0.0,0.0,0.0,0.0,0.0,0.0,0.0,0.0,0.0,0.0,0.0,0.0,0.0,0.0,0.0,0.0,0.0,0.0,0.0,0.0,0.0,0.0,0.0,0.0
688,0.0,0.0,0.0,0.0,0.0,0.0,0.0,0.0,0.0,0.0,0.0,0.0,0.0,0.0,0.0,0.0,0.0,0.0,0.0,0.0,0.0,0.0,0.0,0.0,0.0,0.0,0.0,0.0,0.0,0.0,0.0,0.0,0.0,0.0,0.0,0.0,0.0,0.0,0.0,0.0,0.0,0.0,0.0,0.0,0.0
689,0.0,0.0,0.0,0.0,0.0,0.0,0.0,0.0,0.0,0.0,0.0,0.0,0.0,0.0,0.0,0.0,0.0,0.0,0.0,0.0,0.0,0.0,0.0,0.0,0.0,0.0,0.0,0.0,0.0,0.0,0.0,0.0,0.0,0.0,0.0,0.0,0.0,0.0,0.0,0.0,0.0,0.0,0.0,0.0,0.0
690,0.0,0.0,0.0,0.0,0.0,0.0,0.0,0.0,0.0,0.0,0.0,0.0,0.0,0.0,0.0,0.0,0.0,0.0,0.0,0.0,0.0,0.0,0.0,0.0,0.0,0.0,0.0,0.0,0.0,0.0,0.0,0.0,0.0,0.0,0.0,0.0,0.0,0.0,0.0,0.0,0.0,0.0,0.0,0.0,0.0
691,0.0,0.0,0.0,0.0,0.0,0.0,0.0,0.0,0.0,0.0,0.0,0.0,0.0,0.0,0.0,0.0,0.0,0.0,0.0,0.0,0.0,0.0,0.0,0.0,0.0,0.0,0.0,0.0,0.0,0.0,0.0,0.0,0.0,0.0,0.0,0.0,0.0,0.0,0.0,0.0,0.0,0.0,0.0,0.0,0.0
692,0.0,0.0,0.0,0.0,0.0,0.0,0.0,0.0,0.0,0.0,0.0,0.0,0.0,0.0,0.0,0.0,0.0,0.0,0.0,0.0,0.0,0.0,0.0,0.0,0.0,0.0,0.0,0.0,0.0,0.0,0.0,0.0,0.0,0.0,0.0,0.0,0.0,0.0,0.0,0.0,0.0,0.0,0.0,0.0,0.0
693,0.0,0.0,0.0,0.0,0.0,0.0,0.0,0.0,0.0,0.0,0.0,0.0,0.0,0.0,0.0,0.0,0.0,0.0,0.0,0.0,0.0,0.0,0.0,0.0,0.0,0.0,0.0,0.0,0.0,0.0,0.0,0.0,0.0,0.0,0.0,0.0,0.0,0.0,0.0,0.0,0.0,0.0,0.0,0.0,0.0
694,0.0,0.0,0.0,0.0,0.0,0.0,0.0,0.0,0.0,0.0,0.0,0.0,0.0,0.0,0.0,0.0,0.0,0.0,0.0,0.0,0.0,0.0,0.0,0.0,0.0,0.0,0.0,0.0,0.0,0.0,0.0,0.0,0.0,0.0,0.0,0.0,0.0,0.0,0.0,0.0,0.0,0.0,0.0,0.0,0.0
695,0.0,0.0,0.0,0.0,0.0,0.0,0.0,0.0,0.0,0.0,0.0,0.0,0.0,0.0,0.0,0.0,0.0,0.0,0.0,0.0,0.0,0.0,0.0,0.0,0.0,0.0,0.0,0.0,0.0,0.0,0.0,0.0,0.0,0.0,0.0,0.0,0.0,0.0,0.0,0.0,0.0,0.0,0.0,0.0,0.0
696,0.0,0.0,0.0,0.0,0.0,0.0,0.0,0.0,0.0,0.0,0.0,0.0,0.0,0.0,0.0,0.0,0.0,0.0,0.0,0.0,0.0,0.0,0.0,0.0,0.0,0.0,0.0,0.0,0.0,0.0,0.0,0.0,0.0,0.0,0.0,0.0,0.0,0.0,0.0,0.0,0.0,0.0,0.0,0.0,0.0
697,0.0,0.0,0.0,0.0,0.0,0.0,0.0,0.0,0.0,0.0,0.0,0.0,0.0,0.0,0.0,0.0,0.0,0.0,0.0,0.0,0.0,0.0,0.0,0.0,0.0,0.0,0.0,0.0,0.0,0.0,0.0,0.0,0.0,0.0,0.0,0.0,0.0,0.0,0.0,0.0,0.0,0.0,0.0,0.0,0.0
698,0.0,0.0,0.0,0.0,0.0,0.0,0.0,0.0,0.0,0.0,0.0,0.0,0.0,0.0,0.0,0.0,0.0,0.0,0.0,0.0,0.0,0.0,0.0,0.0,0.0,0.0,0.0,0.0,0.0,0.0,0.0,0.0,0.0,0.0,0.0,0.0,0.0,0.0,0.0,0.0,0.0,0.0,0.0,0.0,0.0
699,0.0,0.0,0.0,0.0,0.0,0.0,0.0,0.0,0.0,0.0,0.0,0.0,0.0,0.0,0.0,0.0,0.0,0.0,0.0,0.0,0.0,0.0,0.0,0.0,0.0,0.0,0.0,0.0,0.0,0.0,0.0,0.0,0.0,0.0,0.0,0.0,0.0,0.0,0.0,0.0,0.0,0.0,0.0,0.0,0.0
700,0.0,0.0,0.0,0.0,0.0,0.0,0.0,0.0,0.0,0.0,0.0,0.0,0.0,0.0,0.0,0.0,0.0,0.0,0.0,0.0,0.0,0.0,0.0,0.0,0.0,0.0,0.0,0.0,0.0,0.0,0.0,0.0,0.0,0.0,0.0,0.0,0.0,0.0,0.0,0.0,0.0,0.0,0.0,0.0,0.0
701,0.0,0.0,0.0,0.0,0.0,0.0,0.0,0.0,0.0,0.0,0.0,0.0,0.0,0.0,0.0,0.0,0.0,0.0,0.0,0.0,0.0,0.0,0.0,0.0,0.0,0.0,0.0,0.0,0.0,0.0,0.0,0.0,0.0,0.0,0.0,0.0,0.0,0.0,0.0,0.0,0.0,0.0,0.0,0.0,0.0
702,0.0,0.0,0.0,0.0,0.0,0.0,0.0,0.0,0.0,0.0,0.0,0.0,0.0,0.0,0.0,0.0,0.0,0.0,0.0,0.0,0.0,0.0,0.0,0.0,0.0,0.0,0.0,0.0,0.0,0.0,0.0,0.0,0.0,0.0,0.0,0.0,0.0,0.0,0.0,0.0,0.0,0.0,0.0,0.0,0.0
703,0.0,0.0,0.0,0.0,0.0,0.0,0.0,0.0,0.0,0.0,0.0,0.0,0.0,0.0,0.0,0.0,0.0,0.0,0.0,0.0,0.0,0.0,0.0,0.0,0.0,0.0,0.0,0.0,0.0,0.0,0.0,0.0,0.0,0.0,0.0,0.0,0.0,0.0,0.0,0.0,0.0,0.0,0.0,0.0,0.0
704,0.0,0.0,0.0,0.0,0.0,0.0,0.0,0.0,0.0,0.0,0.0,0.0,0.0,0.0,0.0,0.0,0.0,0.0,0.0,0.0,0.0,0.0,0.0,0.0,0.0,0.0,0.0,0.0,0.0,0.0,0.0,0.0,0.0,0.0,0.0,0.0,0.0,0.0,0.0,0.0,0.0,0.0,0.0,0.0,0.0
705,0.0,0.0,0.0,0.0,0.0,0.0,0.0,0.0,0.0,0.0,0.0,0.0,0.0,0.0,0.0,0.0,0.0,0.0,0.0,0.0,0.0,0.0,0.0,0.0,0.0,0.0,0.0,0.0,0.0,0.0,0.0,0.0,0.0,0.0,0.0,0.0,0.0,0.0,0.0,0.0,0.0,0.0,0.0,0.0,0.0
706,0.0,0.0,0.0,0.0,0.0,0.0,0.0,0.0,0.0,0.0,0.0,0.0,0.0,0.0,0.0,0.0,0.0,0.0,0.0,0.0,0.0,0.0,0.0,0.0,0.0,0.0,0.0,0.0,0.0,0.0,0.0,0.0,0.0,0.0,0.0,0.0,0.0,0.0,0.0,0.0,0.0,0.0,0.0,0.0,0.0
707,0.0,0.0,0.0,0.0,0.0,0.0,0.0,0.0,0.0,0.0,0.0,0.0,0.0,0.0,0.0,0.0,0.0,0.0,0.0,0.0,0.0,0.0,0.0,0.0,0.0,0.0,0.0,0.0,0.0,0.0,0.0,0.0,0.0,0.0,0.0,0.0,0.0,0.0,0.0,0.0,0.0,0.0,0.0,0.0,0.0
708,0.0,0.0,0.0,0.0,0.0,0.0,0.0,0.0,0.0,0.0,0.0,0.0,0.0,0.0,0.0,0.0,0.0,0.0,0.0,0.0,0.0,0.0,0.0,0.0,0.0,0.0,0.0,0.0,0.0,0.0,0.0,0.0,0.0,0.0,0.0,0.0,0.0,0.0,0.0,0.0,0.0,0.0,0.0,0.0,0.0
709,0.0,0.0,0.0,0.0,0.0,0.0,0.0,0.0,0.0,0.0,0.0,0.0,0.0,0.0,0.0,0.0,0.0,0.0,0.0,0.0,0.0,0.0,0.0,0.0,0.0,0.0,0.0,0.0,0.0,0.0,0.0,0.0,0.0,0.0,0.0,0.0,0.0,0.0,0.0,0.0,0.0,0.0,0.0,0.0,0.0
710,0.0,0.0,0.0,0.0,0.0,0.0,0.0,0.0,0.0,0.0,0.0,0.0,0.0,0.0,0.0,0.0,0.0,0.0,0.0,0.0,0.0,0.0,0.0,0.0,0.0,0.0,0.0,0.0,0.0,0.0,0.0,0.0,0.0,0.0,0.0,0.0,0.0,0.0,0.0,0.0,0.0,0.0,0.0,0.0,0.0
711,0.0,0.0,0.0,0.0,0.0,0.0,0.0,0.0,0.0,0.0,0.0,0.0,0.0,0.0,0.0,0.0,0.0,0.0,0.0,0.0,0.0,0.0,0.0,0.0,0.0,0.0,0.0,0.0,0.0,0.0,0.0,0.0,0.0,0.0,0.0,0.0,0.0,0.0,0.0,0.0,0.0,0.0,0.0,0.0,0.0
712,0.0,0.0,0.0,0.0,0.0,0.0,0.0,0.0,0.0,0.0,0.0,0.0,0.0,0.0,0.0,0.0,0.0,0.0,0.0,0.0,0.0,0.0,0.0,0.0,0.0,0.0,0.0,0.0,0.0,0.0,0.0,0.0,0.0,0.0,0.0,0.0,0.0,0.0,0.0,0.0,0.0,0.0,0.0,0.0,0.0
713,0.0,0.0,0.0,0.0,0.0,0.0,0.0,0.0,0.0,0.0,0.0,0.0,0.0,0.0,0.0,0.0,0.0,0.0,0.0,0.0,0.0,0.0,0.0,0.0,0.0,0.0,0.0,0.0,0.0,0.0,0.0,0.0,0.0,0.0,0.0,0.0,0.0,0.0,0.0,0.0,0.0,0.0,0.0,0.0,0.0
714,0.0,0.0,0.0,0.0,0.0,0.0,0.0,0.0,0.0,0.0,0.0,0.0,0.0,0.0,0.0,0.0,0.0,0.0,0.0,0.0,0.0,0.0,0.0,0.0,0.0,0.0,0.0,0.0,0.0,0.0,0.0,0.0,0.0,0.0,0.0,0.0,0.0,0.0,0.0,0.0,0.0,0.0,0.0,0.0,0.0
715,0.0,0.0,0.0,0.0,0.0,0.0,0.0,0.0,0.0,0.0,0.0,0.0,0.0,0.0,0.0,0.0,0.0,0.0,0.0,0.0,0.0,0.0,0.0,0.0,0.0,0.0,0.0,0.0,0.0,0.0,0.0,0.0,0.0,0.0,0.0,0.0,0.0,0.0,0.0,0.0,0.0,0.0,0.0,0.0,0.0
716,0.0,0.0,0.0,0.0,0.0,0.0,0.0,0.0,0.0,0.0,0.0,0.0,0.0,0.0,0.0,0.0,0.0,0.0,0.0,0.0,0.0,0.0,0.0,0.0,0.0,0.0,0.0,0.0,0.0,0.0,0.0,0.0,0.0,0.0,0.0,0.0,0.0,0.0,0.0,0.0,0.0,0.0,0.0,0.0,0.0
717,0.0,0.0,0.0,0.0,0.0,0.0,0.0,0.0,0.0,0.0,0.0,0.0,0.0,0.0,0.0,0.0,0.0,0.0,0.0,0.0,0.0,0.0,0.0,0.0,0.0,0.0,0.0,0.0,0.0,0.0,0.0,0.0,0.0,0.0,0.0,0.0,0.0,0.0,0.0,0.0,0.0,0.0,0.0,0.0,0.0
718,0.0,0.0,0.0,0.0,0.0,0.0,0.0,0.0,0.0,0.0,0.0,0.0,0.0,0.0,0.0,0.0,0.0,0.0,0.0,0.0,0.0,0.0,0.0,0.0,0.0,0.0,0.0,0.0,0.0,0.0,0.0,0.0,0.0,0.0,0.0,0.0,0.0,0.0,0.0,0.0,0.0,0.0,0.0,0.0,0.0
719,0.0,0.0,0.0,0.0,0.0,0.0,0.0,0.0,0.0,0.0,0.0,0.0,0.0,0.0,0.0,0.0,0.0,0.0,0.0,0.0,0.0,0.0,0.0,0.0,0.0,0.0,0.0,0.0,0.0,0.0,0.0,0.0,0.0,0.0,0.0,0.0,0.0,0.0,0.0,0.0,0.0,0.0,0.0,0.0,0.0
720,4.0,8.0,14.0,9.0,11.0,8.0,8.0,12.0,10.0,8.0,10.0,6.0,9.0,9.0,9.0,6.0,13.0,8.0,9.0,8.0,10.0,11.0,10.0,11.0,6.0,9.0,9.0,12.0,13.0,2.0,14.0,10.0,12.0,14.0,14.0,7.0,12.0,17.0,12.0,12.0,17.0,12.0,13.0,13.0,6.0
721,2.0,3.0,5.0,8.0,9.0,9.0,6.0,9.0,8.0,7.0,4.0,7.0,7.0,7.0,8.0,9.0,7.0,8.0,7.0,6.0,8.0,5.0,8.0,8.0,6.0,6.0,8.0,5.0,9.0,7.0,7.0,8.0,9.0,10.0,9.0,9.0,9.0,9.0,9.0,3.0,8.0,8.0,7.0,11.0,1.0
722,3.0,5.0,10.0,7.0,11.0,7.0,6.0,9.0,8.0,7.0,6.0,9.0,8.0,8.0,11.0,7.0,7.0,8.0,11.0,7.0,9.0,7.0,8.0,10.0,7.0,9.0,8.0,9.0,11.0,6.0,15.0,10.0,12.0,13.0,12.0,8.0,11.0,14.0,10.0,8.0,14.0,11.0,10.0,13.0,4.0
723,2.0,6.0,11.0,8.0,11.0,6.0,8.0,12.0,9.0,7.0,8.0,5.0,9.0,9.0,9.0,6.0,11.0,7.0,7.0,7.0,9.0,10.0,8.0,10.0,6.0,8.0,8.0,11.0,10.0,2.0,11.0,8.0,10.0,13.0,11.0,6.0,12.0,13.0,10.0,9.0,12.0,9.0,10.0,13.0,5.0
724,1.0,3.0,2.0,5.0,7.0,5.0,6.0,6.0,5.0,4.0,3.0,7.0,5.0,6.0,6.0,4.0,4.0,7.0,3.0,5.0,5.0,3.0,6.0,8.0,4.0,6.0,4.0,3.0,6.0,5.0,5.0,5.0,6.0,6.0,6.0,7.0,6.0,5.0,6.0,2.0,5.0,5.0,5.0,10.0,0.0
725,1.0,5.0,7.0,6.0,11.0,5.0,6.0,9.0,8.0,5.0,4.0,8.0,8.0,6.0,10.0,5.0,6.0,8.0,7.0,6.0,5.0,6.0,8.0,10.0,7.0,6.0,6.0,9.0,9.0,5.0,12.0,8.0,9.0,10.0,9.0,8.0,9.0,10.0,7.0,6.0,10.0,7.0,7.0,13.0,3.0
726,4.0,7.0,10.0,8.0,5.0,4.0,7.0,7.0,8.0,6.0,6.0,4.0,7.0,7.0,9.0,3.0,7.0,1.0,5.0,5.0,7.0,6.0,7.0,9.0,5.0,5.0,8.0,10.0,4.0,2.0,8.0,10.0,6.0,7.0,12.0,4.0,10.0,10.0,10.0,13.0,15.0,9.0,13.0,11.0,5.0
727,2.0,3.0,5.0,7.0,6.0,10.0,6.0,6.0,8.0,6.0,3.0,4.0,7.0,4.0,6.0,7.0,5.0,6.0,3.0,6.0,8.0,4.0,8.0,6.0,4.0,4.0,5.0,4.0,9.0,7.0,8.0,8.0,9.0,9.0,8.0,6.0,8.0,9.0,9.0,3.0,7.0,6.0,8.0,10.0,1.0
728,3.0,5.0,9.0,7.0,5.0,8.0,6.0,8.0,7.0,6.0,4.0,7.0,6.0,5.0,9.0,7.0,6.0,6.0,4.0,7.0,6.0,6.0,7.0,8.0,6.0,6.0,6.0,7.0,9.0,7.0,11.0,9.0,5.0,9.0,9.0,4.0,9.0,11.0,10.0,8.0,13.0,9.0,9.0,11.0,4.0
729,2.0,6.0,9.0,8.0,5.0,4.0,7.0,6.0,8.0,5.0,7.0,2.0,6.0,6.0,9.0,4.0,6.0,1.0,6.0,4.0,6.0,6.0,6.0,5.0,5.0,4.0,7.0,9.0,4.0,2.0,8.0,8.0,5.0,7.0,10.0,3.0,8.0,8.0,8.0,10.0,12.0,8.0,9.0,11.0,5.0
730,1.0,3.0,2.0,6.0,5.0,6.0,6.0,5.0,5.0,3.0,2.0,4.0,5.0,4.0,5.0,5.0,4.0,6.0,2.0,4.0,5.0,2.0,5.0,6.0,4.0,3.0,2.0,3.0,6.0,5.0,6.0,5.0,6.0,6.0,6.0,4.0,6.0,5.0,6.0,3.0,5.0,4.0,5.0,10.0,0.0
731,1.0,5.0,7.0,7.0,5.0,6.0,5.0,7.0,7.0,4.0,3.0,6.0,6.0,4.0,8.0,6.0,5.0,6.0,5.0,5.0,5.0,5.0,5.0,7.0,6.0,3.0,5.0,8.0,7.0,5.0,9.0,7.0,4.0,7.0,7.0,4.0,7.0,8.0,7.0,7.0,10.0,6.0,6.0,11.0,3.0
732,3.0,4.0,7.0,6.0,3.0,4.0,4.0,6.0,2.0,5.0,4.0,1.0,4.0,4.0,3.0,3.0,6.0,2.0,2.0,4.0,1.0,5.0,5.0,5.0,4.0,5.0,6.0,5.0,4.0,2.0,7.0,8.0,4.0,5.0,8.0,4.0,7.0,7.0,5.0,11.0,12.0,4.0,5.0,9.0,4.0
733,2.0,4.0,5.0,6.0,5.0,4.0,4.0,5.0,6.0,4.0,3.0,2.0,3.0,3.0,4.0,5.0,5.0,5.0,2.0,4.0,6.0,4.0,6.0,5.0,5.0,2.0,5.0,4.0,7.0,4.0,7.0,8.0,7.0,6.0,6.0,3.0,7.0,6.0,8.0,2.0,7.0,6.0,6.0,6.0,1.0
734,3.0,4.0,6.0,8.0,4.0,5.0,5.0,5.0,7.0,5.0,3.0,4.0,3.0,4.0,7.0,5.0,5.0,3.0,2.0,6.0,4.0,3.0,5.0,4.0,3.0,4.0,5.0,5.0,8.0,4.0,8.0,7.0,5.0,7.0,7.0,2.0,6.0,7.0,9.0,7.0,11.0,7.0,8.0,9.0,3.0
735,1.0,4.0,5.0,1.0,4.0,4.0,4.0,3.0,2.0,5.0,4.0,1.0,3.0,4.0,3.0,3.0,5.0,1.0,3.0,2.0,1.0,5.0,5.0,5.0,4.0,6.0,5.0,5.0,3.0,2.0,7.0,6.0,4.0,5.0,8.0,3.0,7.0,5.0,5.0,9.0,9.0,4.0,4.0,8.0,4.0
736,1.0,4.0,2.0,5.0,4.0,6.0,4.0,4.0,4.0,3.0,2.0,3.0,2.0,4.0,4.0,4.0,4.0,4.0,2.0,4.0,5.0,2.0,3.0,5.0,5.0,2.0,3.0,4.0,3.0,5.0,5.0,5.0,5.0,3.0,6.0,4.0,5.0,3.0,5.0,1.0,5.0,4.0,4.0,6.0,0.0
737,1.0,6.0,5.0,4.0,4.0,6.0,4.0,4.0,6.0,5.0,3.0,4.0,3.0,3.0,4.0,4.0,4.0,3.0,4.0,3.0,5.0,2.0,3.0,4.0,3.0,4.0,5.0,6.0,5.0,3.0,8.0,5.0,5.0,6.0,7.0,2.0,5.0,5.0,7.0,5.0,8.0,5.0,6.0,8.0,2.0
738,4.0,6.0,5.0,0.0,4.0,4.0,6.0,9.0,6.0,7.0,4.0,1.0,5.0,5.0,5.0,3.0,11.0,5.0,12.0,7.0,12.0,5.0,8.0,2.0,0.0,0.0,5.0,3.0,4.0,3.0,6.0,6.0,4.0,6.0,7.0,4.0,10.0,8.0,8.0,6.0,5.0,6.0,4.0,1.0,4.0
739,2.0,3.0,5.0,9.0,6.0,11.0,7.0,7.0,8.0,8.0,4.0,5.0,8.0,5.0,8.0,9.0,8.0,8.0,7.0,7.0,10.0,6.0,8.0,8.0,7.0,7.0,6.0,4.0,9.0,7.0,7.0,8.0,9.0,10.0,8.0,9.0,7.0,7.0,8.0,2.0,7.0,6.0,8.0,12.0,1.0
740,3.0,4.0,6.0,10.0,5.0,8.0,6.0,10.0,7.0,9.0,6.0,7.0,8.0,6.0,10.0,8.0,10.0,8.0,12.0,7.0,10.0,7.0,7.0,10.0,9.0,9.0,5.0,5.0,8.0,5.0,10.0,8.0,4.0,10.0,7.0,2.0,8.0,8.0,7.0,4.0,5.0,7.0,9.0,3.0,4.0
741,2.0,7.0,5.0,0.0,4.0,4.0,6.0,7.0,6.0,7.0,4.0,1.0,5.0,5.0,5.0,3.0,9.0,4.0,7.0,7.0,8.0,5.0,7.0,6.0,6.0,10.0,5.0,3.0,3.0,3.0,6.0,5.0,4.0,6.0,7.0,3.0,7.0,7.0,6.0,5.0,4.0,5.0,4.0,3.0,4.0
742,1.0,3.0,2.0,5.0,5.0,7.0,7.0,6.0,5.0,4.0,3.0,5.0,6.0,4.0,6.0,4.0,5.0,7.0,3.0,6.0,6.0,4.0,6.0,8.0,5.0,5.0,3.0,3.0,6.0,5.0,5.0,5.0,6.0,6.0,6.0,7.0,5.0,5.0,6.0,1.0,5.0,4.0,5.0,11.0,0.0
743,1.0,5.0,5.0,5.0,5.0,6.0,6.0,8.0,7.0,5.0,4.0,6.0,7.0,4.0,9.0,5.0,8.0,8.0,7.0,6.0,5.0,6.0,7.0,10.0,7.0,7.0,4.0,6.0,7.0,4.0,8.0,6.0,4.0,8.0,7.0,2.0,6.0,6.0,7.0,3.0,7.0,5.0,7.0,3.0,3.0
744,3.0,4.0,2.0,0.0,3.0,6.0,3.0,5.0,2.0,6.0,3.0,6.0,7.0,4.0,5.0,2.0,5.0,2.0,4.0,6.0,8.0,4.0,0.0,2.0,0.0,0.0,4.0,3.0,2.0,2.0,5.0,7.0,4.0,4.0,5.0,4.0,8.0,6.0,3.0,6.0,6.0,4.0,1.0,1.0,2.0
745,2.0,3.0,5.0,8.0,6.0,10.0,7.0,7.0,8.0,8.0,3.0,4.0,7.0,4.0,4.0,7.0,7.0,7.0,6.0,6.0,8.0,4.0,8.0,8.0,7.0,3.0,6.0,4.0,9.0,7.0,8.0,8.0,9.0,9.0,7.0,6.0,8.0,6.0,8.0,2.0,7.0,6.0,6.0,7.0,1.0
746,3.0,4.0,6.0,7.0,4.0,8.0,6.0,8.0,7.0,7.0,5.0,7.0,4.0,6.0,7.0,5.0,5.0,6.0,7.0,6.0,9.0,5.0,6.0,5.0,8.0,4.0,4.0,6.0,6.0,2.0,9.0,8.0,3.0,9.0,5.0,2.0,7.0,4.0,9.0,4.0,4.0,4.0,10.0,2.0,3.0
747,1.0,4.0,5.0,7.0,4.0,4.0,3.0,5.0,2.0,5.0,3.0,5.0,6.0,4.0,4.0,2.0,4.0,2.0,2.0,5.0,5.0,4.0,0.0,4.0,0.0,0.0,3.0,4.0,2.0,2.0,5.0,6.0,4.0,5.0,5.0,3.0,7.0,3.0,3.0,4.0,6.0,5.0,1.0,1.0,2.0
748,1.0,3.0,2.0,5.0,5.0,6.0,7.0,6.0,5.0,3.0,3.0,4.0,5.0,4.0,4.0,5.0,4.0,6.0,3.0,5.0,5.0,3.0,6.0,7.0,5.0,2.0,3.0,3.0,6.0,5.0,6.0,5.0,6.0,6.0,6.0,7.0,4.0,4.0,6.0,1.0,5.0,4.0,4.0,7.0,0.0
749,1.0,5.0,4.0,5.0,4.0,6.0,6.0,8.0,7.0,4.0,4.0,5.0,4.0,6.0,6.0,5.0,5.0,6.0,6.0,5.0,5.0,5.0,7.0,5.0,6.0,3.0,3.0,7.0,5.0,2.0,7.0,6.0,3.0,7.0,5.0,2.0,6.0,3.0,7.0,3.0,5.0,5.0,6.0,2.0,2.0
750,3.0,3.0,2.0,0.0,1.0,0.0,4.0,3.0,1.0,5.0,4.0,1.0,2.0,7.0,2.0,0.0,6.0,1.0,3.0,3.0,1.0,5.0,6.0,2.0,0.0,0.0,4.0,3.0,2.0,1.0,5.0,6.0,1.0,2.0,4.0,3.0,4.0,3.0,3.0,4.0,6.0,2.0,3.0,1.0,3.0
751,2.0,3.0,5.0,7.0,5.0,10.0,6.0,5.0,8.0,5.0,3.0,2.0,7.0,4.0,4.0,6.0,7.0,6.0,3.0,4.0,8.0,4.0,8.0,7.0,6.0,3.0,6.0,4.0,9.0,4.0,7.0,6.0,9.0,6.0,7.0,5.0,5.0,5.0,5.0,3.0,7.0,4.0,6.0,6.0,1.0
752,3.0,4.0,4.0,6.0,1.0,0.0,5.0,6.0,5.0,5.0,3.0,6.0,2.0,6.0,3.0,6.0,7.0,4.0,3.0,6.0,9.0,3.0,5.0,4.0,6.0,2.0,5.0,5.0,5.0,3.0,7.0,5.0,4.0,5.0,6.0,3.0,3.0,2.0,9.0,5.0,7.0,2.0,2.0,1.0,3.0
753,1.0,3.0,2.0,0.0,2.0,4.0,3.0,3.0,1.0,5.0,5.0,2.0,3.0,7.0,2.0,0.0,4.0,1.0,3.0,2.0,1.0,4.0,5.0,5.0,5.0,5.0,2.0,4.0,2.0,1.0,5.0,4.0,1.0,2.0,4.0,5.0,4.0,2.0,3.0,4.0,6.0,2.0,2.0,1.0,2.0
754,1.0,3.0,2.0,6.0,4.0,6.0,6.0,4.0,5.0,3.0,2.0,4.0,5.0,4.0,4.0,5.0,4.0,5.0,2.0,3.0,5.0,2.0,5.0,7.0,4.0,2.0,3.0,3.0,6.0,5.0,5.0,5.0,6.0,3.0,6.0,4.0,4.0,3.0,6.0,2.0,5.0,2.0,5.0,6.0,0.0
755,1.0,5.0,3.0,5.0,1.0,0.0,5.0,5.0,5.0,5.0,3.0,1.0,2.0,1.0,3.0,5.0,6.0,4.0,4.0,4.0,5.0,2.0,5.0,4.0,6.0,4.0,4.0,6.0,4.0,3.0,7.0,3.0,3.0,5.0,6.0,4.0,4.0,2.0,7.0,4.0,6.0,2.0,1.0,1.0,3.0
756,3.0,3.0,2.0,0.0,0.0,0.0,3.0,0.0,1.0,4.0,2.0,3.0,1.0,1.0,1.0,0.0,0.0,1.0,5.0,3.0,1.0,3.0,1.0,2.0,0.0,0.0,2.0,1.0,0.0,0.0,0.0,4.0,2.0,4.0,4.0,3.0,3.0,5.0,1.0,2.0,0.0,0.0,0.0,2.0,4.0
757,2.0,3.0,5.0,6.0,5.0,4.0,5.0,5.0,8.0,4.0,3.0,1.0,7.0,3.0,2.0,4.0,5.0,5.0,2.0,4.0,6.0,4.0,7.0,3.0,5.0,3.0,4.0,3.0,8.0,4.0,7.0,6.0,9.0,6.0,5.0,3.0,5.0,5.0,5.0,3.0,5.0,4.0,4.0,5.0,2.0
758,3.0,5.0,4.0,5.0,2.0,0.0,1.0,5.0,6.0,4.0,3.0,4.0,2.0,4.0,3.0,3.0,6.0,5.0,3.0,5.0,5.0,3.0,4.0,4.0,5.0,5.0,3.0,1.0,0.0,0.0,0.0,4.0,5.0,7.0,5.0,1.0,4.0,4.0,5.0,4.0,3.0,2.0,2.0,1.0,3.0
759,1.0,3.0,2.0,0.0,0.0,0.0,3.0,0.0,1.0,4.0,2.0,3.0,1.0,1.0,1.0,0.0,0.0,1.0,4.0,2.0,1.0,3.0,1.0,3.0,0.0,0.0,2.0,1.0,0.0,0.0,0.0,3.0,2.0,3.0,4.0,2.0,2.0,1.0,2.0,2.0,0.0,0.0,0.0,3.0,3.0
760,1.0,3.0,2.0,4.0,3.0,6.0,5.0,5.0,5.0,3.0,2.0,3.0,5.0,3.0,2.0,4.0,4.0,4.0,2.0,4.0,5.0,2.0,4.0,3.0,5.0,2.0,3.0,3.0,5.0,5.0,5.0,4.0,6.0,3.0,5.0,3.0,4.0,2.0,4.0,2.0,5.0,2.0,4.0,5.0,1.0
761,1.0,6.0,3.0,4.0,2.0,6.0,1.0,5.0,6.0,3.0,3.0,4.0,2.0,1.0,3.0,3.0,5.0,2.0,4.0,3.0,5.0,2.0,4.0,3.0,3.0,4.0,3.0,1.0,0.0,0.0,0.0,2.0,3.0,5.0,5.0,1.0,4.0,2.0,6.0,4.0,3.0,2.0,1.0,1.0,2.0
762,5.0,13.0,9.0,8.0,9.0,3.0,10.0,14.0,8.0,8.0,10.0,5.0,9.0,7.0,10.0,5.0,15.0,7.0,9.0,8.0,15.0,10.0,10.0,12.0,6.0,10.0,8.0,6.0,3.0,3.0,12.0,10.0,6.0,10.0,11.0,6.0,12.0,10.0,10.0,8.0,11.0,5.0,13.0,13.0,6.0
763,2.0,3.0,5.0,8.0,9.0,9.0,7.0,7.0,8.0,6.0,4.0,7.0,6.0,4.0,8.0,9.0,7.0,8.0,7.0,7.0,9.0,5.0,8.0,8.0,7.0,7.0,5.0,5.0,9.0,7.0,7.0,8.0,9.0,9.0,8.0,9.0,8.0,7.0,9.0,2.0,7.0,6.0,8.0,12.0,1.0
764,3.0,8.0,7.0,7.0,9.0,7.0,6.0,11.0,8.0,7.0,6.0,10.0,7.0,5.0,12.0,7.0,10.0,8.0,11.0,8.0,9.0,7.0,8.0,10.0,9.0,9.0,6.0,6.0,10.0,6.0,13.0,9.0,5.0,10.0,5.0,4.0,10.0,10.0,10.0,4.0,10.0,8.0,9.0,13.0,4.0
765,3.0,11.0,10.0,7.0,9.0,3.0,10.0,13.0,7.0,7.0,9.0,4.0,9.0,6.0,9.0,5.0,12.0,7.0,8.0,8.0,10.0,9.0,10.0,12.0,6.0,9.0,7.0,6.0,3.0,3.0,10.0,8.0,5.0,9.0,11.0,6.0,12.0,8.0,8.0,7.0,11.0,5.0,9.0,12.0,6.0
766,1.0,3.0,2.0,5.0,7.0,5.0,7.0,6.0,5.0,3.0,3.0,7.0,4.0,4.0,6.0,4.0,4.0,7.0,3.0,6.0,6.0,3.0,6.0,8.0,5.0,5.0,2.0,3.0,6.0,5.0,5.0,5.0,6.0,6.0,6.0,7.0,6.0,5.0,6.0,2.0,5.0,4.0,5.0,11.0,0.0
767,1.0,6.0,8.0,8.0,9.0,5.0,6.0,10.0,7.0,5.0,4.0,8.0,7.0,4.0,10.0,5.0,8.0,8.0,7.0,7.0,5.0,6.0,8.0,10.0,7.0,8.0,5.0,6.0,9.0,5.0,11.0,7.0,4.0,8.0,5.0,5.0,8.0,8.0,7.0,4.0,7.0,6.0,6.0,12.0,3.0
768,4.0,7.0,4.0,2.0,3.0,4.0,8.0,6.0,7.0,4.0,4.0,4.0,9.0,7.0,5.0,3.0,10.0,4.0,4.0,8.0,12.0,6.0,9.0,9.0,6.0,6.0,6.0,3.0,4.0,2.0,8.0,6.0,5.0,6.0,7.0,4.0,9.0,7.0,5.0,8.0,5.0,4.0,5.0,3.0,5.0
769,2.0,3.0,5.0,7.0,6.0,10.0,6.0,8.0,8.0,4.0,3.0,4.0,7.0,4.0,4.0,6.0,7.0,7.0,5.0,7.0,8.0,4.0,8.0,7.0,6.0,3.0,6.0,3.0,7.0,5.0,7.0,6.0,9.0,7.0,6.0,4.0,7.0,6.0,8.0,2.0,7.0,5.0,6.0,6.0,1.0
770,3.0,4.0,6.0,9.0,4.0,8.0,6.0,8.0,7.0,4.0,5.0,8.0,4.0,7.0,7.0,7.0,6.0,6.0,5.0,8.0,9.0,5.0,8.0,8.0,7.0,3.0,6.0,5.0,8.0,4.0,10.0,5.0,4.0,6.0,6.0,2.0,7.0,7.0,9.0,4.0,5.0,5.0,8.0,3.0,4.0
771,2.0,7.0,5.0,2.0,3.0,4.0,8.0,9.0,6.0,4.0,4.0,3.0,7.0,7.0,5.0,3.0,8.0,4.0,4.0,6.0,8.0,6.0,8.0,9.0,6.0,5.0,5.0,3.0,3.0,2.0,8.0,5.0,5.0,6.0,7.0,3.0,9.0,5.0,5.0,6.0,4.0,4.0,4.0,3.0,4.0
772,1.0,3.0,2.0,5.0,5.0,6.0,6.0,6.0,5.0,3.0,2.0,4.0,5.0,3.0,4.0,5.0,4.0,6.0,3.0,5.0,5.0,2.0,5.0,7.0,4.0,2.0,3.0,3.0,4.0,5.0,5.0,5.0,6.0,5.0,6.0,4.0,5.0,4.0,6.0,1.0,5.0,3.0,4.0,6.0,0.0
773,1.0,5.0,5.0,5.0,4.0,6.0,6.0,8.0,7.0,3.0,3.0,7.0,4.0,6.0,7.0,5.0,5.0,6.0,6.0,6.0,5.0,4.0,6.0,8.0,7.0,1.0,5.0,6.0,5.0,3.0,8.0,5.0,4.0,6.0,6.0,2.0,6.0,3.0,8.0,3.0,7.0,5.0,5.0,3.0,3.0
774,3.0,4.0,5.0,7.0,6.0,6.0,3.0,4.0,2.0,2.0,2.0,3.0,3.0,4.0,5.0,0.0,4.0,2.0,4.0,4.0,9.0,4.0,7.0,2.0,0.0,0.0,2.0,2.0,0.0,0.0,4.0,3.0,4.0,3.0,5.0,4.0,5.0,3.0,3.0,5.0,6.0,2.0,4.0,2.0,2.0
775,2.0,3.0,3.0,5.0,6.0,5.0,5.0,6.0,8.0,5.0,3.0,2.0,3.0,3.0,4.0,3.0,3.0,5.0,2.0,4.0,7.0,4.0,8.0,4.0,4.0,3.0,4.0,3.0,6.0,4.0,7.0,6.0,9.0,5.0,3.0,3.0,5.0,5.0,5.0,3.0,7.0,3.0,6.0,6.0,1.0
776,3.0,4.0,4.0,6.0,5.0,5.0,3.0,7.0,5.0,2.0,1.0,6.0,3.0,4.0,4.0,4.0,4.0,3.0,2.0,9.0,8.0,3.0,6.0,6.0,6.0,5.0,2.0,2.0,0.0,0.0,4.0,5.0,4.0,4.0,3.0,2.0,5.0,2.0,6.0,4.0,2.0,4.0,3.0,2.0,2.0
777,1.0,4.0,3.0,2.0,4.0,4.0,3.0,4.0,2.0,1.0,2.0,2.0,4.0,4.0,4.0,3.0,5.0,1.0,3.0,3.0,5.0,5.0,6.0,3.0,0.0,0.0,4.0,2.0,0.0,0.0,4.0,3.0,4.0,4.0,5.0,5.0,4.0,3.0,3.0,5.0,6.0,2.0,3.0,2.0,2.0
778,1.0,3.0,2.0,3.0,4.0,5.0,5.0,5.0,5.0,2.0,2.0,4.0,2.0,2.0,3.0,4.0,4.0,4.0,2.0,4.0,5.0,2.0,5.0,4.0,4.0,2.0,3.0,3.0,3.0,5.0,5.0,5.0,6.0,2.0,4.0,3.0,4.0,3.0,5.0,1.0,5.0,2.0,4.0,6.0,0.0
779,1.0,5.0,3.0,2.0,5.0,6.0,3.0,6.0,5.0,2.0,2.0,5.0,4.0,2.0,3.0,4.0,5.0,1.0,4.0,5.0,5.0,2.0,5.0,5.0,6.0,4.0,2.0,2.0,0.0,0.0,4.0,3.0,3.0,4.0,3.0,4.0,4.0,2.0,6.0,3.0,6.0,2.0,1.0,2.0,2.0
780,4.0,8.0,13.0,9.0,11.0,8.0,8.0,11.0,8.0,8.0,10.0,6.0,8.0,10.0,9.0,5.0,12.0,7.0,11.0,8.0,8.0,11.0,10.0,11.0,7.0,8.0,8.0,12.0,13.0,2.0,14.0,10.0,12.0,12.0,14.0,6.0,12.0,16.0,12.0,12.0,17.0,12.0,10.0,13.0,6.0
781,0.0,3.0,5.0,7.0,7.0,7.0,5.0,3.0,6.0,7.0,5.0,6.0,6.0,8.0,7.0,7.0,7.0,6.0,6.0,6.0,6.0,5.0,6.0,6.0,6.0,5.0,7.0,5.0,8.0,6.0,6.0,7.0,8.0,10.0,8.0,9.0,8.0,6.0,7.0,3.0,7.0,6.0,6.0,10.0,1.0
782,3.0,5.0,9.0,7.0,11.0,7.0,6.0,8.0,7.0,8.0,6.0,8.0,7.0,9.0,10.0,7.0,6.0,8.0,8.0,8.0,8.0,6.0,10.0,10.0,8.0,9.0,5.0,9.0,11.0,6.0,12.0,9.0,12.0,12.0,10.0,7.0,11.0,12.0,9.0,8.0,14.0,11.0,9.0,13.0,4.0
783,2.0,6.0,11.0,8.0,11.0,6.0,8.0,12.0,8.0,7.0,8.0,5.0,8.0,9.0,9.0,6.0,10.0,7.0,7.0,7.0,9.0,10.0,8.0,10.0,7.0,7.0,8.0,11.0,10.0,2.0,11.0,8.0,10.0,11.0,11.0,6.0,12.0,13.0,10.0,9.0,12.0,9.0,7.0,13.0,5.0
784,0.0,3.0,2.0,4.0,6.0,5.0,5.0,3.0,4.0,3.0,3.0,6.0,4.0,6.0,4.0,3.0,4.0,6.0,3.0,5.0,3.0,3.0,4.0,5.0,4.0,5.0,3.0,3.0,5.0,4.0,5.0,5.0,6.0,6.0,5.0,7.0,6.0,3.0,5.0,2.0,5.0,5.0,4.0,9.0,0.0
785,1.0,5.0,7.0,6.0,11.0,5.0,6.0,8.0,7.0,5.0,4.0,8.0,7.0,6.0,8.0,5.0,5.0,8.0,5.0,7.0,5.0,5.0,7.0,10.0,7.0,6.0,5.0,9.0,9.0,5.0,9.0,7.0,9.0,9.0,7.0,7.0,9.0,9.0,7.0,6.0,10.0,7.0,6.0,13.0,3.0
786,4.0,7.0,10.0,8.0,5.0,4.0,7.0,7.0,7.0,6.0,6.0,2.0,7.0,7.0,9.0,2.0,6.0,1.0,3.0,5.0,8.0,6.0,7.0,9.0,5.0,6.0,7.0,10.0,4.0,2.0,8.0,10.0,6.0,9.0,12.0,3.0,10.0,9.0,10.0,13.0,15.0,9.0,10.0,12.0,5.0
787,0.0,3.0,5.0,6.0,5.0,5.0,5.0,3.0,6.0,6.0,3.0,4.0,7.0,4.0,6.0,5.0,5.0,6.0,3.0,6.0,5.0,5.0,6.0,4.0,4.0,2.0,5.0,5.0,8.0,6.0,6.0,7.0,8.0,8.0,7.0,6.0,8.0,7.0,7.0,3.0,7.0,5.0,6.0,9.0,1.0
788,3.0,5.0,9.0,7.0,5.0,8.0,6.0,7.0,6.0,7.0,4.0,6.0,3.0,6.0,7.0,6.0,5.0,6.0,3.0,8.0,7.0,6.0,10.0,7.0,6.0,6.0,4.0,7.0,8.0,7.0,11.0,8.0,5.0,9.0,9.0,5.0,9.0,9.0,9.0,8.0,13.0,9.0,9.0,12.0,4.0
789,2.0,6.0,9.0,8.0,5.0,4.0,7.0,6.0,7.0,5.0,7.0,2.0,6.0,6.0,9.0,3.0,5.0,1.0,3.0,4.0,5.0,6.0,6.0,5.0,6.0,5.0,7.0,9.0,4.0,2.0,8.0,8.0,5.0,7.0,10.0,3.0,8.0,8.0,8.0,10.0,12.0,8.0,6.0,11.0,5.0
790,0.0,3.0,2.0,5.0,5.0,5.0,5.0,3.0,4.0,3.0,2.0,4.0,5.0,4.0,4.0,2.0,4.0,6.0,2.0,4.0,2.0,2.0,4.0,4.0,4.0,2.0,2.0,3.0,5.0,4.0,5.0,5.0,6.0,5.0,5.0,4.0,6.0,3.0,5.0,2.0,5.0,4.0,4.0,9.0,0.0
791,1.0,5.0,7.0,7.0,5.0,6.0,5.0,6.0,6.0,4.0,3.0,6.0,3.0,5.0,6.0,4.0,4.0,6.0,3.0,6.0,4.0,5.0,5.0,7.0,4.0,3.0,4.0,8.0,7.0,5.0,9.0,6.0,4.0,6.0,6.0,6.0,8.0,7.0,7.0,7.0,10.0,6.0,5.0,11.0,3.0
792,3.0,4.0,7.0,6.0,3.0,4.0,5.0,5.0,2.0,5.0,4.0,1.0,4.0,4.0,3.0,2.0,6.0,2.0,2.0,4.0,1.0,5.0,6.0,5.0,3.0,4.0,5.0,5.0,4.0,2.0,7.0,8.0,4.0,7.0,8.0,3.0,7.0,5.0,5.0,11.0,12.0,4.0,5.0,7.0,4.0
793,0.0,4.0,5.0,5.0,5.0,4.0,4.0,3.0,6.0,4.0,3.0,2.0,3.0,3.0,4.0,4.0,5.0,5.0,2.0,6.0,5.0,5.0,5.0,4.0,4.0,1.0,5.0,5.0,7.0,3.0,5.0,7.0,6.0,6.0,4.0,3.0,6.0,4.0,6.0,2.0,7.0,5.0,4.0,6.0,1.0
794,3.0,4.0,6.0,8.0,6.0,4.0,5.0,5.0,5.0,5.0,3.0,4.0,3.0,5.0,6.0,4.0,4.0,3.0,2.0,4.0,4.0,5.0,7.0,4.0,5.0,3.0,3.0,6.0,8.0,4.0,8.0,6.0,5.0,6.0,5.0,2.0,6.0,5.0,8.0,7.0,11.0,7.0,6.0,7.0,3.0
795,1.0,4.0,5.0,1.0,4.0,4.0,5.0,5.0,6.0,4.0,4.0,1.0,3.0,4.0,3.0,2.0,5.0,1.0,3.0,2.0,1.0,5.0,5.0,5.0,6.0,5.0,5.0,5.0,3.0,2.0,7.0,6.0,4.0,6.0,8.0,3.0,7.0,5.0,5.0,9.0,9.0,4.0,4.0,7.0,4.0
796,0.0,4.0,2.0,4.0,4.0,4.0,4.0,2.0,4.0,3.0,2.0,2.0,2.0,4.0,4.0,2.0,4.0,5.0,2.0,4.0,2.0,2.0,3.0,4.0,4.0,1.0,3.0,4.0,4.0,4.0,4.0,5.0,5.0,3.0,4.0,3.0,5.0,2.0,6.0,1.0,5.0,4.0,3.0,6.0,0.0
797,1.0,6.0,5.0,4.0,6.0,5.0,4.0,4.0,5.0,5.0,3.0,4.0,3.0,3.0,5.0,3.0,3.0,3.0,3.0,4.0,4.0,4.0,3.0,4.0,3.0,2.0,3.0,7.0,5.0,3.0,7.0,4.0,5.0,5.0,5.0,4.0,5.0,3.0,6.0,5.0,8.0,5.0,4.0,7.0,2.0
798,4.0,6.0,8.0,8.0,4.0,4.0,6.0,6.0,3.0,7.0,4.0,7.0,7.0,5.0,5.0,3.0,10.0,4.0,8.0,6.0,7.0,5.0,9.0,2.0,0.0,0.0,4.0,3.0,6.0,3.0,6.0,6.0,4.0,8.0,7.0,3.0,9.0,7.0,7.0,6.0,5.0,6.0,4.0,1.0,3.0
799,0.0,3.0,5.0,8.0,5.0,8.0,6.0,3.0,6.0,8.0,5.0,5.0,7.0,4.0,7.0,7.0,7.0,6.0,6.0,7.0,6.0,5.0,6.0,6.0,6.0,5.0,6.0,5.0,8.0,6.0,7.0,7.0,8.0,10.0,7.0,9.0,7.0,6.0,6.0,2.0,7.0,5.0,6.0,11.0,1.0
800,3.0,4.0,6.0,10.0,5.0,8.0,6.0,7.0,6.0,9.0,6.0,6.0,3.0,6.0,9.0,8.0,5.0,6.0,8.0,8.0,8.0,5.0,10.0,8.0,4.0,8.0,3.0,5.0,7.0,5.0,10.0,7.0,4.0,10.0,5.0,3.0,7.0,7.0,7.0,4.0,5.0,7.0,9.0,3.0,4.0
801,2.0,7.0,8.0,7.0,4.0,4.0,6.0,7.0,5.0,6.0,4.0,6.0,6.0,5.0,5.0,3.0,8.0,2.0,6.0,6.0,7.0,5.0,7.0,6.0,8.0,7.0,5.0,3.0,3.0,3.0,6.0,5.0,4.0,7.0,7.0,3.0,7.0,6.0,6.0,5.0,4.0,5.0,4.0,3.0,3.0
802,0.0,3.0,2.0,4.0,5.0,6.0,6.0,3.0,4.0,3.0,3.0,5.0,5.0,4.0,4.0,3.0,4.0,6.0,3.0,6.0,3.0,3.0,4.0,5.0,4.0,5.0,3.0,3.0,5.0,4.0,6.0,5.0,6.0,6.0,5.0,7.0,5.0,3.0,5.0,1.0,5.0,4.0,4.0,10.0,0.0
803,1.0,5.0,5.0,5.0,5.0,6.0,6.0,7.0,6.0,4.0,3.0,7.0,3.0,5.0,7.0,5.0,4.0,6.0,6.0,7.0,5.0,4.0,7.0,8.0,3.0,7.0,3.0,6.0,7.0,4.0,8.0,5.0,4.0,8.0,5.0,4.0,7.0,3.0,7.0,3.0,7.0,5.0,6.0,3.0,3.0
804,3.0,4.0,2.0,0.0,2.0,4.0,3.0,5.0,2.0,5.0,3.0,6.0,6.0,4.0,3.0,2.0,5.0,2.0,4.0,5.0,1.0,4.0,0.0,2.0,0.0,0.0,3.0,4.0,2.0,2.0,5.0,7.0,4.0,3.0,5.0,3.0,8.0,5.0,3.0,5.0,6.0,4.0,1.0,1.0,2.0
805,0.0,3.0,5.0,6.0,5.0,8.0,6.0,3.0,6.0,7.0,3.0,4.0,7.0,4.0,4.0,7.0,7.0,6.0,4.0,7.0,5.0,5.0,6.0,6.0,6.0,2.0,6.0,5.0,8.0,6.0,5.0,8.0,8.0,8.0,6.0,6.0,6.0,5.0,6.0,2.0,7.0,5.0,4.0,7.0,1.0
806,3.0,4.0,6.0,7.0,6.0,8.0,6.0,6.0,7.0,8.0,3.0,5.0,3.0,6.0,5.0,6.0,5.0,6.0,5.0,8.0,7.0,5.0,9.0,4.0,4.0,4.0,2.0,6.0,5.0,2.0,9.0,7.0,3.0,8.0,4.0,3.0,6.0,6.0,8.0,5.0,5.0,5.0,6.0,2.0,3.0
807,1.0,4.0,5.0,7.0,4.0,4.0,3.0,5.0,2.0,5.0,3.0,5.0,6.0,4.0,3.0,2.0,4.0,2.0,2.0,4.0,1.0,4.0,0.0,5.0,6.0,6.0,3.0,4.0,2.0,2.0,5.0,6.0,4.0,3.0,5.0,3.0,7.0,3.0,3.0,4.0,6.0,5.0,1.0,1.0,2.0
808,0.0,3.0,2.0,4.0,5.0,6.0,6.0,3.0,4.0,3.0,2.0,4.0,5.0,4.0,4.0,3.0,4.0,6.0,3.0,5.0,2.0,3.0,4.0,5.0,4.0,2.0,3.0,3.0,5.0,4.0,4.0,6.0,6.0,5.0,5.0,7.0,4.0,2.0,6.0,1.0,5.0,4.0,3.0,7.0,0.0
809,1.0,5.0,4.0,5.0,6.0,5.0,6.0,6.0,7.0,4.0,3.0,5.0,3.0,4.0,5.0,5.0,4.0,6.0,6.0,6.0,4.0,4.0,5.0,4.0,3.0,3.0,2.0,7.0,5.0,2.0,7.0,5.0,3.0,6.0,4.0,4.0,6.0,3.0,7.0,3.0,5.0,5.0,3.0,2.0,2.0
810,3.0,3.0,2.0,0.0,0.0,0.0,4.0,6.0,2.0,5.0,4.0,1.0,1.0,1.0,1.0,0.0,5.0,0.0,1.0,3.0,1.0,4.0,6.0,2.0,0.0,0.0,2.0,3.0,2.0,1.0,5.0,5.0,1.0,2.0,4.0,5.0,3.0,3.0,3.0,4.0,6.0,2.0,3.0,1.0,3.0
811,0.0,3.0,5.0,6.0,3.0,6.0,4.0,4.0,6.0,5.0,3.0,2.0,7.0,4.0,4.0,5.0,5.0,6.0,2.0,4.0,5.0,5.0,6.0,4.0,6.0,1.0,4.0,5.0,7.0,3.0,5.0,5.0,8.0,6.0,4.0,4.0,5.0,4.0,6.0,3.0,7.0,3.0,5.0,6.0,1.0
812,3.0,4.0,4.0,5.0,3.0,5.0,3.0,7.0,4.0,6.0,3.0,5.0,2.0,7.0,5.0,5.0,5.0,3.0,2.0,7.0,7.0,5.0,9.0,4.0,6.0,2.0,2.0,4.0,5.0,4.0,6.0,5.0,4.0,4.0,2.0,0.0,3.0,3.0,8.0,6.0,7.0,2.0,2.0,1.0,4.0
813,1.0,3.0,2.0,0.0,0.0,0.0,4.0,6.0,1.0,5.0,5.0,2.0,1.0,3.0,4.0,2.0,2.0,1.0,4.0,2.0,1.0,4.0,6.0,5.0,4.0,6.0,2.0,3.0,2.0,1.0,5.0,4.0,1.0,2.0,4.0,5.0,3.0,3.0,3.0,4.0,6.0,2.0,2.0,1.0,2.0
814,0.0,3.0,2.0,4.0,3.0,5.0,4.0,4.0,4.0,3.0,2.0,2.0,5.0,4.0,4.0,2.0,4.0,6.0,2.0,3.0,2.0,2.0,4.0,4.0,4.0,1.0,3.0,3.0,4.0,4.0,4.0,5.0,6.0,3.0,4.0,3.0,4.0,2.0,6.0,1.0,5.0,2.0,4.0,6.0,0.0
815,1.0,5.0,3.0,6.0,3.0,6.0,3.0,6.0,4.0,5.0,3.0,5.0,2.0,1.0,3.0,4.0,3.0,2.0,3.0,3.0,4.0,4.0,5.0,4.0,4.0,2.0,2.0,5.0,4.0,3.0,7.0,3.0,3.0,5.0,2.0,0.0,3.0,2.0,6.0,4.0,6.0,2.0,1.0,1.0,3.0
816,3.0,3.0,2.0,0.0,0.0,0.0,1.0,5.0,4.0,2.0,1.0,2.0,1.0,1.0,1.0,0.0,0.0,2.0,2.0,4.0,1.0,1.0,1.0,2.0,0.0,0.0,4.0,3.0,2.0,0.0,5.0,4.0,1.0,4.0,4.0,2.0,5.0,3.0,2.0,2.0,0.0,0.0,0.0,2.0,4.0
817,0.0,3.0,6.0,4.0,5.0,5.0,4.0,4.0,6.0,5.0,3.0,1.0,4.0,3.0,2.0,4.0,4.0,6.0,2.0,7.0,5.0,5.0,5.0,2.0,4.0,1.0,4.0,4.0,5.0,3.0,5.0,5.0,8.0,6.0,4.0,3.0,5.0,4.0,4.0,2.0,7.0,3.0,4.0,5.0,2.0
818,3.0,4.0,4.0,5.0,4.0,4.0,1.0,5.0,5.0,6.0,3.0,5.0,7.0,4.0,4.0,0.0,4.0,4.0,2.0,4.0,4.0,4.0,6.0,3.0,5.0,6.0,4.0,1.0,0.0,0.0,0.0,5.0,2.0,6.0,3.0,1.0,4.0,3.0,5.0,3.0,3.0,2.0,2.0,1.0,3.0
819,1.0,3.0,2.0,0.0,0.0,0.0,1.0,4.0,4.0,2.0,1.0,2.0,4.0,2.0,1.0,0.0,0.0,2.0,3.0,2.0,1.0,1.0,1.0,3.0,0.0,0.0,1.0,3.0,2.0,0.0,5.0,4.0,1.0,2.0,4.0,2.0,3.0,2.0,2.0,2.0,0.0,0.0,0.0,3.0,3.0
820,0.0,3.0,2.0,1.0,3.0,4.0,4.0,3.0,4.0,2.0,2.0,1.0,3.0,3.0,2.0,3.0,3.0,6.0,2.0,5.0,2.0,2.0,3.0,2.0,4.0,1.0,3.0,3.0,3.0,4.0,4.0,4.0,6.0,2.0,3.0,3.0,4.0,2.0,6.0,1.0,5.0,2.0,3.0,5.0,1.0
821,1.0,6.0,3.0,3.0,2.0,0.0,1.0,4.0,5.0,3.0,3.0,2.0,5.0,1.0,3.0,0.0,3.0,4.0,3.0,5.0,4.0,3.0,3.0,3.0,3.0,2.0,3.0,1.0,0.0,0.0,0.0,2.0,2.0,4.0,3.0,1.0,3.0,2.0,5.0,4.0,3.0,2.0,1.0,1.0,2.0
822,5.0,13.0,9.0,8.0,9.0,3.0,10.0,14.0,8.0,8.0,10.0,5.0,8.0,7.0,10.0,5.0,13.0,7.0,11.0,8.0,14.0,10.0,11.0,12.0,10.0,9.0,7.0,6.0,3.0,3.0,12.0,10.0,6.0,11.0,11.0,5.0,12.0,9.0,10.0,8.0,11.0,5.0,10.0,11.0,6.0
823,0.0,3.0,5.0,7.0,7.0,7.0,6.0,3.0,6.0,6.0,5.0,6.0,6.0,4.0,7.0,7.0,7.0,6.0,6.0,7.0,6.0,5.0,6.0,6.0,6.0,5.0,5.0,5.0,8.0,6.0,6.0,7.0,8.0,9.0,7.0,9.0,9.0,6.0,7.0,2.0,7.0,5.0,6.0,11.0,1.0
824,3.0,8.0,7.0,7.0,9.0,7.0,6.0,9.0,8.0,7.0,6.0,8.0,6.0,5.0,10.0,7.0,9.0,8.0,8.0,8.0,9.0,7.0,10.0,10.0,11.0,8.0,4.0,6.0,10.0,6.0,10.0,8.0,5.0,10.0,5.0,3.0,10.0,8.0,9.0,4.0,10.0,8.0,9.0,11.0,4.0
825,3.0,11.0,10.0,7.0,9.0,3.0,10.0,13.0,7.0,7.0,9.0,4.0,8.0,6.0,9.0,5.0,11.0,7.0,8.0,8.0,10.0,9.0,10.0,12.0,8.0,8.0,7.0,6.0,3.0,3.0,10.0,8.0,5.0,9.0,11.0,6.0,12.0,8.0,8.0,7.0,11.0,5.0,6.0,10.0,6.0
826,0.0,3.0,2.0,4.0,6.0,5.0,6.0,3.0,4.0,3.0,3.0,6.0,4.0,4.0,4.0,3.0,4.0,6.0,3.0,6.0,3.0,3.0,4.0,5.0,4.0,5.0,2.0,3.0,5.0,4.0,5.0,5.0,6.0,6.0,5.0,7.0,6.0,3.0,5.0,1.0,5.0,4.0,4.0,10.0,0.0
827,1.0,6.0,8.0,8.0,9.0,5.0,6.0,9.0,6.0,4.0,4.0,7.0,6.0,4.0,8.0,5.0,6.0,8.0,5.0,7.0,6.0,6.0,7.0,10.0,8.0,6.0,4.0,6.0,9.0,5.0,8.0,6.0,4.0,7.0,4.0,4.0,8.0,7.0,7.0,4.0,7.0,6.0,5.0,10.0,3.0
828,4.0,7.0,4.0,2.0,3.0,4.0,8.0,7.0,6.0,4.0,4.0,5.0,9.0,8.0,5.0,2.0,9.0,4.0,5.0,6.0,11.0,6.0,10.0,9.0,7.0,5.0,5.0,3.0,4.0,2.0,8.0,6.0,5.0,5.0,7.0,3.0,9.0,5.0,5.0,8.0,5.0,4.0,5.0,3.0,5.0
829,0.0,3.0,5.0,6.0,5.0,8.0,5.0,3.0,6.0,4.0,3.0,4.0,7.0,4.0,4.0,5.0,7.0,6.0,4.0,7.0,5.0,5.0,6.0,6.0,6.0,1.0,6.0,4.0,7.0,4.0,5.0,5.0,8.0,7.0,5.0,4.0,6.0,4.0,6.0,2.0,7.0,4.0,4.0,6.0,1.0
830,3.0,4.0,6.0,9.0,6.0,8.0,6.0,7.0,6.0,4.0,5.0,6.0,3.0,8.0,5.0,5.0,5.0,6.0,5.0,9.0,7.0,5.0,10.0,8.0,5.0,3.0,4.0,5.0,8.0,4.0,10.0,4.0,4.0,6.0,4.0,4.0,8.0,5.0,8.0,4.0,5.0,5.0,6.0,3.0,4.0
831,2.0,7.0,5.0,2.0,3.0,4.0,8.0,9.0,5.0,4.0,4.0,4.0,7.0,7.0,5.0,2.0,7.0,4.0,7.0,6.0,8.0,6.0,8.0,9.0,7.0,6.0,5.0,3.0,3.0,2.0,8.0,5.0,5.0,5.0,7.0,3.0,9.0,5.0,5.0,6.0,4.0,4.0,4.0,3.0,4.0
832,0.0,3.0,2.0,4.0,5.0,6.0,5.0,3.0,4.0,3.0,2.0,4.0,5.0,3.0,4.0,2.0,4.0,6.0,3.0,5.0,2.0,3.0,4.0,5.0,4.0,1.0,3.0,3.0,4.0,4.0,4.0,5.0,6.0,5.0,5.0,3.0,5.0,2.0,6.0,1.0,5.0,3.0,3.0,6.0,0.0
833,1.0,5.0,5.0,5.0,6.0,5.0,6.0,7.0,6.0,3.0,3.0,6.0,3.0,6.0,5.0,4.0,4.0,6.0,6.0,7.0,4.0,4.0,5.0,8.0,4.0,2.0,4.0,6.0,5.0,3.0,8.0,4.0,4.0,5.0,5.0,4.0,7.0,3.0,7.0,3.0,7.0,5.0,3.0,3.0,3.0
834,3.0,4.0,5.0,7.0,3.0,4.0,3.0,4.0,2.0,2.0,2.0,3.0,3.0,4.0,5.0,0.0,4.0,2.0,4.0,4.0,8.0,5.0,7.0,2.0,0.0,0.0,2.0,2.0,0.0,0.0,4.0,3.0,4.0,3.0,5.0,3.0,5.0,3.0,3.0,5.0,6.0,2.0,4.0,2.0,2.0
835,0.0,3.0,4.0,4.0,5.0,6.0,4.0,3.0,7.0,5.0,3.0,2.0,3.0,3.0,4.0,3.0,3.0,6.0,2.0,6.0,5.0,5.0,6.0,2.0,4.0,1.0,4.0,4.0,6.0,3.0,5.0,5.0,8.0,6.0,4.0,3.0,4.0,4.0,4.0,2.0,8.0,3.0,4.0,6.0,1.0
836,3.0,4.0,4.0,6.0,5.0,5.0,3.0,7.0,4.0,2.0,1.0,5.0,2.0,3.0,5.0,3.0,3.0,3.0,2.0,8.0,7.0,5.0,9.0,5.0,6.0,3.0,2.0,2.0,0.0,0.0,4.0,4.0,4.0,5.0,2.0,0.0,3.0,3.0,6.0,4.0,2.0,4.0,3.0,2.0,3.0
837,1.0,4.0,3.0,2.0,4.0,4.0,3.0,4.0,2.0,1.0,2.0,2.0,3.0,4.0,4.0,2.0,5.0,1.0,3.0,3.0,5.0,5.0,6.0,3.0,0.0,0.0,4.0,4.0,2.0,1.0,7.0,3.0,4.0,4.0,5.0,5.0,4.0,3.0,3.0,5.0,6.0,2.0,3.0,2.0,2.0
838,0.0,3.0,2.0,2.0,3.0,4.0,4.0,3.0,5.0,2.0,2.0,2.0,2.0,2.0,3.0,2.0,4.0,6.0,2.0,4.0,2.0,2.0,4.0,2.0,4.0,1.0,3.0,3.0,3.0,4.0,4.0,5.0,6.0,2.0,4.0,3.0,4.0,2.0,6.0,1.0,5.0,2.0,3.0,6.0,0.0
839,1.0,5.0,3.0,2.0,5.0,6.0,3.0,6.0,4.0,2.0,2.0,5.0,2.0,1.0,3.0,3.0,3.0,1.0,4.0,6.0,4.0,4.0,5.0,5.0,4.0,2.0,2.0,2.0,0.0,0.0,4.0,3.0,3.0,4.0,3.0,4.0,4.0,2.0,6.0,3.0,6.0,2.0,1.0,2.0,2.0
840,4.0,8.0,4.0,2.0,8.0,0.0,9.0,5.0,4.0,2.0,3.0,6.0,7.0,7.0,8.0,4.0,8.0,3.0,1.0,2.0,3.0,5.0,5.0,1.0,0.0,0.0,7.0,12.0,12.0,4.0,14.0,3.0,7.0,6.0,13.0,6.0,13.0,13.0,10.0,12.0,15.0,8.0,5.0,1.0,7.0
841,3.0,3.0,2.0,4.0,3.0,6.0,0.0,4.0,6.0,1.0,4.0,2.0,4.0,4.0,4.0,3.0,5.0,1.0,3.0,2.0,7.0,3.0,2.0,4.0,3.0,3.0,0.0,5.0,6.0,5.0,4.0,4.0,6.0,5.0,2.0,6.0,6.0,4.0,3.0,4.0,2.0,5.0,6.0,3.0,1.0
842,3.0,3.0,4.0,4.0,4.0,7.0,1.0,4.0,6.0,3.0,4.0,6.0,4.0,5.0,5.0,7.0,5.0,4.0,4.0,3.0,7.0,3.0,3.0,4.0,4.0,6.0,3.0,7.0,7.0,6.0,4.0,4.0,7.0,5.0,3.0,7.0,8.0,4.0,5.0,6.0,5.0,6.0,7.0,3.0,1.0
843,2.0,6.0,10.0,6.0,7.0,0.0,9.0,5.0,4.0,2.0,3.0,5.0,7.0,7.0,8.0,5.0,6.0,3.0,1.0,2.0,3.0,5.0,4.0,1.0,0.0,0.0,7.0,9.0,9.0,4.0,10.0,3.0,6.0,6.0,10.0,4.0,4.0,11.0,8.0,9.0,10.0,5.0,3.0,1.0,6.0
844,1.0,0.0,1.0,1.0,1.0,3.0,0.0,0.0,1.0,0.0,2.0,1.0,0.0,2.0,1.0,0.0,1.0,0.0,0.0,0.0,1.0,1.0,0.0,2.0,0.0,0.0,0.0,1.0,1.0,3.0,1.0,0.0,2.0,2.0,1.0,4.0,1.0,1.0,1.0,1.0,0.0,0.0,2.0,3.0,0.0
845,1.0,0.0,2.0,1.0,2.0,5.0,0.0,0.0,1.0,1.0,2.0,4.0,1.0,4.0,2.0,2.0,2.0,1.0,1.0,0.0,1.0,1.0,0.0,2.0,2.0,2.0,2.0,2.0,2.0,3.0,1.0,0.0,4.0,2.0,2.0,5.0,2.0,1.0,2.0,3.0,2.0,1.0,3.0,3.0,0.0
846,4.0,7.0,9.0,4.0,3.0,0.0,6.0,4.0,4.0,2.0,2.0,1.0,4.0,5.0,4.0,1.0,4.0,1.0,1.0,1.0,2.0,4.0,5.0,1.0,0.0,0.0,5.0,10.0,3.0,3.0,4.0,2.0,6.0,4.0,12.0,2.0,6.0,9.0,8.0,13.0,11.0,6.0,5.0,1.0,6.0
847,3.0,3.0,1.0,4.0,4.0,6.0,0.0,4.0,5.0,2.0,3.0,2.0,4.0,4.0,4.0,2.0,5.0,1.0,2.0,3.0,7.0,3.0,2.0,3.0,3.0,3.0,0.0,5.0,6.0,5.0,4.0,4.0,5.0,4.0,2.0,5.0,7.0,4.0,3.0,4.0,2.0,4.0,7.0,3.0,1.0
848,3.0,3.0,3.0,4.0,5.0,6.0,1.0,4.0,5.0,3.0,3.0,3.0,4.0,5.0,5.0,6.0,5.0,4.0,2.0,3.0,7.0,3.0,3.0,3.0,4.0,4.0,3.0,7.0,7.0,4.0,4.0,4.0,7.0,4.0,3.0,7.0,8.0,4.0,5.0,6.0,5.0,5.0,8.0,3.0,1.0
849,2.0,4.0,7.0,4.0,3.0,0.0,6.0,4.0,4.0,3.0,3.0,2.0,4.0,5.0,4.0,1.0,3.0,1.0,1.0,1.0,2.0,4.0,4.0,1.0,0.0,0.0,5.0,7.0,2.0,3.0,4.0,2.0,5.0,4.0,10.0,1.0,4.0,7.0,6.0,10.0,7.0,5.0,2.0,1.0,6.0
850,1.0,0.0,0.0,2.0,1.0,3.0,0.0,0.0,1.0,0.0,2.0,1.0,0.0,2.0,1.0,0.0,1.0,0.0,0.0,0.0,1.0,1.0,0.0,2.0,0.0,0.0,0.0,1.0,1.0,3.0,1.0,0.0,2.0,2.0,1.0,3.0,2.0,1.0,1.0,1.0,0.0,0.0,2.0,3.0,0.0
851,1.0,0.0,1.0,2.0,2.0,5.0,0.0,0.0,1.0,1.0,2.0,1.0,1.0,2.0,2.0,2.0,2.0,1.0,1.0,0.0,1.0,1.0,0.0,2.0,2.0,2.0,1.0,2.0,2.0,3.0,1.0,0.0,3.0,2.0,2.0,4.0,3.0,1.0,3.0,3.0,2.0,1.0,3.0,3.0,0.0
852,3.0,3.0,2.0,1.0,3.0,0.0,5.0,3.0,2.0,1.0,2.0,3.0,3.0,3.0,4.0,1.0,3.0,3.0,1.0,1.0,1.0,4.0,1.0,1.0,0.0,0.0,3.0,8.0,3.0,0.0,1.0,1.0,4.0,4.0,4.0,0.0,2.0,6.0,4.0,11.0,7.0,3.0,3.0,1.0,4.0
853,3.0,3.0,1.0,3.0,4.0,6.0,0.0,4.0,5.0,2.0,3.0,2.0,3.0,4.0,2.0,3.0,5.0,1.0,2.0,3.0,4.0,3.0,2.0,2.0,2.0,2.0,0.0,5.0,6.0,3.0,4.0,4.0,5.0,4.0,2.0,3.0,6.0,4.0,2.0,3.0,2.0,4.0,4.0,3.0,1.0
854,3.0,3.0,2.0,3.0,5.0,5.0,2.0,4.0,5.0,3.0,3.0,3.0,4.0,3.0,3.0,5.0,5.0,2.0,2.0,3.0,4.0,3.0,3.0,2.0,3.0,3.0,3.0,6.0,6.0,3.0,4.0,4.0,3.0,4.0,3.0,5.0,6.0,4.0,4.0,5.0,4.0,6.0,5.0,3.0,1.0
855,1.0,3.0,2.0,1.0,4.0,0.0,5.0,3.0,2.0,1.0,2.0,2.0,3.0,3.0,4.0,1.0,2.0,3.0,1.0,1.0,1.0,3.0,1.0,1.0,0.0,0.0,3.0,6.0,2.0,3.0,3.0,1.0,4.0,3.0,4.0,0.0,2.0,5.0,4.0,9.0,5.0,3.0,2.0,1.0,4.0
856,1.0,0.0,0.0,2.0,1.0,3.0,0.0,0.0,1.0,0.0,2.0,1.0,0.0,2.0,1.0,0.0,1.0,0.0,0.0,0.0,1.0,1.0,0.0,2.0,0.0,0.0,0.0,1.0,1.0,2.0,1.0,0.0,2.0,1.0,1.0,2.0,2.0,1.0,1.0,1.0,0.0,0.0,2.0,3.0,0.0
857,1.0,0.0,0.0,3.0,2.0,4.0,1.0,0.0,1.0,1.0,2.0,1.0,1.0,2.0,2.0,2.0,2.0,1.0,1.0,0.0,1.0,1.0,0.0,2.0,1.0,1.0,2.0,2.0,1.0,2.0,1.0,0.0,3.0,1.0,2.0,3.0,2.0,1.0,2.0,3.0,1.0,2.0,3.0,3.0,0.0
858,4.0,4.0,1.0,2.0,1.0,0.0,1.0,0.0,3.0,1.0,1.0,0.0,2.0,1.0,2.0,0.0,0.0,0.0,3.0,2.0,1.0,1.0,0.0,1.0,0.0,0.0,1.0,1.0,0.0,0.0,0.0,3.0,2.0,1.0,1.0,0.0,1.0,2.0,1.0,4.0,0.0,0.0,0.0,2.0,3.0
859,3.0,3.0,1.0,5.0,4.0,6.0,0.0,5.0,6.0,2.0,4.0,2.0,5.0,4.0,4.0,3.0,5.0,1.0,4.0,2.0,7.0,3.0,2.0,4.0,3.0,3.0,0.0,5.0,6.0,5.0,4.0,4.0,6.0,5.0,2.0,6.0,6.0,4.0,3.0,3.0,2.0,5.0,6.0,3.0,1.0
860,3.0,3.0,2.0,5.0,5.0,6.0,1.0,5.0,6.0,4.0,4.0,4.0,5.0,5.0,6.0,6.0,6.0,4.0,5.0,3.0,7.0,3.0,3.0,4.0,4.0,4.0,2.0,6.0,7.0,6.0,4.0,4.0,7.0,3.0,3.0,7.0,8.0,4.0,5.0,3.0,4.0,7.0,7.0,3.0,1.0
861,2.0,2.0,1.0,1.0,1.0,0.0,1.0,0.0,2.0,0.0,1.0,0.0,2.0,1.0,2.0,0.0,0.0,0.0,1.0,2.0,1.0,1.0,0.0,1.0,0.0,0.0,1.0,1.0,0.0,0.0,0.0,2.0,2.0,1.0,1.0,0.0,1.0,2.0,1.0,3.0,0.0,0.0,0.0,2.0,3.0
862,1.0,0.0,0.0,2.0,1.0,3.0,0.0,0.0,1.0,0.0,2.0,1.0,0.0,2.0,1.0,0.0,1.0,0.0,0.0,0.0,1.0,1.0,0.0,2.0,0.0,0.0,0.0,1.0,1.0,3.0,1.0,0.0,2.0,2.0,1.0,4.0,1.0,1.0,1.0,1.0,0.0,0.0,2.0,3.0,0.0
863,1.0,0.0,0.0,3.0,2.0,5.0,0.0,0.0,1.0,1.0,2.0,2.0,1.0,2.0,3.0,2.0,2.0,1.0,1.0,0.0,1.0,1.0,0.0,2.0,2.0,2.0,1.0,2.0,2.0,3.0,1.0,0.0,3.0,2.0,2.0,5.0,2.0,1.0,3.0,1.0,1.0,2.0,3.0,3.0,0.0
864,3.0,2.0,1.0,2.0,0.0,0.0,4.0,0.0,1.0,0.0,1.0,0.0,2.0,1.0,1.0,0.0,0.0,0.0,3.0,2.0,0.0,1.0,0.0,0.0,0.0,2.0,2.0,1.0,0.0,0.0,1.0,0.0,1.0,2.0,2.0,0.0,1.0,1.0,1.0,4.0,0.0,0.0,0.0,2.0,1.0
865,3.0,3.0,1.0,5.0,4.0,6.0,0.0,5.0,6.0,2.0,4.0,2.0,5.0,3.0,3.0,4.0,5.0,1.0,4.0,2.0,7.0,3.0,2.0,4.0,3.0,3.0,0.0,5.0,6.0,5.0,4.0,4.0,5.0,5.0,2.0,6.0,6.0,4.0,3.0,3.0,2.0,5.0,6.0,3.0,1.0
866,3.0,3.0,2.0,5.0,4.0,6.0,1.0,5.0,6.0,4.0,3.0,3.0,5.0,3.0,4.0,6.0,5.0,2.0,5.0,3.0,7.0,3.0,3.0,4.0,4.0,3.0,2.0,7.0,7.0,4.0,4.0,4.0,7.0,5.0,3.0,7.0,6.0,4.0,5.0,3.0,4.0,5.0,7.0,3.0,1.0
867,1.0,2.0,1.0,1.0,0.0,0.0,4.0,0.0,1.0,0.0,1.0,0.0,2.0,1.0,1.0,0.0,0.0,0.0,1.0,2.0,0.0,1.0,0.0,0.0,0.0,1.0,2.0,1.0,0.0,0.0,1.0,0.0,1.0,2.0,2.0,0.0,1.0,1.0,1.0,3.0,0.0,0.0,0.0,2.0,1.0
868,1.0,0.0,0.0,2.0,1.0,3.0,0.0,0.0,1.0,0.0,2.0,1.0,0.0,2.0,2.0,0.0,1.0,0.0,0.0,0.0,1.0,1.0,0.0,2.0,0.0,0.0,0.0,1.0,1.0,3.0,1.0,0.0,2.0,2.0,1.0,4.0,1.0,1.0,1.0,1.0,0.0,0.0,2.0,3.0,0.0
869,1.0,0.0,0.0,3.0,2.0,5.0,0.0,0.0,1.0,1.0,2.0,1.0,1.0,2.0,3.0,2.0,2.0,1.0,1.0,0.0,1.0,1.0,0.0,2.0,1.0,2.0,1.0,3.0,2.0,3.0,1.0,0.0,3.0,2.0,2.0,5.0,2.0,1.0,3.0,1.0,1.0,2.0,3.0,3.0,0.0
870,3.0,3.0,1.0,2.0,0.0,0.0,1.0,0.0,0.0,0.0,1.0,0.0,0.0,0.0,1.0,0.0,0.0,0.0,1.0,1.0,0.0,1.0,0.0,0.0,0.0,2.0,1.0,1.0,3.0,0.0,1.0,0.0,1.0,0.0,0.0,0.0,1.0,1.0,1.0,2.0,0.0,0.0,0.0,2.0,1.0
871,3.0,3.0,1.0,5.0,3.0,6.0,0.0,4.0,6.0,1.0,3.0,2.0,4.0,2.0,2.0,3.0,5.0,1.0,3.0,3.0,7.0,3.0,2.0,4.0,3.0,3.0,0.0,5.0,6.0,4.0,4.0,4.0,5.0,5.0,2.0,5.0,6.0,3.0,2.0,3.0,2.0,5.0,6.0,1.0,1.0
872,3.0,3.0,2.0,5.0,3.0,5.0,2.0,4.0,6.0,3.0,3.0,3.0,3.0,2.0,2.0,6.0,5.0,1.0,4.0,4.0,7.0,3.0,3.0,4.0,4.0,3.0,2.0,4.0,4.0,3.0,4.0,4.0,3.0,5.0,3.0,3.0,6.0,3.0,2.0,4.0,4.0,4.0,7.0,1.0,1.0
873,1.0,2.0,1.0,1.0,0.0,0.0,1.0,0.0,0.0,0.0,1.0,0.0,0.0,0.0,1.0,0.0,0.0,0.0,1.0,1.0,0.0,1.0,0.0,0.0,0.0,1.0,1.0,1.0,2.0,0.0,1.0,0.0,1.0,0.0,0.0,0.0,1.0,1.0,1.0,2.0,0.0,0.0,0.0,2.0,1.0
874,1.0,0.0,0.0,2.0,1.0,3.0,0.0,0.0,1.0,0.0,2.0,1.0,0.0,1.0,1.0,0.0,1.0,0.0,0.0,0.0,1.0,1.0,0.0,2.0,0.0,0.0,0.0,1.0,1.0,2.0,1.0,0.0,2.0,1.0,1.0,3.0,1.0,0.0,2.0,1.0,0.0,0.0,2.0,1.0,0.0
875,1.0,0.0,0.0,2.0,2.0,4.0,1.0,0.0,1.0,1.0,2.0,1.0,1.0,1.0,1.0,2.0,2.0,0.0,2.0,0.0,1.0,1.0,0.0,2.0,1.0,1.0,1.0,3.0,1.0,2.0,1.0,0.0,3.0,1.0,2.0,3.0,1.0,0.0,2.0,1.0,1.0,1.0,3.0,1.0,0.0
876,3.0,1.0,1.0,2.0,0.0,0.0,0.0,1.0,0.0,0.0,1.0,0.0,0.0,0.0,1.0,0.0,0.0,0.0,1.0,1.0,0.0,1.0,0.0,0.0,0.0,2.0,1.0,1.0,0.0,0.0,0.0,2.0,1.0,0.0,1.0,0.0,1.0,2.0,0.0,1.0,0.0,0.0,0.0,2.0,1.0
877,3.0,3.0,1.0,4.0,3.0,6.0,0.0,4.0,6.0,1.0,3.0,2.0,4.0,2.0,2.0,3.0,5.0,1.0,2.0,3.0,7.0,3.0,2.0,3.0,2.0,3.0,0.0,5.0,6.0,4.0,4.0,4.0,5.0,3.0,2.0,4.0,7.0,3.0,2.0,3.0,2.0,5.0,6.0,1.0,1.0
878,3.0,3.0,2.0,4.0,1.0,0.0,2.0,4.0,6.0,1.0,2.0,3.0,3.0,2.0,2.0,6.0,5.0,1.0,3.0,3.0,7.0,3.0,1.0,3.0,3.0,1.0,2.0,4.0,4.0,2.0,4.0,4.0,3.0,3.0,1.0,0.0,1.0,3.0,2.0,3.0,4.0,0.0,0.0,0.0,2.0
879,1.0,1.0,1.0,1.0,0.0,0.0,0.0,1.0,0.0,0.0,1.0,0.0,0.0,0.0,1.0,0.0,0.0,0.0,1.0,1.0,0.0,1.0,0.0,0.0,0.0,1.0,1.0,1.0,0.0,0.0,0.0,1.0,1.0,1.0,1.0,0.0,1.0,1.0,0.0,1.0,0.0,0.0,0.0,2.0,1.0
880,1.0,0.0,0.0,2.0,1.0,3.0,0.0,0.0,1.0,0.0,2.0,1.0,0.0,1.0,1.0,0.0,1.0,0.0,0.0,0.0,1.0,1.0,0.0,2.0,0.0,0.0,0.0,1.0,1.0,2.0,1.0,0.0,2.0,1.0,1.0,2.0,2.0,0.0,2.0,1.0,0.0,0.0,2.0,1.0,0.0
881,1.0,0.0,0.0,2.0,1.0,0.0,1.0,0.0,1.0,0.0,1.0,1.0,1.0,1.0,1.0,2.0,2.0,0.0,2.0,0.0,1.0,1.0,0.0,2.0,1.0,1.0,1.0,3.0,1.0,2.0,1.0,0.0,3.0,1.0,1.0,0.0,1.0,0.0,2.0,1.0,1.0,0.0,0.0,0.0,1.0
882,5.0,8.0,2.0,2.0,6.0,0.0,10.0,7.0,7.0,6.0,3.0,5.0,7.0,6.0,6.0,4.0,9.0,3.0,1.0,2.0,3.0,5.0,5.0,1.0,0.0,0.0,5.0,10.0,4.0,4.0,10.0,2.0,6.0,5.0,6.0,0.0,3.0,10.0,8.0,7.0,0.0,0.0,0.0,5.0,6.0
883,3.0,3.0,1.0,5.0,3.0,6.0,0.0,4.0,6.0,1.0,4.0,2.0,5.0,4.0,5.0,3.0,5.0,1.0,3.0,2.0,7.0,3.0,2.0,3.0,3.0,3.0,0.0,5.0,6.0,5.0,4.0,4.0,6.0,4.0,2.0,6.0,6.0,4.0,3.0,3.0,2.0,4.0,7.0,3.0,1.0
884,3.0,3.0,3.0,5.0,4.0,7.0,1.0,4.0,6.0,3.0,4.0,5.0,5.0,6.0,6.0,7.0,6.0,3.0,4.0,3.0,7.0,3.0,3.0,3.0,4.0,6.0,2.0,7.0,7.0,6.0,4.0,4.0,7.0,4.0,3.0,7.0,8.0,4.0,5.0,3.0,4.0,6.0,8.0,3.0,1.0
885,3.0,7.0,2.0,1.0,5.0,0.0,10.0,6.0,5.0,5.0,3.0,4.0,7.0,6.0,6.0,5.0,7.0,3.0,1.0,2.0,3.0,5.0,4.0,1.0,0.0,0.0,5.0,7.0,3.0,4.0,8.0,2.0,5.0,5.0,6.0,0.0,3.0,8.0,6.0,6.0,0.0,0.0,0.0,5.0,6.0
886,1.0,0.0,0.0,2.0,1.0,3.0,0.0,0.0,1.0,0.0,2.0,1.0,0.0,2.0,2.0,0.0,1.0,0.0,0.0,0.0,1.0,1.0,0.0,2.0,0.0,0.0,0.0,1.0,1.0,3.0,1.0,0.0,2.0,2.0,1.0,4.0,1.0,1.0,1.0,1.0,0.0,0.0,2.0,3.0,0.0
887,1.0,0.0,1.0,2.0,2.0,5.0,0.0,0.0,1.0,1.0,2.0,3.0,1.0,3.0,3.0,2.0,2.0,1.0,1.0,0.0,1.0,1.0,0.0,2.0,2.0,3.0,1.0,2.0,2.0,3.0,1.0,0.0,4.0,2.0,2.0,5.0,2.0,1.0,3.0,1.0,1.0,2.0,3.0,3.0,0.0
888,4.0,7.0,3.0,1.0,5.0,0.0,6.0,7.0,2.0,1.0,3.0,3.0,7.0,5.0,4.0,1.0,6.0,2.0,1.0,2.0,2.0,4.0,5.0,1.0,0.0,0.0,3.0,6.0,3.0,3.0,4.0,2.0,5.0,3.0,3.0,0.0,3.0,5.0,4.0,6.0,2.0,2.0,3.0,1.0,5.0
889,3.0,3.0,1.0,4.0,4.0,6.0,0.0,4.0,6.0,1.0,3.0,2.0,4.0,3.0,3.0,4.0,5.0,1.0,2.0,3.0,7.0,3.0,2.0,3.0,3.0,3.0,0.0,5.0,6.0,4.0,4.0,4.0,5.0,4.0,2.0,5.0,7.0,4.0,2.0,3.0,2.0,4.0,5.0,1.0,1.0
890,3.0,3.0,2.0,4.0,5.0,6.0,1.0,4.0,6.0,3.0,3.0,3.0,4.0,3.0,4.0,6.0,5.0,4.0,2.0,4.0,7.0,3.0,3.0,3.0,4.0,3.0,3.0,6.0,6.0,3.0,4.0,4.0,7.0,4.0,3.0,7.0,9.0,4.0,4.0,3.0,4.0,5.0,6.0,1.0,1.0
891,2.0,4.0,3.0,1.0,4.0,0.0,6.0,6.0,2.0,1.0,3.0,2.0,5.0,5.0,4.0,1.0,5.0,2.0,1.0,2.0,2.0,4.0,4.0,1.0,0.0,0.0,3.0,4.0,2.0,3.0,4.0,1.0,5.0,3.0,3.0,0.0,3.0,4.0,4.0,5.0,2.0,2.0,2.0,1.0,4.0
892,1.0,0.0,0.0,2.0,1.0,3.0,0.0,0.0,1.0,0.0,2.0,1.0,0.0,2.0,1.0,0.0,1.0,0.0,0.0,0.0,1.0,1.0,0.0,2.0,0.0,0.0,0.0,1.0,1.0,2.0,1.0,0.0,2.0,2.0,1.0,3.0,2.0,1.0,1.0,1.0,0.0,0.0,2.0,1.0,0.0
893,1.0,0.0,0.0,3.0,2.0,5.0,0.0,0.0,1.0,1.0,2.0,1.0,1.0,2.0,2.0,2.0,2.0,1.0,1.0,0.0,1.0,1.0,0.0,2.0,2.0,1.0,2.0,2.0,1.0,2.0,1.0,0.0,3.0,2.0,2.0,4.0,3.0,1.0,3.0,1.0,1.0,2.0,3.0,1.0,0.0
894,3.0,3.0,1.0,1.0,2.0,0.0,2.0,0.0,2.0,1.0,1.0,3.0,3.0,2.0,2.0,1.0,4.0,3.0,1.0,1.0,1.0,3.0,1.0,1.0,0.0,0.0,1.0,2.0,0.0,0.0,1.0,1.0,3.0,1.0,2.0,0.0,2.0,2.0,2.0,5.0,0.0,0.0,0.0,3.0,3.0
895,3.0,3.0,1.0,3.0,4.0,6.0,0.0,4.0,5.0,2.0,3.0,2.0,3.0,3.0,2.0,3.0,4.0,1.0,2.0,3.0,7.0,3.0,2.0,2.0,2.0,3.0,0.0,5.0,6.0,4.0,4.0,4.0,5.0,3.0,2.0,3.0,6.0,3.0,2.0,3.0,2.0,4.0,4.0,1.0,1.0
896,3.0,3.0,2.0,3.0,4.0,5.0,2.0,4.0,5.0,3.0,3.0,3.0,4.0,2.0,2.0,4.0,4.0,2.0,2.0,4.0,7.0,3.0,3.0,1.0,3.0,3.0,2.0,4.0,7.0,3.0,4.0,4.0,3.0,3.0,3.0,3.0,6.0,3.0,2.0,4.0,4.0,3.0,5.0,1.0,1.0
897,1.0,3.0,1.0,1.0,1.0,0.0,2.0,0.0,2.0,0.0,1.0,2.0,3.0,2.0,2.0,1.0,3.0,1.0,1.0,1.0,1.0,3.0,1.0,1.0,0.0,0.0,1.0,2.0,0.0,0.0,1.0,1.0,3.0,1.0,2.0,0.0,2.0,2.0,2.0,4.0,0.0,0.0,0.0,3.0,3.0
898,1.0,0.0,0.0,2.0,1.0,3.0,0.0,0.0,1.0,0.0,2.0,1.0,0.0,1.0,1.0,0.0,1.0,0.0,0.0,0.0,1.0,1.0,0.0,2.0,0.0,0.0,0.0,1.0,1.0,2.0,1.0,0.0,2.0,1.0,1.0,2.0,2.0,0.0,2.0,1.0,0.0,0.0,2.0,1.0,0.0
899,1.0,0.0,0.0,2.0,2.0,4.0,1.0,0.0,1.0,1.0,2.0,1.0,1.0,1.0,1.0,2.0,2.0,1.0,1.0,0.0,1.0,1.0,0.0,2.0,1.0,1.0,1.0,3.0,1.0,2.0,1.0,0.0,3.0,1.0,2.0,2.0,2.0,0.0,2.0,1.0,1.0,1.0,3.0,1.0,0.0
900,4.0,8.0,4.0,2.0,8.0,0.0,9.0,5.0,4.0,2.0,3.0,6.0,7.0,7.0,8.0,3.0,8.0,3.0,1.0,2.0,3.0,5.0,5.0,1.0,0.0,0.0,7.0,12.0,12.0,4.0,14.0,3.0,7.0,6.0,13.0,6.0,13.0,12.0,10.0,12.0,15.0,8.0,5.0,1.0,7.0
901,3.0,3.0,2.0,4.0,3.0,6.0,0.0,4.0,4.0,1.0,4.0,2.0,4.0,3.0,4.0,3.0,5.0,1.0,3.0,1.0,7.0,3.0,2.0,4.0,2.0,3.0,0.0,5.0,6.0,4.0,3.0,3.0,4.0,4.0,2.0,6.0,6.0,4.0,3.0,4.0,2.0,5.0,6.0,3.0,1.0
902,3.0,3.0,4.0,4.0,3.0,6.0,1.0,4.0,5.0,2.0,4.0,6.0,4.0,5.0,5.0,8.0,5.0,4.0,3.0,3.0,7.0,3.0,3.0,4.0,3.0,6.0,1.0,6.0,7.0,6.0,4.0,4.0,6.0,5.0,3.0,6.0,8.0,4.0,5.0,6.0,5.0,6.0,6.0,3.0,1.0
903,2.0,6.0,10.0,6.0,7.0,0.0,9.0,5.0,4.0,2.0,3.0,5.0,7.0,7.0,8.0,3.0,6.0,3.0,1.0,2.0,3.0,5.0,4.0,1.0,0.0,0.0,7.0,9.0,9.0,4.0,10.0,3.0,6.0,6.0,10.0,4.0,4.0,10.0,8.0,9.0,10.0,5.0,3.0,1.0,6.0
904,1.0,0.0,1.0,1.0,1.0,3.0,0.0,0.0,0.0,0.0,2.0,1.0,0.0,1.0,1.0,0.0,1.0,0.0,0.0,0.0,1.0,1.0,0.0,2.0,0.0,0.0,0.0,1.0,1.0,2.0,0.0,0.0,1.0,1.0,1.0,4.0,1.0,1.0,0.0,1.0,0.0,0.0,2.0,3.0,0.0
905,1.0,0.0,2.0,1.0,1.0,4.0,0.0,0.0,1.0,1.0,2.0,4.0,0.0,4.0,2.0,2.0,1.0,1.0,0.0,0.0,1.0,1.0,0.0,2.0,1.0,2.0,1.0,2.0,2.0,3.0,1.0,0.0,2.0,2.0,2.0,4.0,2.0,1.0,2.0,3.0,2.0,1.0,2.0,3.0,0.0
906,4.0,7.0,9.0,4.0,3.0,0.0,6.0,4.0,4.0,2.0,2.0,1.0,4.0,5.0,4.0,1.0,4.0,1.0,1.0,1.0,2.0,4.0,5.0,1.0,0.0,0.0,5.0,10.0,3.0,3.0,4.0,2.0,6.0,4.0,12.0,2.0,6.0,8.0,5.0,13.0,11.0,6.0,5.0,1.0,6.0
907,3.0,3.0,1.0,4.0,4.0,6.0,0.0,4.0,3.0,2.0,3.0,2.0,4.0,3.0,4.0,2.0,5.0,1.0,2.0,2.0,7.0,3.0,2.0,3.0,2.0,3.0,0.0,5.0,6.0,4.0,3.0,3.0,3.0,4.0,2.0,5.0,7.0,4.0,3.0,4.0,2.0,4.0,7.0,3.0,1.0
908,3.0,3.0,3.0,4.0,4.0,5.0,1.0,4.0,4.0,3.0,3.0,3.0,5.0,6.0,5.0,6.0,5.0,3.0,2.0,3.0,7.0,3.0,3.0,3.0,3.0,4.0,1.0,6.0,7.0,4.0,4.0,4.0,4.0,4.0,3.0,6.0,8.0,4.0,5.0,6.0,5.0,5.0,7.0,3.0,1.0
909,2.0,4.0,7.0,4.0,3.0,0.0,6.0,4.0,4.0,3.0,3.0,2.0,4.0,5.0,4.0,1.0,3.0,1.0,1.0,1.0,2.0,4.0,4.0,1.0,0.0,0.0,5.0,7.0,2.0,3.0,4.0,2.0,5.0,4.0,10.0,1.0,4.0,6.0,5.0,10.0,7.0,5.0,2.0,1.0,6.0
910,1.0,0.0,0.0,2.0,1.0,3.0,0.0,0.0,0.0,0.0,2.0,1.0,0.0,1.0,1.0,0.0,1.0,0.0,0.0,0.0,1.0,1.0,0.0,2.0,0.0,0.0,0.0,1.0,1.0,2.0,0.0,0.0,1.0,1.0,1.0,3.0,2.0,1.0,0.0,1.0,0.0,0.0,2.0,3.0,0.0
911,1.0,0.0,1.0,2.0,1.0,4.0,0.0,0.0,1.0,1.0,2.0,1.0,1.0,3.0,2.0,2.0,1.0,1.0,0.0,0.0,1.0,1.0,0.0,2.0,1.0,2.0,1.0,2.0,2.0,3.0,1.0,0.0,3.0,2.0,2.0,3.0,2.0,1.0,3.0,3.0,2.0,1.0,2.0,3.0,0.0
912,3.0,3.0,2.0,1.0,3.0,0.0,5.0,3.0,2.0,1.0,2.0,3.0,3.0,3.0,4.0,1.0,3.0,3.0,1.0,1.0,1.0,4.0,1.0,1.0,0.0,0.0,3.0,8.0,3.0,0.0,1.0,1.0,4.0,4.0,4.0,0.0,2.0,6.0,4.0,11.0,7.0,3.0,3.0,1.0,4.0
913,3.0,3.0,1.0,3.0,4.0,6.0,0.0,4.0,3.0,2.0,3.0,2.0,3.0,4.0,2.0,3.0,5.0,1.0,2.0,2.0,3.0,3.0,2.0,2.0,1.0,2.0,0.0,5.0,6.0,3.0,4.0,3.0,3.0,4.0,2.0,3.0,6.0,4.0,2.0,3.0,2.0,4.0,4.0,3.0,1.0
914,3.0,3.0,2.0,3.0,4.0,4.0,2.0,4.0,4.0,3.0,3.0,3.0,4.0,4.0,3.0,5.0,5.0,3.0,2.0,3.0,3.0,3.0,3.0,2.0,2.0,3.0,1.0,6.0,6.0,3.0,4.0,4.0,3.0,4.0,3.0,4.0,6.0,4.0,4.0,5.0,4.0,6.0,4.0,3.0,1.0
915,1.0,3.0,2.0,1.0,3.0,0.0,5.0,3.0,2.0,1.0,2.0,2.0,3.0,3.0,4.0,1.0,2.0,3.0,1.0,1.0,1.0,3.0,1.0,1.0,0.0,0.0,3.0,6.0,2.0,2.0,4.0,1.0,3.0,2.0,2.0,0.0,2.0,5.0,4.0,9.0,5.0,3.0,2.0,1.0,4.0
916,1.0,0.0,0.0,2.0,1.0,3.0,0.0,0.0,0.0,0.0,2.0,1.0,0.0,1.0,1.0,0.0,1.0,0.0,0.0,0.0,1.0,1.0,0.0,2.0,0.0,0.0,0.0,1.0,1.0,1.0,1.0,0.0,1.0,1.0,1.0,2.0,2.0,1.0,0.0,1.0,0.0,0.0,2.0,3.0,0.0
917,1.0,0.0,0.0,3.0,1.0,3.0,1.0,0.0,1.0,1.0,2.0,1.0,1.0,2.0,2.0,2.0,1.0,1.0,0.0,0.0,1.0,1.0,0.0,2.0,0.0,1.0,2.0,2.0,1.0,2.0,1.0,0.0,1.0,1.0,2.0,2.0,2.0,1.0,2.0,3.0,1.0,2.0,2.0,3.0,0.0
918,4.0,4.0,1.0,2.0,1.0,0.0,1.0,0.0,3.0,1.0,1.0,0.0,2.0,1.0,2.0,0.0,0.0,0.0,3.0,2.0,1.0,1.0,0.0,1.0,0.0,0.0,1.0,1.0,0.0,0.0,0.0,3.0,2.0,1.0,1.0,0.0,1.0,3.0,1.0,4.0,0.0,0.0,0.0,2.0,2.0
919,3.0,3.0,1.0,5.0,4.0,6.0,0.0,5.0,4.0,2.0,4.0,2.0,5.0,3.0,4.0,3.0,5.0,1.0,4.0,1.0,7.0,3.0,2.0,4.0,2.0,3.0,0.0,5.0,6.0,4.0,3.0,3.0,4.0,4.0,2.0,6.0,6.0,4.0,3.0,3.0,2.0,5.0,6.0,3.0,1.0
920,3.0,3.0,2.0,5.0,4.0,5.0,1.0,5.0,5.0,3.0,4.0,4.0,6.0,6.0,5.0,6.0,5.0,4.0,4.0,3.0,7.0,3.0,3.0,4.0,3.0,4.0,1.0,6.0,7.0,6.0,4.0,4.0,5.0,3.0,3.0,6.0,8.0,4.0,5.0,3.0,4.0,7.0,6.0,3.0,1.0
921,2.0,2.0,1.0,1.0,1.0,0.0,1.0,0.0,2.0,0.0,1.0,0.0,2.0,1.0,2.0,0.0,0.0,0.0,1.0,2.0,1.0,1.0,0.0,1.0,0.0,0.0,1.0,1.0,0.0,0.0,0.0,2.0,2.0,1.0,1.0,0.0,1.0,2.0,1.0,3.0,0.0,0.0,0.0,2.0,2.0
922,1.0,0.0,0.0,2.0,1.0,3.0,0.0,0.0,0.0,0.0,2.0,1.0,0.0,1.0,1.0,0.0,1.0,0.0,0.0,0.0,1.0,1.0,0.0,2.0,0.0,0.0,0.0,1.0,1.0,2.0,0.0,0.0,1.0,1.0,1.0,4.0,1.0,1.0,0.0,1.0,0.0,0.0,2.0,3.0,0.0
923,1.0,0.0,0.0,3.0,1.0,4.0,0.0,0.0,1.0,1.0,2.0,2.0,1.0,3.0,3.0,2.0,1.0,1.0,0.0,0.0,1.0,1.0,0.0,2.0,1.0,2.0,1.0,2.0,2.0,3.0,1.0,0.0,3.0,2.0,2.0,4.0,2.0,1.0,3.0,1.0,1.0,2.0,2.0,3.0,0.0
924,3.0,2.0,1.0,2.0,0.0,0.0,4.0,0.0,1.0,0.0,1.0,0.0,2.0,1.0,1.0,0.0,0.0,0.0,3.0,3.0,0.0,1.0,0.0,0.0,0.0,2.0,2.0,1.0,0.0,0.0,1.0,0.0,1.0,2.0,2.0,0.0,1.0,1.0,1.0,2.0,0.0,0.0,0.0,2.0,1.0
925,3.0,3.0,1.0,5.0,4.0,6.0,0.0,4.0,4.0,2.0,3.0,2.0,5.0,2.0,3.0,4.0,5.0,1.0,4.0,1.0,7.0,3.0,2.0,4.0,2.0,3.0,0.0,5.0,6.0,4.0,3.0,3.0,3.0,5.0,2.0,6.0,6.0,4.0,3.0,3.0,2.0,5.0,6.0,3.0,1.0
926,3.0,3.0,2.0,5.0,4.0,4.0,2.0,4.0,5.0,3.0,3.0,3.0,6.0,4.0,4.0,6.0,5.0,3.0,4.0,3.0,7.0,3.0,3.0,4.0,3.0,3.0,1.0,7.0,6.0,4.0,4.0,4.0,4.0,5.0,3.0,6.0,6.0,4.0,5.0,3.0,4.0,6.0,6.0,3.0,1.0
927,1.0,2.0,1.0,1.0,0.0,0.0,4.0,0.0,1.0,0.0,1.0,0.0,2.0,1.0,1.0,0.0,0.0,0.0,1.0,2.0,0.0,1.0,0.0,0.0,0.0,1.0,2.0,1.0,0.0,0.0,1.0,0.0,1.0,2.0,2.0,0.0,1.0,1.0,1.0,2.0,0.0,0.0,0.0,2.0,1.0
928,1.0,0.0,0.0,2.0,1.0,3.0,0.0,0.0,0.0,0.0,2.0,1.0,0.0,1.0,1.0,0.0,1.0,0.0,0.0,0.0,1.0,1.0,0.0,2.0,0.0,0.0,0.0,1.0,1.0,2.0,0.0,0.0,1.0,1.0,1.0,4.0,1.0,1.0,0.0,1.0,0.0,0.0,2.0,3.0,0.0
929,1.0,0.0,0.0,3.0,1.0,3.0,1.0,0.0,1.0,1.0,2.0,1.0,1.0,3.0,2.0,2.0,1.0,1.0,0.0,0.0,1.0,1.0,0.0,2.0,0.0,2.0,1.0,3.0,1.0,3.0,1.0,0.0,1.0,2.0,2.0,4.0,2.0,1.0,3.0,1.0,1.0,2.0,2.0,3.0,0.0
930,3.0,1.0,1.0,2.0,0.0,0.0,1.0,0.0,0.0,0.0,1.0,0.0,0.0,0.0,1.0,0.0,0.0,0.0,1.0,1.0,0.0,1.0,0.0,0.0,0.0,2.0,1.0,1.0,3.0,0.0,1.0,0.0,1.0,0.0,0.0,0.0,1.0,1.0,1.0,2.0,0.0,0.0,0.0,2.0,1.0
931,3.0,3.0,1.0,5.0,3.0,6.0,0.0,4.0,4.0,1.0,3.0,2.0,4.0,1.0,2.0,3.0,5.0,1.0,3.0,2.0,7.0,3.0,2.0,4.0,2.0,3.0,0.0,5.0,6.0,3.0,4.0,3.0,3.0,5.0,2.0,4.0,7.0,3.0,2.0,3.0,2.0,5.0,6.0,1.0,1.0
932,3.0,3.0,2.0,5.0,3.0,4.0,2.0,4.0,5.0,2.0,3.0,3.0,4.0,3.0,2.0,6.0,5.0,3.0,3.0,3.0,7.0,3.0,3.0,4.0,3.0,3.0,1.0,7.0,6.0,3.0,4.0,4.0,3.0,5.0,3.0,5.0,6.0,3.0,2.0,4.0,4.0,4.0,6.0,1.0,1.0
933,1.0,1.0,1.0,1.0,0.0,0.0,1.0,0.0,0.0,0.0,1.0,0.0,0.0,0.0,1.0,0.0,0.0,0.0,1.0,1.0,0.0,1.0,0.0,0.0,0.0,1.0,1.0,1.0,2.0,0.0,1.0,0.0,1.0,0.0,0.0,0.0,1.0,1.0,1.0,2.0,0.0,0.0,0.0,2.0,1.0
934,1.0,0.0,0.0,2.0,1.0,3.0,0.0,0.0,0.0,0.0,2.0,1.0,0.0,0.0,1.0,0.0,1.0,0.0,0.0,0.0,1.0,1.0,0.0,2.0,0.0,0.0,0.0,1.0,1.0,1.0,1.0,0.0,1.0,1.0,1.0,2.0,2.0,0.0,1.0,1.0,0.0,0.0,2.0,1.0,0.0
935,1.0,0.0,0.0,2.0,1.0,3.0,1.0,0.0,1.0,1.0,2.0,1.0,1.0,2.0,1.0,2.0,1.0,0.0,1.0,0.0,1.0,1.0,0.0,2.0,0.0,1.0,1.0,3.0,1.0,2.0,1.0,0.0,1.0,1.0,2.0,2.0,2.0,0.0,2.0,1.0,1.0,1.0,2.0,1.0,0.0
936,3.0,1.0,1.0,2.0,0.0,0.0,0.0,1.0,0.0,0.0,1.0,0.0,0.0,0.0,1.0,0.0,0.0,0.0,2.0,1.0,1.0,1.0,0.0,0.0,0.0,1.0,1.0,1.0,0.0,0.0,0.0,2.0,1.0,0.0,1.0,0.0,1.0,0.0,1.0,1.0,0.0,0.0,0.0,1.0,1.0
937,3.0,3.0,1.0,4.0,3.0,6.0,0.0,4.0,4.0,1.0,3.0,2.0,4.0,1.0,2.0,3.0,5.0,1.0,2.0,2.0,7.0,3.0,2.0,3.0,1.0,3.0,0.0,5.0,6.0,3.0,4.0,3.0,3.0,3.0,2.0,4.0,7.0,3.0,2.0,3.0,2.0,5.0,6.0,0.0,2.0
938,3.0,3.0,2.0,4.0,3.0,4.0,2.0,4.0,5.0,0.0,2.0,3.0,4.0,2.0,2.0,6.0,5.0,3.0,2.0,3.0,7.0,3.0,1.0,3.0,2.0,1.0,1.0,7.0,6.0,2.0,4.0,4.0,3.0,3.0,1.0,0.0,1.0,3.0,2.0,3.0,4.0,0.0,0.0,0.0,2.0
939,1.0,1.0,1.0,1.0,0.0,0.0,0.0,1.0,0.0,0.0,1.0,0.0,0.0,0.0,1.0,0.0,0.0,0.0,2.0,0.0,1.0,1.0,0.0,0.0,0.0,1.0,1.0,1.0,0.0,0.0,0.0,1.0,1.0,1.0,1.0,0.0,1.0,0.0,1.0,1.0,0.0,0.0,0.0,2.0,1.0
940,1.0,0.0,0.0,2.0,1.0,3.0,0.0,0.0,0.0,0.0,2.0,1.0,0.0,0.0,1.0,0.0,1.0,0.0,0.0,0.0,1.0,1.0,0.0,2.0,0.0,0.0,0.0,1.0,1.0,1.0,1.0,0.0,1.0,1.0,1.0,2.0,2.0,0.0,1.0,1.0,0.0,0.0,2.0,0.0,1.0
941,1.0,0.0,0.0,2.0,1.0,3.0,1.0,0.0,1.0,0.0,1.0,1.0,1.0,1.0,1.0,2.0,1.0,0.0,1.0,0.0,1.0,1.0,0.0,2.0,0.0,1.0,1.0,3.0,1.0,2.0,1.0,0.0,1.0,1.0,1.0,0.0,1.0,0.0,2.0,1.0,1.0,0.0,0.0,0.0,1.0
942,5.0,8.0,2.0,2.0,6.0,0.0,10.0,7.0,7.0,6.0,3.0,5.0,7.0,6.0,6.0,3.0,9.0,3.0,1.0,2.0,3.0,5.0,5.0,1.0,0.0,0.0,5.0,10.0,4.0,4.0,10.0,2.0,6.0,5.0,6.0,0.0,3.0,10.0,8.0,7.0,0.0,0.0,0.0,5.0,6.0
943,3.0,3.0,1.0,5.0,3.0,6.0,0.0,4.0,4.0,1.0,4.0,2.0,5.0,3.0,4.0,3.0,5.0,1.0,3.0,1.0,7.0,3.0,2.0,3.0,2.0,3.0,0.0,5.0,6.0,4.0,3.0,3.0,4.0,3.0,2.0,6.0,6.0,4.0,3.0,3.0,2.0,4.0,7.0,3.0,1.0
944,3.0,3.0,3.0,5.0,3.0,6.0,1.0,4.0,5.0,2.0,4.0,5.0,5.0,6.0,6.0,8.0,6.0,3.0,3.0,3.0,7.0,3.0,3.0,3.0,3.0,5.0,1.0,6.0,7.0,6.0,4.0,4.0,6.0,4.0,3.0,6.0,8.0,4.0,5.0,3.0,4.0,6.0,7.0,3.0,1.0
945,3.0,7.0,2.0,1.0,5.0,0.0,10.0,6.0,5.0,5.0,3.0,4.0,7.0,6.0,6.0,3.0,7.0,3.0,1.0,2.0,3.0,5.0,4.0,1.0,0.0,0.0,5.0,7.0,3.0,4.0,8.0,2.0,5.0,5.0,6.0,0.0,3.0,8.0,6.0,6.0,0.0,0.0,0.0,5.0,6.0
946,1.0,0.0,0.0,2.0,1.0,3.0,0.0,0.0,0.0,0.0,2.0,1.0,0.0,1.0,1.0,0.0,1.0,0.0,0.0,0.0,1.0,1.0,0.0,2.0,0.0,0.0,0.0,1.0,1.0,2.0,0.0,0.0,1.0,1.0,1.0,4.0,1.0,1.0,0.0,1.0,0.0,0.0,2.0,3.0,0.0
947,1.0,0.0,1.0,2.0,1.0,4.0,0.0,0.0,1.0,1.0,2.0,3.0,0.0,3.0,3.0,2.0,1.0,1.0,0.0,0.0,1.0,1.0,0.0,2.0,1.0,2.0,1.0,2.0,2.0,3.0,1.0,0.0,2.0,2.0,2.0,4.0,2.0,1.0,3.0,1.0,1.0,2.0,2.0,3.0,0.0
948,4.0,7.0,3.0,1.0,4.0,0.0,6.0,7.0,2.0,1.0,3.0,3.0,7.0,5.0,4.0,1.0,6.0,2.0,1.0,2.0,2.0,4.0,5.0,1.0,0.0,0.0,3.0,6.0,3.0,2.0,5.0,2.0,5.0,3.0,3.0,0.0,2.0,6.0,4.0,6.0,2.0,2.0,3.0,1.0,5.0
949,3.0,3.0,1.0,4.0,4.0,6.0,0.0,4.0,4.0,1.0,3.0,2.0,4.0,2.0,3.0,4.0,5.0,1.0,2.0,2.0,7.0,3.0,2.0,3.0,2.0,3.0,0.0,5.0,6.0,3.0,4.0,3.0,3.0,4.0,2.0,5.0,7.0,4.0,2.0,3.0,2.0,4.0,5.0,1.0,1.0
950,3.0,3.0,2.0,4.0,4.0,5.0,1.0,4.0,5.0,2.0,3.0,3.0,5.0,4.0,4.0,6.0,5.0,4.0,2.0,4.0,7.0,3.0,3.0,3.0,3.0,3.0,2.0,6.0,6.0,3.0,4.0,4.0,4.0,4.0,3.0,6.0,8.0,4.0,4.0,3.0,4.0,5.0,5.0,1.0,1.0
951,2.0,4.0,3.0,1.0,3.0,0.0,6.0,6.0,2.0,1.0,3.0,2.0,5.0,5.0,4.0,1.0,5.0,2.0,1.0,2.0,2.0,4.0,4.0,1.0,0.0,0.0,3.0,4.0,2.0,2.0,5.0,1.0,5.0,3.0,3.0,0.0,2.0,5.0,4.0,5.0,2.0,2.0,2.0,1.0,4.0
952,1.0,0.0,0.0,2.0,1.0,3.0,0.0,0.0,0.0,0.0,2.0,1.0,0.0,1.0,1.0,0.0,1.0,0.0,0.0,0.0,1.0,1.0,0.0,2.0,0.0,0.0,0.0,1.0,1.0,1.0,1.0,0.0,1.0,1.0,1.0,3.0,2.0,1.0,0.0,1.0,0.0,0.0,2.0,1.0,0.0
953,1.0,0.0,0.0,3.0,1.0,4.0,0.0,0.0,1.0,1.0,2.0,1.0,1.0,3.0,2.0,2.0,1.0,1.0,0.0,0.0,1.0,1.0,0.0,2.0,1.0,1.0,2.0,2.0,1.0,2.0,1.0,0.0,1.0,2.0,2.0,3.0,2.0,1.0,3.0,1.0,1.0,2.0,2.0,1.0,0.0
954,3.0,3.0,1.0,1.0,2.0,0.0,2.0,0.0,2.0,1.0,1.0,3.0,3.0,2.0,2.0,1.0,4.0,3.0,1.0,1.0,1.0,3.0,1.0,1.0,0.0,0.0,1.0,2.0,0.0,0.0,1.0,1.0,3.0,1.0,2.0,0.0,2.0,2.0,2.0,5.0,0.0,0.0,0.0,3.0,3.0
955,3.0,3.0,1.0,3.0,4.0,6.0,0.0,4.0,3.0,2.0,3.0,2.0,3.0,3.0,2.0,3.0,4.0,1.0,2.0,2.0,7.0,3.0,2.0,2.0,1.0,3.0,0.0,5.0,6.0,3.0,4.0,3.0,3.0,3.0,2.0,3.0,6.0,3.0,2.0,3.0,2.0,4.0,4.0,1.0,1.0
956,3.0,3.0,2.0,3.0,4.0,4.0,2.0,4.0,4.0,3.0,3.0,3.0,4.0,3.0,2.0,4.0,4.0,3.0,2.0,4.0,7.0,3.0,3.0,1.0,3.0,3.0,1.0,7.0,6.0,3.0,4.0,4.0,3.0,3.0,3.0,4.0,6.0,3.0,2.0,4.0,4.0,3.0,4.0,1.0,1.0
957,1.0,3.0,1.0,1.0,1.0,0.0,2.0,0.0,2.0,0.0,1.0,2.0,3.0,2.0,2.0,1.0,3.0,1.0,1.0,1.0,1.0,3.0,1.0,1.0,0.0,0.0,1.0,2.0,0.0,0.0,1.0,1.0,3.0,1.0,2.0,0.0,2.0,2.0,2.0,4.0,0.0,0.0,0.0,3.0,3.0
958,1.0,0.0,0.0,2.0,1.0,3.0,0.0,0.0,0.0,0.0,2.0,1.0,0.0,0.0,1.0,0.0,1.0,0.0,0.0,0.0,1.0,1.0,0.0,2.0,0.0,0.0,0.0,1.0,1.0,1.0,1.0,0.0,1.0,1.0,1.0,2.0,2.0,0.0,1.0,1.0,0.0,0.0,2.0,1.0,0.0
959,1.0,0.0,0.0,2.0,1.0,3.0,1.0,0.0,1.0,1.0,2.0,1.0,1.0,2.0,1.0,2.0,1.0,1.0,0.0,0.0,1.0,1.0,0.0,2.0,0.0,1.0,1.0,3.0,1.0,2.0,1.0,0.0,1.0,1.0,2.0,2.0,2.0,0.0,2.0,1.0,1.0,1.0,2.0,1.0,0.0
960,5.0,15.0,18.0,15.0,14.0,18.0,13.0,16.0,17.0,11.0,10.0,15.0,17.0,16.0,18.0,18.0,16.0,16.0,12.0,10.0,13.0,15.0,15.0,18.0,17.0,11.0,12.0,22.0,18.0,17.0,18.0,15.0,16.0,18.0,20.0,19.0,19.0,17.0,19.0,16.0,17.0,17.0,15.0,21.0,5.0
961,5.0,15.0,18.0,15.0,14.0,18.0,13.0,16.0,17.0,11.0,10.0,15.0,17.0,16.0,18.0,18.0,16.0,16.0,12.0,10.0,13.0,15.0,15.0,17.0,17.0,11.0,13.0,22.0,18.0,17.0,18.0,15.0,16.0,18.0,20.0,18.0,19.0,17.0,19.0,16.0,16.0,17.0,15.0,21.0,5.0
962,5.0,15.0,18.0,15.0,14.0,18.0,13.0,16.0,17.0,11.0,10.0,15.0,17.0,16.0,18.0,18.0,16.0,16.0,12.0,10.0,13.0,15.0,15.0,18.0,17.0,11.0,12.0,22.0,18.0,17.0,18.0,15.0,16.0,18.0,20.0,19.0,19.0,17.0,19.0,16.0,17.0,17.0,15.0,21.0,5.0
963,3.0,11.0,13.0,12.0,11.0,14.0,13.0,12.0,12.0,8.0,9.0,14.0,13.0,12.0,14.0,12.0,11.0,14.0,7.0,9.0,8.0,13.0,12.0,15.0,12.0,9.0,10.0,15.0,14.0,13.0,13.0,11.0,12.0,14.0,16.0,15.0,12.0,13.0,14.0,13.0,12.0,12.0,11.0,20.0,4.0
964,3.0,11.0,13.0,12.0,11.0,14.0,13.0,12.0,12.0,8.0,9.0,14.0,13.0,12.0,14.0,12.0,11.0,14.0,7.0,9.0,8.0,13.0,12.0,14.0,12.0,9.0,11.0,15.0,14.0,13.0,13.0,11.0,12.0,14.0,16.0,14.0,12.0,13.0,14.0,13.0,12.0,12.0,11.0,20.0,4.0
965,3.0,11.0,13.0,12.0,11.0,14.0,13.0,12.0,12.0,8.0,9.0,14.0,13.0,12.0,14.0,12.0,11.0,14.0,7.0,9.0,8.0,13.0,12.0,15.0,12.0,9.0,10.0,15.0,14.0,13.0,13.0,11.0,12.0,14.0,16.0,15.0,12.0,13.0,14.0,13.0,12.0,12.0,11.0,20.0,4.0
966,4.0,9.0,13.0,12.0,12.0,18.0,13.0,13.0,13.0,10.0,8.0,13.0,13.0,15.0,18.0,18.0,15.0,11.0,6.0,9.0,11.0,12.0,13.0,11.0,15.0,9.0,10.0,18.0,15.0,17.0,16.0,15.0,14.0,14.0,18.0,9.0,17.0,14.0,18.0,15.0,17.0,15.0,16.0,18.0,6.0
967,4.0,9.0,13.0,12.0,12.0,18.0,13.0,13.0,13.0,10.0,8.0,13.0,13.0,15.0,18.0,18.0,15.0,11.0,6.0,9.0,11.0,12.0,13.0,10.0,15.0,9.0,11.0,18.0,15.0,16.0,16.0,15.0,14.0,14.0,18.0,14.0,18.0,14.0,18.0,15.0,17.0,15.0,16.0,18.0,6.0
968,4.0,9.0,13.0,12.0,12.0,18.0,13.0,13.0,13.0,10.0,8.0,13.0,13.0,15.0,18.0,18.0,15.0,11.0,6.0,9.0,11.0,12.0,13.0,11.0,15.0,9.0,10.0,18.0,15.0,17.0,16.0,15.0,14.0,14.0,18.0,9.0,17.0,14.0,18.0,15.0,17.0,15.0,16.0,18.0,6.0
969,2.0,7.0,11.0,12.0,9.0,14.0,13.0,11.0,11.0,7.0,8.0,12.0,11.0,11.0,11.0,12.0,11.0,10.0,7.0,7.0,9.0,11.0,10.0,11.0,12.0,7.0,8.0,12.0,13.0,13.0,12.0,11.0,11.0,11.0,15.0,7.0,11.0,10.0,13.0,12.0,14.0,11.0,11.0,17.0,5.0
970,2.0,7.0,11.0,12.0,9.0,14.0,13.0,11.0,11.0,7.0,8.0,12.0,11.0,11.0,11.0,12.0,11.0,10.0,7.0,7.0,9.0,11.0,10.0,10.0,12.0,7.0,9.0,12.0,13.0,12.0,12.0,11.0,11.0,11.0,15.0,10.0,11.0,10.0,13.0,12.0,14.0,11.0,11.0,17.0,5.0
971,2.0,7.0,11.0,12.0,9.0,14.0,13.0,11.0,11.0,7.0,8.0,12.0,11.0,11.0,11.0,12.0,11.0,10.0,7.0,7.0,9.0,11.0,10.0,11.0,12.0,7.0,8.0,12.0,13.0,13.0,12.0,11.0,11.0,11.0,15.0,7.0,11.0,10.0,13.0,12.0,14.0,11.0,11.0,17.0,5.0
972,3.0,11.0,11.0,10.0,12.0,8.0,9.0,10.0,8.0,8.0,8.0,12.0,8.0,11.0,13.0,13.0,14.0,11.0,8.0,4.0,8.0,6.0,12.0,5.0,12.0,11.0,9.0,16.0,13.0,4.0,12.0,16.0,9.0,8.0,11.0,5.0,11.0,12.0,13.0,15.0,15.0,13.0,11.0,12.0,6.0
973,3.0,11.0,11.0,10.0,12.0,8.0,9.0,10.0,8.0,8.0,8.0,12.0,8.0,11.0,13.0,13.0,14.0,11.0,8.0,4.0,8.0,6.0,12.0,7.0,12.0,11.0,10.0,16.0,13.0,11.0,13.0,16.0,9.0,8.0,11.0,6.0,7.0,12.0,13.0,15.0,15.0,13.0,11.0,12.0,6.0
974,3.0,11.0,11.0,10.0,12.0,8.0,9.0,10.0,8.0,8.0,8.0,12.0,8.0,11.0,13.0,13.0,14.0,11.0,8.0,4.0,8.0,6.0,12.0,5.0,12.0,11.0,9.0,16.0,13.0,4.0,12.0,16.0,9.0,8.0,11.0,5.0,11.0,12.0,13.0,15.0,15.0,13.0,11.0,12.0,6.0
975,1.0,9.0,9.0,7.0,9.0,8.0,8.0,9.0,9.0,6.0,8.0,11.0,6.0,9.0,11.0,9.0,9.0,10.0,5.0,3.0,9.0,6.0,9.0,8.0,12.0,6.0,8.0,11.0,10.0,9.0,9.0,12.0,8.0,8.0,11.0,4.0,9.0,8.0,8.0,13.0,12.0,10.0,9.0,11.0,5.0
976,1.0,9.0,11.0,11.0,9.0,8.0,8.0,9.0,9.0,6.0,8.0,11.0,6.0,9.0,11.0,9.0,9.0,10.0,5.0,3.0,9.0,6.0,9.0,8.0,12.0,6.0,9.0,11.0,10.0,11.0,9.0,12.0,8.0,8.0,11.0,7.0,8.0,8.0,8.0,13.0,12.0,10.0,9.0,11.0,5.0
977,1.0,9.0,9.0,7.0,9.0,8.0,8.0,9.0,9.0,6.0,8.0,11.0,6.0,9.0,11.0,9.0,9.0,10.0,5.0,3.0,9.0,6.0,9.0,8.0,12.0,6.0,8.0,11.0,10.0,9.0,9.0,12.0,8.0,8.0,11.0,4.0,9.0,8.0,8.0,13.0,12.0,10.0,9.0,11.0,5.0
978,5.0,16.0,18.0,15.0,16.0,19.0,15.0,18.0,18.0,13.0,14.0,19.0,17.0,17.0,21.0,19.0,19.0,15.0,15.0,14.0,19.0,16.0,15.0,17.0,17.0,14.0,11.0,20.0,18.0,15.0,18.0,15.0,18.0,18.0,20.0,12.0,19.0,18.0,18.0,15.0,12.0,16.0,15.0,22.0,6.0
979,5.0,16.0,18.0,15.0,16.0,19.0,15.0,18.0,18.0,13.0,14.0,19.0,17.0,17.0,21.0,19.0,19.0,15.0,15.0,14.0,19.0,16.0,15.0,16.0,17.0,14.0,13.0,20.0,18.0,18.0,19.0,15.0,18.0,18.0,20.0,19.0,19.0,18.0,18.0,15.0,13.0,16.0,15.0,22.0,6.0
980,5.0,16.0,18.0,15.0,16.0,19.0,15.0,18.0,18.0,13.0,14.0,19.0,17.0,17.0,21.0,19.0,19.0,15.0,15.0,14.0,19.0,16.0,15.0,17.0,17.0,14.0,11.0,20.0,18.0,15.0,18.0,15.0,18.0,18.0,20.0,12.0,19.0,18.0,18.0,15.0,12.0,16.0,15.0,22.0,6.0
981,3.0,11.0,14.0,12.0,11.0,15.0,14.0,14.0,12.0,10.0,11.0,17.0,12.0,12.0,16.0,12.0,13.0,14.0,8.0,13.0,12.0,14.0,12.0,14.0,13.0,11.0,9.0,14.0,14.0,11.0,12.0,11.0,13.0,15.0,16.0,9.0,12.0,14.0,13.0,13.0,10.0,11.0,11.0,21.0,5.0
982,3.0,11.0,14.0,12.0,11.0,15.0,14.0,14.0,12.0,10.0,11.0,17.0,12.0,12.0,16.0,12.0,13.0,14.0,8.0,13.0,12.0,14.0,12.0,13.0,13.0,11.0,11.0,14.0,14.0,14.0,13.0,11.0,13.0,15.0,16.0,14.0,12.0,14.0,13.0,13.0,10.0,11.0,11.0,21.0,5.0
983,3.0,11.0,14.0,12.0,11.0,15.0,14.0,14.0,12.0,10.0,11.0,17.0,12.0,12.0,16.0,12.0,13.0,14.0,8.0,13.0,12.0,14.0,12.0,14.0,13.0,11.0,9.0,14.0,14.0,11.0,12.0,11.0,13.0,15.0,16.0,9.0,12.0,14.0,13.0,13.0,10.0,11.0,11.0,21.0,5.0
984,5.0,14.0,17.0,16.0,16.0,19.0,13.0,18.0,17.0,12.0,13.0,18.0,17.0,17.0,20.0,19.0,19.0,15.0,13.0,13.0,19.0,16.0,15.0,11.0,17.0,14.0,11.0,19.0,14.0,14.0,18.0,15.0,16.0,17.0,16.0,7.0,19.0,16.0,19.0,10.0,12.0,16.0,15.0,20.0,6.0
985,5.0,14.0,17.0,16.0,16.0,19.0,13.0,18.0,17.0,12.0,13.0,18.0,17.0,17.0,20.0,19.0,19.0,15.0,13.0,13.0,19.0,16.0,15.0,16.0,17.0,14.0,13.0,19.0,14.0,17.0,19.0,15.0,16.0,17.0,16.0,14.0,19.0,16.0,19.0,10.0,12.0,16.0,15.0,20.0,6.0
986,5.0,14.0,17.0,16.0,16.0,19.0,13.0,18.0,17.0,12.0,13.0,18.0,17.0,17.0,20.0,19.0,19.0,15.0,13.0,13.0,19.0,16.0,15.0,11.0,17.0,14.0,11.0,19.0,14.0,14.0,18.0,15.0,16.0,17.0,16.0,7.0,19.0,16.0,19.0,10.0,12.0,16.0,15.0,20.0,6.0
987,3.0,10.0,13.0,12.0,11.0,15.0,13.0,14.0,12.0,9.0,10.0,16.0,12.0,12.0,15.0,12.0,13.0,14.0,8.0,12.0,12.0,14.0,12.0,10.0,13.0,11.0,9.0,13.0,12.0,10.0,12.0,11.0,13.0,15.0,13.0,5.0,12.0,12.0,14.0,12.0,9.0,11.0,11.0,19.0,5.0
988,3.0,10.0,13.0,12.0,11.0,15.0,13.0,14.0,12.0,9.0,10.0,16.0,12.0,12.0,15.0,12.0,13.0,14.0,8.0,12.0,12.0,14.0,12.0,13.0,13.0,11.0,11.0,13.0,12.0,13.0,13.0,11.0,13.0,15.0,13.0,10.0,12.0,12.0,14.0,12.0,9.0,11.0,11.0,19.0,5.0
989,3.0,10.0,13.0,12.0,11.0,15.0,13.0,14.0,12.0,9.0,10.0,16.0,12.0,12.0,15.0,12.0,13.0,14.0,8.0,12.0,12.0,14.0,12.0,10.0,13.0,11.0,9.0,13.0,12.0,10.0,12.0,11.0,13.0,15.0,13.0,5.0,12.0,12.0,14.0,12.0,9.0,11.0,11.0,19.0,5.0
990,5.0,12.0,10.0,11.0,13.0,18.0,13.0,17.0,15.0,11.0,10.0,17.0,17.0,16.0,18.0,18.0,17.0,15.0,13.0,12.0,16.0,12.0,15.0,16.0,17.0,10.0,11.0,17.0,13.0,11.0,17.0,15.0,15.0,13.0,13.0,7.0,15.0,15.0,17.0,10.0,9.0,12.0,14.0,18.0,6.0
991,5.0,12.0,13.0,15.0,13.0,18.0,13.0,17.0,15.0,11.0,10.0,17.0,17.0,16.0,18.0,18.0,17.0,15.0,13.0,12.0,16.0,12.0,15.0,16.0,17.0,10.0,14.0,18.0,13.0,14.0,18.0,15.0,15.0,13.0,13.0,14.0,14.0,15.0,17.0,10.0,11.0,12.0,14.0,18.0,6.0
992,5.0,12.0,10.0,11.0,13.0,18.0,13.0,17.0,15.0,11.0,10.0,17.0,17.0,16.0,18.0,18.0,17.0,15.0,13.0,12.0,16.0,12.0,15.0,16.0,17.0,10.0,11.0,17.0,13.0,11.0,17.0,15.0,15.0,13.0,13.0,7.0,15.0,15.0,17.0,10.0,9.0,12.0,14.0,18.0,6.0
993,3.0,9.0,8.0,9.0,10.0,14.0,13.0,13.0,11.0,8.0,8.0,15.0,12.0,12.0,15.0,12.0,11.0,14.0,8.0,11.0,9.0,11.0,12.0,13.0,12.0,7.0,9.0,11.0,10.0,8.0,12.0,11.0,12.0,11.0,12.0,5.0,11.0,11.0,12.0,12.0,8.0,10.0,10.0,17.0,5.0
994,3.0,9.0,11.0,12.0,10.0,14.0,13.0,13.0,11.0,8.0,8.0,15.0,12.0,12.0,15.0,12.0,11.0,14.0,8.0,11.0,9.0,11.0,12.0,13.0,12.0,7.0,12.0,12.0,10.0,11.0,13.0,11.0,12.0,11.0,12.0,10.0,10.0,11.0,12.0,12.0,8.0,10.0,10.0,17.0,5.0
995,3.0,9.0,8.0,9.0,10.0,14.0,13.0,13.0,11.0,8.0,8.0,15.0,12.0,12.0,15.0,12.0,11.0,14.0,8.0,11.0,9.0,11.0,12.0,13.0,12.0,7.0,9.0,11.0,10.0,8.0,12.0,11.0,12.0,11.0,12.0,5.0,11.0,11.0,12.0,12.0,8.0,10.0,10.0,17.0,5.0
996,5.0,12.0,12.0,8.0,13.0,19.0,12.0,16.0,16.0,9.0,10.0,15.0,11.0,16.0,16.0,18.0,15.0,15.0,10.0,11.0,10.0,3.0,3.0,15.0,17.0,8.0,11.0,8.0,14.0,11.0,16.0,15.0,14.0,9.0,11.0,5.0,13.0,14.0,14.0,12.0,7.0,9.0,14.0,15.0,6.0
997,5.0,11.0,14.0,13.0,13.0,19.0,12.0,16.0,16.0,9.0,10.0,15.0,11.0,16.0,16.0,18.0,15.0,15.0,10.0,11.0,10.0,10.0,13.0,15.0,17.0,8.0,13.0,9.0,14.0,13.0,17.0,15.0,14.0,9.0,11.0,10.0,14.0,14.0,14.0,12.0,11.0,10.0,14.0,15.0,6.0
998,5.0,12.0,12.0,8.0,13.0,19.0,12.0,16.0,16.0,9.0,10.0,15.0,11.0,16.0,16.0,18.0,15.0,15.0,10.0,11.0,10.0,10.0,13.0,15.0,17.0,8.0,11.0,8.0,14.0,11.0,16.0,15.0,14.0,9.0,11.0,5.0,13.0,14.0,14.0,12.0,7.0,9.0,14.0,15.0,6.0
999,3.0,9.0,9.0,7.0,10.0,15.0,12.0,12.0,13.0,7.0,8.0,14.0,9.0,12.0,14.0,12.0,9.0,14.0,6.0,8.0,9.0,3.0,3.0,13.0,12.0,7.0,9.0,6.0,11.0,8.0,11.0,11.0,11.0,10.0,10.0,4.0,11.0,9.0,9.0,9.0,8.0,7.0,10.0,14.0,5.0
1000,3.0,8.0,11.0,11.0,10.0,15.0,12.0,12.0,13.0,7.0,8.0,14.0,9.0,12.0,14.0,12.0,9.0,14.0,6.0,8.0,9.0,9.0,10.0,13.0,12.0,7.0,11.0,7.0,11.0,10.0,12.0,11.0,11.0,10.0,10.0,7.0,11.0,9.0,9.0,9.0,8.0,7.0,10.0,14.0,5.0
1001,3.0,9.0,9.0,7.0,10.0,15.0,12.0,12.0,13.0,7.0,8.0,14.0,9.0,12.0,14.0,12.0,9.0,14.0,6.0,8.0,9.0,9.0,10.0,13.0,12.0,7.0,9.0,6.0,11.0,8.0,11.0,11.0,11.0,10.0,10.0,4.0,11.0,9.0,9.0,9.0,8.0,7.0,10.0,14.0,5.0
1002,5.0,15.0,16.0,14.0,14.0,18.0,12.0,18.0,16.0,10.0,10.0,16.0,17.0,15.0,21.0,18.0,18.0,15.0,13.0,13.0,16.0,13.0,15.0,15.0,17.0,14.0,11.0,19.0,13.0,17.0,18.0,15.0,16.0,16.0,14.0,15.0,19.0,15.0,18.0,8.0,16.0,13.0,16.0,15.0,6.0
1003,5.0,15.0,16.0,14.0,14.0,18.0,12.0,18.0,16.0,10.0,10.0,16.0,17.0,15.0,21.0,18.0,18.0,15.0,13.0,13.0,16.0,13.0,15.0,14.0,17.0,14.0,12.0,19.0,13.0,17.0,18.0,15.0,16.0,16.0,14.0,14.0,19.0,15.0,18.0,8.0,16.0,13.0,16.0,15.0,6.0
1004,5.0,15.0,16.0,14.0,14.0,18.0,12.0,18.0,16.0,10.0,10.0,16.0,17.0,15.0,21.0,18.0,18.0,15.0,13.0,13.0,16.0,13.0,15.0,15.0,17.0,14.0,11.0,19.0,13.0,17.0,18.0,15.0,16.0,16.0,14.0,15.0,19.0,15.0,18.0,8.0,16.0,13.0,16.0,15.0,6.0
1005,3.0,11.0,12.0,12.0,11.0,14.0,12.0,14.0,11.0,8.0,9.0,14.0,12.0,11.0,16.0,12.0,12.0,14.0,8.0,12.0,9.0,12.0,12.0,14.0,12.0,11.0,9.0,13.0,11.0,13.0,13.0,11.0,12.0,12.0,13.0,11.0,12.0,11.0,13.0,10.0,13.0,10.0,11.0,14.0,5.0
1006,3.0,11.0,12.0,12.0,11.0,14.0,12.0,14.0,11.0,8.0,9.0,14.0,12.0,11.0,16.0,12.0,12.0,14.0,8.0,12.0,9.0,12.0,12.0,13.0,12.0,11.0,10.0,13.0,11.0,13.0,13.0,11.0,12.0,12.0,13.0,10.0,12.0,11.0,13.0,10.0,13.0,10.0,11.0,14.0,5.0
1007,3.0,11.0,12.0,12.0,11.0,14.0,12.0,14.0,11.0,8.0,9.0,14.0,12.0,11.0,16.0,12.0,12.0,14.0,8.0,12.0,9.0,12.0,12.0,14.0,12.0,11.0,9.0,13.0,11.0,13.0,13.0,11.0,12.0,12.0,13.0,11.0,12.0,11.0,13.0,10.0,13.0,10.0,11.0,14.0,5.0
1008,4.0,11.0,13.0,14.0,12.0,18.0,13.0,16.0,15.0,6.0,8.0,14.0,17.0,11.0,15.0,7.0,14.0,16.0,10.0,10.0,15.0,11.0,15.0,14.0,15.0,8.0,10.0,15.0,15.0,14.0,14.0,16.0,13.0,11.0,9.0,5.0,13.0,12.0,14.0,10.0,8.0,9.0,11.0,12.0,5.0
1009,4.0,11.0,13.0,14.0,12.0,18.0,13.0,16.0,15.0,6.0,8.0,14.0,17.0,11.0,15.0,16.0,16.0,16.0,10.0,10.0,15.0,11.0,15.0,13.0,15.0,8.0,12.0,14.0,15.0,16.0,15.0,16.0,13.0,11.0,9.0,7.0,14.0,12.0,14.0,10.0,8.0,9.0,11.0,12.0,5.0
1010,4.0,11.0,13.0,14.0,12.0,18.0,13.0,16.0,15.0,6.0,8.0,14.0,17.0,11.0,15.0,7.0,14.0,16.0,10.0,10.0,15.0,11.0,15.0,14.0,15.0,8.0,10.0,15.0,15.0,14.0,14.0,16.0,13.0,11.0,9.0,5.0,13.0,12.0,14.0,10.0,8.0,9.0,11.0,12.0,5.0
1011,2.0,9.0,11.0,12.0,9.0,14.0,13.0,12.0,12.0,5.0,8.0,13.0,12.0,9.0,12.0,12.0,11.0,14.0,8.0,8.0,8.0,10.0,12.0,13.0,12.0,6.0,8.0,10.0,11.0,10.0,10.0,12.0,11.0,10.0,9.0,4.0,10.0,8.0,10.0,12.0,8.0,10.0,9.0,11.0,4.0
1012,2.0,9.0,11.0,12.0,9.0,14.0,13.0,12.0,12.0,5.0,8.0,13.0,12.0,9.0,12.0,12.0,11.0,14.0,8.0,8.0,8.0,10.0,12.0,12.0,12.0,6.0,10.0,9.0,11.0,12.0,11.0,12.0,11.0,10.0,9.0,7.0,10.0,8.0,10.0,12.0,8.0,10.0,9.0,11.0,4.0
1013,2.0,9.0,11.0,12.0,9.0,14.0,13.0,12.0,12.0,5.0,8.0,13.0,12.0,9.0,12.0,12.0,11.0,14.0,8.0,8.0,8.0,10.0,12.0,13.0,12.0,6.0,8.0,10.0,11.0,10.0,10.0,12.0,11.0,10.0,9.0,4.0,10.0,8.0,10.0,12.0,8.0,10.0,9.0,11.0,4.0
1014,3.0,9.0,5.0,8.0,11.0,7.0,8.0,13.0,14.0,5.0,8.0,12.0,8.0,8.0,15.0,14.0,9.0,13.0,6.0,7.0,12.0,6.0,13.0,8.0,12.0,8.0,9.0,9.0,9.0,8.0,11.0,14.0,12.0,4.0,7.0,6.0,7.0,10.0,3.0,6.0,6.0,4.0,11.0,12.0,3.0
1015,3.0,8.0,4.0,8.0,11.0,7.0,8.0,13.0,14.0,5.0,8.0,12.0,8.0,8.0,15.0,13.0,9.0,13.0,6.0,7.0,12.0,6.0,13.0,8.0,12.0,8.0,11.0,8.0,9.0,10.0,11.0,14.0,12.0,4.0,7.0,6.0,7.0,10.0,3.0,6.0,6.0,8.0,11.0,12.0,3.0
1016,3.0,9.0,5.0,8.0,11.0,7.0,8.0,13.0,14.0,5.0,8.0,12.0,8.0,8.0,15.0,14.0,9.0,13.0,6.0,7.0,12.0,6.0,13.0,8.0,12.0,8.0,9.0,9.0,9.0,8.0,11.0,14.0,12.0,4.0,7.0,6.0,7.0,10.0,3.0,6.0,6.0,4.0,11.0,12.0,3.0
1017,1.0,8.0,5.0,4.0,9.0,7.0,8.0,11.0,12.0,5.0,8.0,11.0,7.0,6.0,12.0,11.0,9.0,11.0,7.0,5.0,10.0,6.0,10.0,10.0,12.0,6.0,7.0,7.0,7.0,1.0,8.0,10.0,10.0,7.0,7.0,7.0,7.0,7.0,3.0,8.0,6.0,5.0,10.0,11.0,3.0
1018,1.0,7.0,6.0,8.0,9.0,7.0,8.0,11.0,12.0,5.0,8.0,11.0,7.0,6.0,12.0,11.0,9.0,11.0,7.0,5.0,10.0,6.0,10.0,10.0,12.0,6.0,9.0,6.0,7.0,7.0,9.0,10.0,10.0,7.0,7.0,7.0,7.0,7.0,3.0,8.0,6.0,5.0,10.0,11.0,3.0
1019,1.0,8.0,5.0,4.0,9.0,7.0,8.0,11.0,12.0,5.0,8.0,11.0,7.0,6.0,12.0,11.0,9.0,11.0,7.0,5.0,10.0,6.0,10.0,10.0,12.0,6.0,7.0,7.0,7.0,1.0,8.0,10.0,10.0,7.0,7.0,7.0,7.0,7.0,3.0,8.0,6.0,5.0,10.0,11.0,3.0
1020,5.0,15.0,18.0,15.0,14.0,18.0,13.0,16.0,17.0,11.0,10.0,15.0,17.0,16.0,18.0,18.0,16.0,16.0,12.0,10.0,13.0,15.0,15.0,18.0,17.0,11.0,12.0,22.0,18.0,17.0,18.0,15.0,16.0,18.0,20.0,19.0,19.0,17.0,19.0,16.0,17.0,17.0,15.0,21.0,5.0
1021,5.0,15.0,18.0,15.0,14.0,18.0,13.0,16.0,17.0,11.0,10.0,15.0,17.0,16.0,18.0,18.0,16.0,16.0,12.0,10.0,13.0,15.0,15.0,17.0,17.0,11.0,13.0,22.0,18.0,17.0,18.0,15.0,16.0,18.0,20.0,18.0,19.0,17.0,19.0,16.0,16.0,17.0,15.0,21.0,5.0
1022,5.0,15.0,18.0,15.0,14.0,18.0,13.0,16.0,17.0,11.0,10.0,15.0,17.0,16.0,18.0,18.0,16.0,16.0,12.0,10.0,13.0,15.0,15.0,18.0,17.0,11.0,12.0,22.0,18.0,17.0,18.0,15.0,16.0,18.0,20.0,19.0,19.0,17.0,19.0,16.0,17.0,17.0,15.0,21.0,5.0
1023,3.0,11.0,13.0,12.0,11.0,14.0,13.0,12.0,12.0,8.0,9.0,14.0,13.0,12.0,14.0,12.0,11.0,14.0,7.0,9.0,8.0,13.0,12.0,15.0,12.0,9.0,10.0,15.0,14.0,13.0,13.0,11.0,12.0,14.0,16.0,15.0,12.0,13.0,14.0,13.0,12.0,12.0,11.0,20.0,4.0
1024,3.0,11.0,13.0,12.0,11.0,14.0,13.0,12.0,12.0,8.0,9.0,14.0,13.0,12.0,14.0,12.0,11.0,14.0,7.0,9.0,8.0,13.0,12.0,14.0,12.0,9.0,11.0,15.0,14.0,13.0,13.0,11.0,12.0,14.0,16.0,14.0,12.0,13.0,14.0,13.0,12.0,12.0,11.0,20.0,4.0
1025,3.0,11.0,13.0,12.0,11.0,14.0,13.0,12.0,12.0,8.0,9.0,14.0,13.0,12.0,14.0,12.0,11.0,14.0,7.0,9.0,8.0,13.0,12.0,15.0,12.0,9.0,10.0,15.0,14.0,13.0,13.0,11.0,12.0,14.0,16.0,15.0,12.0,13.0,14.0,13.0,12.0,12.0,11.0,20.0,4.0
1026,4.0,9.0,13.0,12.0,12.0,18.0,13.0,13.0,13.0,10.0,8.0,13.0,13.0,15.0,18.0,18.0,15.0,11.0,6.0,9.0,11.0,12.0,13.0,11.0,15.0,9.0,10.0,18.0,15.0,17.0,16.0,15.0,14.0,14.0,18.0,9.0,17.0,14.0,18.0,15.0,17.0,15.0,16.0,18.0,6.0
1027,4.0,9.0,13.0,12.0,12.0,18.0,13.0,13.0,13.0,10.0,8.0,13.0,13.0,15.0,18.0,18.0,15.0,11.0,6.0,9.0,11.0,12.0,13.0,10.0,15.0,9.0,11.0,18.0,15.0,16.0,16.0,15.0,14.0,14.0,18.0,14.0,18.0,14.0,18.0,15.0,17.0,15.0,16.0,18.0,6.0
1028,4.0,9.0,13.0,12.0,12.0,18.0,13.0,13.0,13.0,10.0,8.0,13.0,13.0,15.0,18.0,18.0,15.0,11.0,6.0,9.0,11.0,12.0,13.0,11.0,15.0,9.0,10.0,18.0,15.0,17.0,16.0,15.0,14.0,14.0,18.0,9.0,17.0,14.0,18.0,15.0,17.0,15.0,16.0,18.0,6.0
1029,2.0,7.0,11.0,12.0,9.0,14.0,13.0,11.0,11.0,7.0,8.0,12.0,11.0,11.0,11.0,12.0,11.0,10.0,7.0,7.0,9.0,11.0,10.0,11.0,12.0,7.0,8.0,12.0,13.0,13.0,12.0,11.0,11.0,11.0,15.0,7.0,11.0,10.0,13.0,12.0,14.0,11.0,11.0,17.0,5.0
1030,2.0,7.0,11.0,12.0,9.0,14.0,13.0,11.0,11.0,7.0,8.0,12.0,11.0,11.0,11.0,12.0,11.0,10.0,7.0,7.0,9.0,11.0,10.0,10.0,12.0,7.0,9.0,12.0,13.0,12.0,12.0,11.0,11.0,11.0,15.0,10.0,11.0,10.0,13.0,12.0,14.0,11.0,11.0,17.0,5.0
1031,2.0,7.0,11.0,12.0,9.0,14.0,13.0,11.0,11.0,7.0,8.0,12.0,11.0,11.0,11.0,12.0,11.0,10.0,7.0,7.0,9.0,11.0,10.0,11.0,12.0,7.0,8.0,12.0,13.0,13.0,12.0,11.0,11.0,11.0,15.0,7.0,11.0,10.0,13.0,12.0,14.0,11.0,11.0,17.0,5.0
1032,3.0,11.0,11.0,10.0,12.0,8.0,9.0,10.0,8.0,8.0,8.0,12.0,8.0,11.0,13.0,13.0,14.0,11.0,8.0,4.0,8.0,6.0,12.0,5.0,12.0,11.0,9.0,16.0,13.0,4.0,12.0,16.0,9.0,8.0,11.0,5.0,11.0,12.0,13.0,15.0,15.0,13.0,11.0,12.0,6.0
1033,3.0,11.0,11.0,10.0,12.0,8.0,9.0,10.0,8.0,8.0,8.0,12.0,8.0,11.0,13.0,13.0,14.0,11.0,8.0,4.0,8.0,6.0,12.0,7.0,12.0,11.0,10.0,16.0,13.0,11.0,13.0,16.0,9.0,8.0,11.0,6.0,7.0,12.0,13.0,15.0,15.0,13.0,11.0,12.0,6.0
1034,3.0,11.0,11.0,10.0,12.0,8.0,9.0,10.0,8.0,8.0,8.0,12.0,8.0,11.0,13.0,13.0,14.0,11.0,8.0,4.0,8.0,6.0,12.0,5.0,12.0,11.0,9.0,16.0,13.0,4.0,12.0,16.0,9.0,8.0,11.0,5.0,11.0,12.0,13.0,15.0,15.0,13.0,11.0,12.0,6.0
1035,1.0,9.0,9.0,7.0,9.0,8.0,8.0,9.0,9.0,6.0,8.0,11.0,6.0,9.0,11.0,9.0,9.0,10.0,5.0,3.0,9.0,6.0,9.0,8.0,12.0,6.0,8.0,11.0,10.0,9.0,9.0,12.0,8.0,8.0,11.0,4.0,9.0,8.0,8.0,13.0,12.0,10.0,9.0,11.0,5.0
1036,1.0,9.0,11.0,11.0,9.0,8.0,8.0,9.0,9.0,6.0,8.0,11.0,6.0,9.0,11.0,9.0,9.0,10.0,5.0,3.0,9.0,6.0,9.0,8.0,12.0,6.0,9.0,11.0,10.0,11.0,9.0,12.0,8.0,8.0,11.0,7.0,8.0,8.0,8.0,13.0,12.0,10.0,9.0,11.0,5.0
1037,1.0,9.0,9.0,7.0,9.0,8.0,8.0,9.0,9.0,6.0,8.0,11.0,6.0,9.0,11.0,9.0,9.0,10.0,5.0,3.0,9.0,6.0,9.0,8.0,12.0,6.0,8.0,11.0,10.0,9.0,9.0,12.0,8.0,8.0,11.0,4.0,9.0,8.0,8.0,13.0,12.0,10.0,9.0,11.0,5.0
1038,5.0,16.0,18.0,15.0,16.0,19.0,15.0,18.0,18.0,13.0,14.0,19.0,17.0,17.0,21.0,19.0,19.0,15.0,15.0,14.0,19.0,16.0,15.0,17.0,17.0,14.0,11.0,20.0,18.0,15.0,18.0,15.0,18.0,18.0,20.0,12.0,19.0,18.0,18.0,15.0,12.0,16.0,15.0,22.0,6.0
1039,5.0,16.0,18.0,15.0,16.0,19.0,15.0,18.0,18.0,13.0,14.0,19.0,17.0,17.0,21.0,19.0,19.0,15.0,15.0,14.0,19.0,16.0,15.0,16.0,17.0,14.0,13.0,20.0,18.0,18.0,19.0,15.0,18.0,18.0,20.0,19.0,19.0,18.0,18.0,15.0,13.0,16.0,15.0,22.0,6.0
1040,5.0,16.0,18.0,15.0,16.0,19.0,15.0,18.0,18.0,13.0,14.0,19.0,17.0,17.0,21.0,19.0,19.0,15.0,15.0,14.0,19.0,16.0,15.0,17.0,17.0,14.0,11.0,20.0,18.0,15.0,18.0,15.0,18.0,18.0,20.0,12.0,19.0,18.0,18.0,15.0,12.0,16.0,15.0,22.0,6.0
1041,3.0,11.0,14.0,12.0,11.0,15.0,14.0,14.0,12.0,10.0,11.0,17.0,12.0,12.0,16.0,12.0,13.0,14.0,8.0,13.0,12.0,14.0,12.0,14.0,13.0,11.0,9.0,14.0,14.0,11.0,12.0,11.0,13.0,15.0,16.0,9.0,12.0,14.0,13.0,13.0,10.0,11.0,11.0,21.0,5.0
1042,3.0,11.0,14.0,12.0,11.0,15.0,14.0,14.0,12.0,10.0,11.0,17.0,12.0,12.0,16.0,12.0,13.0,14.0,8.0,13.0,12.0,14.0,12.0,13.0,13.0,11.0,11.0,14.0,14.0,14.0,13.0,11.0,13.0,15.0,16.0,14.0,12.0,14.0,13.0,13.0,10.0,11.0,11.0,21.0,5.0
1043,3.0,11.0,14.0,12.0,11.0,15.0,14.0,14.0,12.0,10.0,11.0,17.0,12.0,12.0,16.0,12.0,13.0,14.0,8.0,13.0,12.0,14.0,12.0,14.0,13.0,11.0,9.0,14.0,14.0,11.0,12.0,11.0,13.0,15.0,16.0,9.0,12.0,14.0,13.0,13.0,10.0,11.0,11.0,21.0,5.0
1044,5.0,14.0,17.0,16.0,16.0,19.0,13.0,18.0,17.0,12.0,13.0,18.0,17.0,17.0,20.0,19.0,19.0,15.0,13.0,13.0,19.0,16.0,15.0,11.0,17.0,14.0,11.0,19.0,14.0,14.0,18.0,15.0,16.0,17.0,16.0,7.0,19.0,16.0,19.0,10.0,12.0,16.0,15.0,20.0,6.0
1045,5.0,14.0,17.0,16.0,16.0,19.0,13.0,18.0,17.0,12.0,13.0,18.0,17.0,17.0,20.0,19.0,19.0,15.0,13.0,13.0,19.0,16.0,15.0,16.0,17.0,14.0,13.0,19.0,14.0,17.0,19.0,15.0,16.0,17.0,16.0,14.0,19.0,16.0,19.0,10.0,12.0,16.0,15.0,20.0,6.0
1046,5.0,14.0,17.0,16.0,16.0,19.0,13.0,18.0,17.0,12.0,13.0,18.0,17.0,17.0,20.0,19.0,19.0,15.0,13.0,13.0,19.0,16.0,15.0,11.0,17.0,14.0,11.0,19.0,14.0,14.0,18.0,15.0,16.0,17.0,16.0,7.0,19.0,16.0,19.0,10.0,12.0,16.0,15.0,20.0,6.0
1047,3.0,10.0,13.0,12.0,11.0,15.0,13.0,14.0,12.0,9.0,10.0,16.0,12.0,12.0,15.0,12.0,13.0,14.0,8.0,12.0,12.0,14.0,12.0,10.0,13.0,11.0,9.0,13.0,12.0,10.0,12.0,11.0,13.0,15.0,13.0,5.0,12.0,12.0,14.0,12.0,9.0,11.0,11.0,19.0,5.0
1048,3.0,10.0,13.0,12.0,11.0,15.0,13.0,14.0,12.0,9.0,10.0,16.0,12.0,12.0,15.0,12.0,13.0,14.0,8.0,12.0,12.0,14.0,12.0,13.0,13.0,11.0,11.0,13.0,12.0,13.0,13.0,11.0,13.0,15.0,13.0,10.0,12.0,12.0,14.0,12.0,9.0,11.0,11.0,19.0,5.0
1049,3.0,10.0,13.0,12.0,11.0,15.0,13.0,14.0,12.0,9.0,10.0,16.0,12.0,12.0,15.0,12.0,13.0,14.0,8.0,12.0,12.0,14.0,12.0,10.0,13.0,11.0,9.0,13.0,12.0,10.0,12.0,11.0,13.0,15.0,13.0,5.0,12.0,12.0,14.0,12.0,9.0,11.0,11.0,19.0,5.0
1050,5.0,12.0,10.0,11.0,13.0,18.0,13.0,17.0,15.0,11.0,10.0,17.0,17.0,16.0,18.0,18.0,17.0,15.0,13.0,12.0,16.0,12.0,15.0,16.0,17.0,10.0,11.0,17.0,13.0,11.0,17.0,15.0,15.0,13.0,13.0,7.0,15.0,15.0,17.0,10.0,9.0,12.0,14.0,18.0,6.0
1051,5.0,12.0,13.0,15.0,13.0,18.0,13.0,17.0,15.0,11.0,10.0,17.0,17.0,16.0,18.0,18.0,17.0,15.0,13.0,12.0,16.0,12.0,15.0,16.0,17.0,10.0,14.0,18.0,13.0,14.0,18.0,15.0,15.0,13.0,13.0,14.0,14.0,15.0,17.0,10.0,11.0,12.0,14.0,18.0,6.0
1052,5.0,12.0,10.0,11.0,13.0,18.0,13.0,17.0,15.0,11.0,10.0,17.0,17.0,16.0,18.0,18.0,17.0,15.0,13.0,12.0,16.0,12.0,15.0,16.0,17.0,10.0,11.0,17.0,13.0,11.0,17.0,15.0,15.0,13.0,13.0,7.0,15.0,15.0,17.0,10.0,9.0,12.0,14.0,18.0,6.0
1053,3.0,9.0,8.0,9.0,10.0,14.0,13.0,13.0,11.0,8.0,8.0,15.0,12.0,12.0,15.0,12.0,11.0,14.0,8.0,11.0,9.0,11.0,12.0,13.0,12.0,7.0,9.0,11.0,10.0,8.0,12.0,11.0,12.0,11.0,12.0,5.0,11.0,11.0,12.0,12.0,8.0,10.0,10.0,17.0,5.0
1054,3.0,9.0,11.0,12.0,10.0,14.0,13.0,13.0,11.0,8.0,8.0,15.0,12.0,12.0,15.0,12.0,11.0,14.0,8.0,11.0,9.0,11.0,12.0,13.0,12.0,7.0,12.0,12.0,10.0,11.0,13.0,11.0,12.0,11.0,12.0,10.0,10.0,11.0,12.0,12.0,8.0,10.0,10.0,17.0,5.0
1055,3.0,9.0,8.0,9.0,10.0,14.0,13.0,13.0,11.0,8.0,8.0,15.0,12.0,12.0,15.0,12.0,11.0,14.0,8.0,11.0,9.0,11.0,12.0,13.0,12.0,7.0,9.0,11.0,10.0,8.0,12.0,11.0,12.0,11.0,12.0,5.0,11.0,11.0,12.0,12.0,8.0,10.0,10.0,17.0,5.0
1056,5.0,12.0,12.0,8.0,13.0,19.0,12.0,16.0,16.0,9.0,10.0,15.0,11.0,16.0,16.0,18.0,15.0,15.0,10.0,11.0,10.0,3.0,3.0,15.0,17.0,8.0,11.0,8.0,14.0,11.0,16.0,15.0,14.0,9.0,11.0,5.0,13.0,14.0,14.0,12.0,7.0,9.0,14.0,15.0,6.0
1057,5.0,11.0,14.0,13.0,13.0,19.0,12.0,16.0,16.0,9.0,10.0,15.0,11.0,16.0,16.0,18.0,15.0,15.0,10.0,11.0,10.0,10.0,13.0,15.0,17.0,8.0,13.0,9.0,14.0,13.0,17.0,15.0,14.0,9.0,11.0,10.0,14.0,14.0,14.0,12.0,11.0,10.0,14.0,15.0,6.0
1058,5.0,12.0,12.0,8.0,13.0,19.0,12.0,16.0,16.0,9.0,10.0,15.0,11.0,16.0,16.0,18.0,15.0,15.0,10.0,11.0,10.0,10.0,13.0,15.0,17.0,8.0,11.0,8.0,14.0,11.0,16.0,15.0,14.0,9.0,11.0,5.0,13.0,14.0,14.0,12.0,7.0,9.0,14.0,15.0,6.0
1059,3.0,9.0,9.0,7.0,10.0,15.0,12.0,12.0,13.0,7.0,8.0,14.0,9.0,12.0,14.0,12.0,9.0,14.0,6.0,8.0,9.0,3.0,3.0,13.0,12.0,7.0,9.0,6.0,11.0,8.0,11.0,11.0,11.0,10.0,10.0,4.0,11.0,9.0,9.0,9.0,8.0,7.0,10.0,14.0,5.0
1060,3.0,8.0,11.0,11.0,10.0,15.0,12.0,12.0,13.0,7.0,8.0,14.0,9.0,12.0,14.0,12.0,9.0,14.0,6.0,8.0,9.0,9.0,10.0,13.0,12.0,7.0,11.0,7.0,11.0,10.0,12.0,11.0,11.0,10.0,10.0,7.0,11.0,9.0,9.0,9.0,8.0,7.0,10.0,14.0,5.0
1061,3.0,9.0,9.0,7.0,10.0,15.0,12.0,12.0,13.0,7.0,8.0,14.0,9.0,12.0,14.0,12.0,9.0,14.0,6.0,8.0,9.0,9.0,10.0,13.0,12.0,7.0,9.0,6.0,11.0,8.0,11.0,11.0,11.0,10.0,10.0,4.0,11.0,9.0,9.0,9.0,8.0,7.0,10.0,14.0,5.0
1062,5.0,15.0,16.0,14.0,14.0,18.0,12.0,18.0,16.0,10.0,10.0,16.0,17.0,15.0,21.0,18.0,18.0,15.0,13.0,13.0,16.0,13.0,15.0,15.0,17.0,14.0,11.0,19.0,13.0,17.0,18.0,15.0,16.0,16.0,14.0,15.0,19.0,15.0,18.0,8.0,16.0,13.0,16.0,15.0,6.0
1063,5.0,15.0,16.0,14.0,14.0,18.0,12.0,18.0,16.0,10.0,10.0,16.0,17.0,15.0,21.0,18.0,18.0,15.0,13.0,13.0,16.0,13.0,15.0,14.0,17.0,14.0,12.0,19.0,13.0,17.0,18.0,15.0,16.0,16.0,14.0,14.0,19.0,15.0,18.0,8.0,16.0,13.0,16.0,15.0,6.0
1064,5.0,15.0,16.0,14.0,14.0,18.0,12.0,18.0,16.0,10.0,10.0,16.0,17.0,15.0,21.0,18.0,18.0,15.0,13.0,13.0,16.0,13.0,15.0,15.0,17.0,14.0,11.0,19.0,13.0,17.0,18.0,15.0,16.0,16.0,14.0,15.0,19.0,15.0,18.0,8.0,16.0,13.0,16.0,15.0,6.0
1065,3.0,11.0,12.0,12.0,11.0,14.0,12.0,14.0,11.0,8.0,9.0,14.0,12.0,11.0,16.0,12.0,12.0,14.0,8.0,12.0,9.0,12.0,12.0,14.0,12.0,11.0,9.0,13.0,11.0,13.0,13.0,11.0,12.0,12.0,13.0,11.0,12.0,11.0,13.0,10.0,13.0,10.0,11.0,14.0,5.0
1066,3.0,11.0,12.0,12.0,11.0,14.0,12.0,14.0,11.0,8.0,9.0,14.0,12.0,11.0,16.0,12.0,12.0,14.0,8.0,12.0,9.0,12.0,12.0,13.0,12.0,11.0,10.0,13.0,11.0,13.0,13.0,11.0,12.0,12.0,13.0,10.0,12.0,11.0,13.0,10.0,13.0,10.0,11.0,14.0,5.0
1067,3.0,11.0,12.0,12.0,11.0,14.0,12.0,14.0,11.0,8.0,9.0,14.0,12.0,11.0,16.0,12.0,12.0,14.0,8.0,12.0,9.0,12.0,12.0,14.0,12.0,11.0,9.0,13.0,11.0,13.0,13.0,11.0,12.0,12.0,13.0,11.0,12.0,11.0,13.0,10.0,13.0,10.0,11.0,14.0,5.0
1068,4.0,11.0,13.0,14.0,12.0,18.0,13.0,16.0,15.0,6.0,8.0,14.0,17.0,11.0,15.0,7.0,14.0,16.0,10.0,10.0,15.0,11.0,15.0,14.0,15.0,8.0,10.0,15.0,15.0,14.0,14.0,16.0,13.0,11.0,9.0,5.0,13.0,12.0,14.0,10.0,8.0,9.0,11.0,12.0,5.0
1069,4.0,11.0,13.0,14.0,12.0,18.0,13.0,16.0,15.0,6.0,8.0,14.0,17.0,11.0,15.0,16.0,16.0,16.0,10.0,10.0,15.0,11.0,15.0,13.0,15.0,8.0,12.0,14.0,15.0,16.0,15.0,16.0,13.0,11.0,9.0,7.0,14.0,12.0,14.0,10.0,8.0,9.0,11.0,12.0,5.0
1070,4.0,11.0,13.0,14.0,12.0,18.0,13.0,16.0,15.0,6.0,8.0,14.0,17.0,11.0,15.0,7.0,14.0,16.0,10.0,10.0,15.0,11.0,15.0,14.0,15.0,8.0,10.0,15.0,15.0,14.0,14.0,16.0,13.0,11.0,9.0,5.0,13.0,12.0,14.0,10.0,8.0,9.0,11.0,12.0,5.0
1071,2.0,9.0,11.0,12.0,9.0,14.0,13.0,12.0,12.0,5.0,8.0,13.0,12.0,9.0,12.0,12.0,11.0,14.0,8.0,8.0,8.0,10.0,12.0,13.0,12.0,6.0,8.0,10.0,11.0,10.0,10.0,12.0,11.0,10.0,9.0,4.0,10.0,8.0,10.0,12.0,8.0,10.0,9.0,11.0,4.0
1072,2.0,9.0,11.0,12.0,9.0,14.0,13.0,12.0,12.0,5.0,8.0,13.0,12.0,9.0,12.0,12.0,11.0,14.0,8.0,8.0,8.0,10.0,12.0,12.0,12.0,6.0,10.0,9.0,11.0,12.0,11.0,12.0,11.0,10.0,9.0,7.0,10.0,8.0,10.0,12.0,8.0,10.0,9.0,11.0,4.0
1073,2.0,9.0,11.0,12.0,9.0,14.0,13.0,12.0,12.0,5.0,8.0,13.0,12.0,9.0,12.0,12.0,11.0,14.0,8.0,8.0,8.0,10.0,12.0,13.0,12.0,6.0,8.0,10.0,11.0,10.0,10.0,12.0,11.0,10.0,9.0,4.0,10.0,8.0,10.0,12.0,8.0,10.0,9.0,11.0,4.0
1074,3.0,9.0,5.0,8.0,11.0,7.0,8.0,13.0,14.0,5.0,8.0,12.0,8.0,8.0,15.0,14.0,9.0,13.0,6.0,7.0,12.0,6.0,13.0,8.0,12.0,8.0,9.0,9.0,9.0,8.0,11.0,14.0,12.0,4.0,7.0,6.0,7.0,10.0,3.0,6.0,6.0,4.0,11.0,12.0,3.0
1075,3.0,8.0,4.0,8.0,11.0,7.0,8.0,13.0,14.0,5.0,8.0,12.0,8.0,8.0,15.0,13.0,9.0,13.0,6.0,7.0,12.0,6.0,13.0,8.0,12.0,8.0,11.0,8.0,9.0,10.0,11.0,14.0,12.0,4.0,7.0,6.0,7.0,10.0,3.0,6.0,6.0,8.0,11.0,12.0,3.0
1076,3.0,9.0,5.0,8.0,11.0,7.0,8.0,13.0,14.0,5.0,8.0,12.0,8.0,8.0,15.0,14.0,9.0,13.0,6.0,7.0,12.0,6.0,13.0,8.0,12.0,8.0,9.0,9.0,9.0,8.0,11.0,14.0,12.0,4.0,7.0,6.0,7.0,10.0,3.0,6.0,6.0,4.0,11.0,12.0,3.0
1077,1.0,8.0,5.0,4.0,9.0,7.0,8.0,11.0,12.0,5.0,8.0,11.0,7.0,6.0,12.0,11.0,9.0,11.0,7.0,5.0,10.0,6.0,10.0,10.0,12.0,6.0,7.0,7.0,7.0,1.0,8.0,10.0,10.0,7.0,7.0,7.0,7.0,7.0,3.0,8.0,6.0,5.0,10.0,11.0,3.0
1078,1.0,7.0,6.0,8.0,9.0,7.0,8.0,11.0,12.0,5.0,8.0,11.0,7.0,6.0,12.0,11.0,9.0,11.0,7.0,5.0,10.0,6.0,10.0,10.0,12.0,6.0,9.0,6.0,7.0,7.0,9.0,10.0,10.0,7.0,7.0,7.0,7.0,7.0,3.0,8.0,6.0,5.0,10.0,11.0,3.0
1079,1.0,8.0,5.0,4.0,9.0,7.0,8.0,11.0,12.0,5.0,8.0,11.0,7.0,6.0,12.0,11.0,9.0,11.0,7.0,5.0,10.0,6.0,10.0,10.0,12.0,6.0,7.0,7.0,7.0,1.0,8.0,10.0,10.0,7.0,7.0,7.0,7.0,7.0,3.0,8.0,6.0,5.0,10.0,11.0,3.0
1080,4.0,5.0,12.0,8.0,7.0,6.0,8.0,10.0,9.0,8.0,10.0,7.0,11.0,8.0,10.0,7.0,8.0,7.0,6.0,7.0,7.0,9.0,8.0,11.0,5.0,5.0,10.0,10.0,10.0,3.0,9.0,8.0,6.0,11.0,13.0,10.0,10.0,11.0,11.0,12.0,10.0,9.0,10.0,13.0,4.0
1081,2.0,3.0,7.0,6.0,4.0,5.0,5.0,8.0,8.0,4.0,4.0,5.0,8.0,5.0,4.0,3.0,5.0,8.0,4.0,7.0,4.0,3.0,7.0,6.0,6.0,4.0,5.0,4.0,8.0,3.0,2.0,5.0,6.0,4.0,5.0,7.0,8.0,5.0,7.0,4.0,1.0,6.0,5.0,9.0,1.0
1082,3.0,5.0,10.0,7.0,8.0,4.0,6.0,8.0,10.0,5.0,7.0,7.0,11.0,5.0,6.0,6.0,7.0,8.0,6.0,7.0,6.0,7.0,8.0,7.0,8.0,5.0,7.0,9.0,8.0,5.0,7.0,7.0,9.0,7.0,10.0,9.0,9.0,10.0,10.0,7.0,8.0,11.0,8.0,12.0,2.0
1083,2.0,5.0,10.0,8.0,6.0,6.0,8.0,8.0,8.0,5.0,8.0,6.0,10.0,8.0,9.0,5.0,7.0,6.0,5.0,7.0,6.0,8.0,7.0,11.0,6.0,4.0,8.0,9.0,8.0,3.0,8.0,7.0,4.0,10.0,11.0,9.0,8.0,10.0,9.0,10.0,8.0,7.0,7.0,12.0,4.0
1084,1.0,2.0,5.0,4.0,3.0,4.0,5.0,6.0,4.0,1.0,3.0,4.0,5.0,4.0,4.0,2.0,3.0,7.0,3.0,5.0,3.0,2.0,6.0,6.0,4.0,2.0,2.0,3.0,4.0,3.0,1.0,4.0,4.0,4.0,4.0,5.0,5.0,4.0,6.0,2.0,1.0,5.0,3.0,8.0,0.0
1085,1.0,4.0,8.0,7.0,6.0,4.0,6.0,6.0,6.0,3.0,5.0,6.0,9.0,4.0,5.0,3.0,6.0,7.0,5.0,6.0,4.0,6.0,7.0,7.0,7.0,2.0,4.0,7.0,6.0,5.0,6.0,6.0,7.0,6.0,8.0,7.0,6.0,7.0,8.0,5.0,6.0,7.0,5.0,11.0,1.0
1086,4.0,5.0,8.0,6.0,4.0,5.0,8.0,5.0,4.0,8.0,8.0,4.0,7.0,6.0,4.0,2.0,5.0,1.0,4.0,5.0,6.0,5.0,6.0,5.0,5.0,5.0,9.0,7.0,5.0,2.0,7.0,8.0,4.0,7.0,8.0,4.0,9.0,7.0,9.0,9.0,10.0,8.0,8.0,10.0,4.0
1087,2.0,3.0,7.0,5.0,2.0,5.0,5.0,5.0,8.0,4.0,3.0,4.0,7.0,6.0,3.0,4.0,5.0,6.0,3.0,5.0,4.0,2.0,7.0,5.0,4.0,3.0,5.0,4.0,7.0,3.0,2.0,5.0,5.0,3.0,4.0,5.0,8.0,5.0,7.0,4.0,1.0,5.0,5.0,7.0,1.0
1088,3.0,4.0,10.0,5.0,4.0,5.0,5.0,7.0,9.0,4.0,5.0,6.0,8.0,6.0,5.0,4.0,6.0,6.0,3.0,5.0,4.0,6.0,6.0,7.0,5.0,6.0,6.0,7.0,8.0,4.0,5.0,7.0,6.0,7.0,8.0,4.0,8.0,8.0,9.0,5.0,8.0,9.0,9.0,10.0,2.0
1089,2.0,4.0,9.0,6.0,4.0,5.0,8.0,5.0,5.0,6.0,7.0,3.0,6.0,6.0,4.0,2.0,4.0,1.0,4.0,5.0,5.0,5.0,7.0,5.0,6.0,4.0,7.0,6.0,3.0,2.0,6.0,7.0,3.0,7.0,8.0,2.0,7.0,7.0,8.0,7.0,9.0,7.0,5.0,10.0,4.0
1090,1.0,2.0,5.0,4.0,1.0,4.0,5.0,5.0,4.0,1.0,2.0,3.0,4.0,5.0,3.0,3.0,3.0,6.0,2.0,4.0,3.0,1.0,5.0,5.0,4.0,2.0,2.0,3.0,4.0,3.0,1.0,4.0,4.0,3.0,4.0,3.0,6.0,4.0,5.0,2.0,1.0,4.0,3.0,7.0,0.0
1091,1.0,3.0,9.0,5.0,3.0,5.0,5.0,6.0,5.0,3.0,4.0,5.0,6.0,6.0,4.0,3.0,5.0,6.0,3.0,4.0,4.0,5.0,5.0,7.0,6.0,3.0,4.0,5.0,5.0,4.0,4.0,6.0,5.0,6.0,8.0,3.0,6.0,5.0,8.0,3.0,7.0,6.0,5.0,10.0,1.0
1092,3.0,4.0,7.0,3.0,3.0,5.0,6.0,3.0,2.0,5.0,4.0,2.0,4.0,4.0,5.0,2.0,5.0,2.0,5.0,3.0,1.0,4.0,1.0,5.0,3.0,5.0,7.0,7.0,4.0,2.0,7.0,6.0,3.0,5.0,7.0,4.0,8.0,4.0,7.0,9.0,9.0,4.0,4.0,8.0,3.0
1093,2.0,2.0,7.0,5.0,2.0,5.0,5.0,3.0,6.0,3.0,3.0,2.0,3.0,4.0,2.0,3.0,5.0,5.0,4.0,3.0,3.0,2.0,5.0,4.0,5.0,2.0,4.0,3.0,7.0,3.0,3.0,5.0,5.0,2.0,3.0,2.0,6.0,3.0,7.0,4.0,1.0,5.0,4.0,4.0,2.0
1094,3.0,4.0,7.0,5.0,6.0,4.0,5.0,3.0,6.0,4.0,4.0,3.0,7.0,4.0,3.0,4.0,5.0,3.0,5.0,5.0,3.0,3.0,4.0,3.0,4.0,2.0,4.0,7.0,8.0,4.0,7.0,6.0,5.0,5.0,5.0,2.0,6.0,6.0,9.0,5.0,9.0,7.0,8.0,7.0,4.0
1095,1.0,4.0,8.0,3.0,3.0,5.0,6.0,3.0,2.0,5.0,6.0,1.0,3.0,5.0,3.0,2.0,3.0,1.0,4.0,3.0,1.0,4.0,1.0,5.0,4.0,4.0,5.0,6.0,3.0,2.0,5.0,5.0,3.0,5.0,7.0,2.0,6.0,4.0,6.0,7.0,9.0,4.0,2.0,7.0,3.0
1096,1.0,2.0,5.0,4.0,1.0,4.0,5.0,3.0,4.0,1.0,2.0,2.0,2.0,3.0,2.0,3.0,3.0,4.0,3.0,3.0,2.0,1.0,3.0,4.0,5.0,1.0,2.0,2.0,4.0,3.0,2.0,4.0,4.0,2.0,4.0,2.0,4.0,3.0,5.0,2.0,1.0,4.0,3.0,4.0,1.0
1097,1.0,4.0,6.0,4.0,3.0,5.0,5.0,3.0,4.0,4.0,4.0,2.0,2.0,3.0,3.0,3.0,4.0,3.0,4.0,4.0,3.0,2.0,3.0,3.0,5.0,4.0,4.0,5.0,5.0,4.0,6.0,5.0,5.0,4.0,5.0,1.0,4.0,3.0,7.0,3.0,8.0,5.0,5.0,6.0,4.0
1098,4.0,6.0,8.0,7.0,4.0,5.0,6.0,6.0,6.0,7.0,4.0,6.0,6.0,2.0,1.0,2.0,7.0,3.0,6.0,7.0,7.0,5.0,7.0,2.0,0.0,0.0,7.0,6.0,4.0,2.0,5.0,5.0,3.0,6.0,5.0,4.0,9.0,4.0,9.0,6.0,0.0,0.0,0.0,3.0,4.0
1099,2.0,3.0,7.0,6.0,3.0,6.0,5.0,7.0,9.0,4.0,4.0,4.0,8.0,6.0,5.0,3.0,6.0,8.0,4.0,7.0,6.0,4.0,7.0,7.0,6.0,7.0,4.0,4.0,8.0,3.0,2.0,5.0,6.0,4.0,4.0,7.0,7.0,5.0,8.0,4.0,1.0,5.0,5.0,9.0,1.0
1100,3.0,5.0,9.0,7.0,4.0,5.0,5.0,9.0,6.0,6.0,7.0,6.0,10.0,6.0,7.0,5.0,9.0,8.0,6.0,8.0,7.0,6.0,7.0,8.0,9.0,9.0,6.0,7.0,7.0,4.0,5.0,6.0,5.0,7.0,6.0,2.0,7.0,7.0,10.0,4.0,6.0,7.0,9.0,2.0,1.0
1101,2.0,5.0,9.0,6.0,4.0,5.0,6.0,7.0,6.0,5.0,4.0,5.0,5.0,2.0,1.0,2.0,6.0,4.0,5.0,7.0,6.0,5.0,8.0,2.0,0.0,0.0,5.0,5.0,3.0,2.0,4.0,5.0,3.0,6.0,5.0,2.0,7.0,4.0,8.0,5.0,0.0,0.0,0.0,3.0,4.0
1102,1.0,2.0,5.0,4.0,2.0,5.0,5.0,6.0,5.0,1.0,3.0,3.0,5.0,4.0,4.0,2.0,4.0,7.0,3.0,5.0,4.0,3.0,6.0,7.0,4.0,4.0,1.0,3.0,4.0,3.0,1.0,4.0,4.0,4.0,4.0,5.0,4.0,4.0,7.0,2.0,1.0,4.0,3.0,8.0,0.0
1103,1.0,4.0,8.0,6.0,3.0,5.0,5.0,8.0,4.0,4.0,5.0,5.0,7.0,4.0,5.0,3.0,8.0,7.0,5.0,7.0,5.0,5.0,6.0,8.0,7.0,6.0,3.0,5.0,6.0,4.0,4.0,5.0,5.0,6.0,6.0,1.0,5.0,5.0,7.0,2.0,6.0,5.0,5.0,2.0,1.0
1104,3.0,4.0,3.0,0.0,3.0,2.0,4.0,6.0,2.0,6.0,3.0,5.0,8.0,2.0,1.0,3.0,5.0,2.0,3.0,5.0,6.0,4.0,0.0,2.0,0.0,0.0,6.0,6.0,6.0,3.0,4.0,6.0,2.0,4.0,6.0,3.0,8.0,4.0,6.0,5.0,0.0,0.0,0.0,3.0,2.0
1105,2.0,3.0,7.0,5.0,3.0,5.0,5.0,6.0,8.0,4.0,4.0,2.0,8.0,5.0,3.0,4.0,5.0,8.0,4.0,7.0,4.0,2.0,7.0,6.0,6.0,6.0,4.0,4.0,7.0,3.0,2.0,5.0,6.0,3.0,3.0,5.0,6.0,4.0,8.0,4.0,1.0,5.0,4.0,5.0,1.0
1106,3.0,4.0,7.0,5.0,5.0,5.0,5.0,7.0,8.0,5.0,6.0,3.0,9.0,4.0,4.0,4.0,6.0,8.0,4.0,7.0,4.0,5.0,6.0,5.0,8.0,9.0,6.0,7.0,6.0,4.0,5.0,6.0,5.0,4.0,5.0,2.0,7.0,6.0,9.0,4.0,4.0,3.0,3.0,1.0,2.0
1107,1.0,4.0,3.0,0.0,3.0,5.0,4.0,5.0,2.0,5.0,3.0,4.0,7.0,2.0,1.0,2.0,4.0,2.0,3.0,5.0,5.0,4.0,0.0,2.0,0.0,0.0,4.0,5.0,6.0,3.0,3.0,6.0,2.0,4.0,5.0,2.0,6.0,3.0,5.0,4.0,0.0,0.0,0.0,3.0,2.0
1108,1.0,2.0,5.0,4.0,2.0,4.0,5.0,5.0,4.0,1.0,3.0,2.0,5.0,4.0,2.0,3.0,3.0,7.0,3.0,5.0,3.0,1.0,5.0,6.0,4.0,4.0,1.0,3.0,4.0,3.0,1.0,4.0,4.0,3.0,4.0,5.0,4.0,3.0,7.0,2.0,1.0,4.0,3.0,5.0,0.0
1109,1.0,3.0,6.0,5.0,4.0,5.0,5.0,6.0,4.0,4.0,5.0,2.0,7.0,3.0,3.0,3.0,5.0,7.0,4.0,6.0,4.0,4.0,5.0,5.0,6.0,5.0,3.0,5.0,4.0,4.0,4.0,5.0,5.0,4.0,5.0,1.0,5.0,3.0,8.0,2.0,4.0,4.0,1.0,1.0,2.0
1110,3.0,3.0,3.0,0.0,1.0,0.0,4.0,3.0,1.0,6.0,4.0,1.0,2.0,6.0,2.0,0.0,5.0,0.0,3.0,3.0,1.0,4.0,0.0,2.0,0.0,0.0,6.0,2.0,0.0,0.0,2.0,4.0,1.0,2.0,4.0,4.0,2.0,3.0,6.0,4.0,0.0,0.0,0.0,3.0,2.0
1111,2.0,3.0,7.0,4.0,3.0,5.0,5.0,4.0,8.0,3.0,3.0,3.0,7.0,6.0,2.0,4.0,5.0,6.0,3.0,3.0,4.0,2.0,7.0,4.0,6.0,5.0,5.0,4.0,7.0,3.0,2.0,5.0,4.0,3.0,3.0,4.0,5.0,3.0,7.0,3.0,2.0,2.0,4.0,4.0,2.0
1112,3.0,4.0,7.0,5.0,2.0,0.0,7.0,5.0,8.0,5.0,4.0,5.0,6.0,2.0,3.0,4.0,6.0,6.0,3.0,3.0,4.0,3.0,5.0,4.0,8.0,8.0,8.0,2.0,0.0,0.0,4.0,3.0,3.0,3.0,5.0,2.0,6.0,4.0,6.0,4.0,3.0,2.0,4.0,1.0,1.0
1113,1.0,3.0,3.0,0.0,1.0,5.0,5.0,3.0,1.0,5.0,5.0,0.0,2.0,6.0,2.0,0.0,3.0,1.0,4.0,3.0,1.0,4.0,0.0,2.0,0.0,0.0,4.0,2.0,0.0,0.0,2.0,4.0,1.0,2.0,4.0,2.0,4.0,3.0,5.0,4.0,0.0,0.0,0.0,2.0,2.0
1114,1.0,2.0,5.0,3.0,1.0,4.0,5.0,4.0,4.0,1.0,2.0,3.0,5.0,4.0,2.0,3.0,3.0,5.0,2.0,3.0,3.0,1.0,5.0,4.0,4.0,3.0,2.0,3.0,4.0,3.0,1.0,4.0,3.0,3.0,4.0,3.0,4.0,3.0,5.0,2.0,1.0,2.0,3.0,4.0,1.0
1115,1.0,3.0,6.0,5.0,2.0,5.0,5.0,5.0,4.0,4.0,4.0,1.0,5.0,0.0,2.0,3.0,4.0,1.0,3.0,3.0,4.0,2.0,5.0,4.0,6.0,6.0,5.0,2.0,0.0,0.0,3.0,3.0,2.0,4.0,5.0,1.0,5.0,2.0,7.0,2.0,3.0,2.0,5.0,0.0,1.0
1116,3.0,3.0,3.0,0.0,0.0,0.0,5.0,0.0,1.0,5.0,3.0,3.0,1.0,1.0,1.0,0.0,0.0,2.0,1.0,2.0,5.0,4.0,1.0,2.0,0.0,0.0,4.0,1.0,0.0,0.0,0.0,4.0,1.0,1.0,1.0,0.0,1.0,1.0,1.0,3.0,5.0,0.0,0.0,0.0,2.0
1117,2.0,3.0,7.0,3.0,3.0,5.0,5.0,3.0,8.0,3.0,3.0,3.0,7.0,4.0,2.0,3.0,4.0,5.0,3.0,6.0,4.0,2.0,5.0,4.0,5.0,4.0,4.0,3.0,7.0,3.0,3.0,5.0,4.0,3.0,4.0,2.0,5.0,3.0,7.0,2.0,1.0,2.0,4.0,3.0,3.0
1118,3.0,3.0,3.0,2.0,1.0,0.0,6.0,1.0,8.0,3.0,3.0,3.0,2.0,2.0,3.0,3.0,5.0,5.0,3.0,6.0,4.0,3.0,1.0,2.0,0.0,0.0,4.0,1.0,0.0,0.0,0.0,4.0,4.0,4.0,5.0,2.0,5.0,4.0,5.0,2.0,2.0,2.0,2.0,0.0,3.0
1119,1.0,3.0,3.0,0.0,0.0,0.0,5.0,0.0,1.0,4.0,2.0,3.0,1.0,1.0,1.0,0.0,0.0,2.0,1.0,2.0,5.0,3.0,5.0,2.0,0.0,0.0,3.0,1.0,0.0,0.0,0.0,4.0,1.0,1.0,1.0,0.0,1.0,1.0,1.0,3.0,5.0,0.0,0.0,0.0,2.0
1120,1.0,2.0,5.0,2.0,2.0,4.0,5.0,3.0,4.0,1.0,2.0,3.0,4.0,3.0,2.0,2.0,2.0,4.0,2.0,4.0,3.0,1.0,4.0,4.0,5.0,2.0,2.0,2.0,4.0,3.0,2.0,4.0,3.0,3.0,5.0,2.0,4.0,3.0,5.0,2.0,1.0,2.0,3.0,3.0,2.0
1121,1.0,2.0,3.0,2.0,1.0,0.0,6.0,1.0,4.0,3.0,2.0,3.0,2.0,1.0,2.0,3.0,4.0,4.0,3.0,5.0,4.0,2.0,4.0,2.0,0.0,0.0,3.0,1.0,0.0,0.0,0.0,4.0,4.0,3.0,6.0,1.0,4.0,2.0,6.0,2.0,2.0,2.0,5.0,0.0,2.0
1122,5.0,8.0,9.0,8.0,7.0,4.0,10.0,12.0,9.0,9.0,10.0,7.0,13.0,9.0,6.0,4.0,11.0,8.0,7.0,9.0,9.0,10.0,8.0,12.0,5.0,10.0,9.0,8.0,5.0,3.0,7.0,8.0,6.0,10.0,9.0,6.0,10.0,9.0,10.0,8.0,5.0,4.0,8.0,11.0,3.0
1123,2.0,3.0,7.0,6.0,4.0,7.0,5.0,7.0,9.0,4.0,4.0,6.0,7.0,6.0,5.0,4.0,5.0,8.0,4.0,7.0,5.0,3.0,7.0,7.0,6.0,7.0,4.0,4.0,8.0,3.0,2.0,5.0,6.0,4.0,4.0,7.0,8.0,5.0,7.0,4.0,1.0,5.0,5.0,10.0,1.0
1124,3.0,5.0,10.0,7.0,7.0,5.0,6.0,8.0,10.0,5.0,7.0,8.0,12.0,6.0,7.0,6.0,9.0,8.0,6.0,9.0,7.0,7.0,8.0,8.0,9.0,10.0,6.0,8.0,7.0,5.0,5.0,7.0,9.0,7.0,6.0,6.0,9.0,8.0,10.0,4.0,7.0,7.0,9.0,10.0,2.0
1125,3.0,7.0,9.0,8.0,6.0,4.0,10.0,10.0,6.0,6.0,9.0,6.0,10.0,8.0,6.0,3.0,10.0,7.0,7.0,9.0,7.0,9.0,9.0,12.0,6.0,8.0,7.0,7.0,3.0,3.0,6.0,7.0,4.0,9.0,9.0,5.0,8.0,8.0,8.0,6.0,5.0,4.0,5.0,10.0,3.0
1126,1.0,2.0,5.0,4.0,3.0,6.0,5.0,6.0,5.0,1.0,3.0,5.0,4.0,4.0,4.0,3.0,3.0,7.0,3.0,5.0,4.0,2.0,6.0,7.0,4.0,4.0,1.0,3.0,4.0,3.0,1.0,4.0,4.0,4.0,4.0,5.0,5.0,4.0,5.0,2.0,1.0,4.0,3.0,9.0,0.0
1127,1.0,4.0,8.0,7.0,5.0,5.0,6.0,7.0,5.0,3.0,5.0,7.0,8.0,4.0,5.0,3.0,8.0,7.0,5.0,8.0,4.0,6.0,7.0,8.0,7.0,7.0,3.0,6.0,5.0,5.0,4.0,6.0,7.0,6.0,6.0,4.0,6.0,5.0,8.0,2.0,7.0,5.0,5.0,9.0,1.0
1128,4.0,6.0,7.0,6.0,4.0,5.0,8.0,7.0,5.0,7.0,9.0,8.0,8.0,6.0,5.0,2.0,6.0,5.0,6.0,7.0,7.0,5.0,8.0,6.0,5.0,5.0,9.0,6.0,4.0,2.0,7.0,5.0,3.0,9.0,7.0,4.0,9.0,4.0,9.0,7.0,3.0,4.0,4.0,2.0,3.0
1129,2.0,3.0,7.0,5.0,2.0,5.0,5.0,7.0,8.0,3.0,3.0,4.0,7.0,4.0,3.0,4.0,5.0,8.0,4.0,6.0,4.0,2.0,7.0,6.0,6.0,5.0,5.0,4.0,7.0,3.0,2.0,5.0,5.0,3.0,3.0,3.0,7.0,4.0,7.0,4.0,1.0,4.0,4.0,4.0,2.0
1130,3.0,5.0,7.0,5.0,4.0,5.0,5.0,8.0,8.0,4.0,6.0,7.0,8.0,5.0,4.0,4.0,6.0,8.0,4.0,7.0,6.0,5.0,8.0,7.0,8.0,9.0,7.0,7.0,7.0,4.0,5.0,6.0,5.0,6.0,5.0,2.0,7.0,6.0,9.0,4.0,6.0,4.0,8.0,2.0,1.0
1131,2.0,5.0,8.0,6.0,3.0,5.0,8.0,5.0,5.0,6.0,7.0,7.0,7.0,6.0,4.0,2.0,5.0,4.0,6.0,7.0,6.0,5.0,7.0,6.0,6.0,4.0,7.0,5.0,3.0,2.0,6.0,5.0,3.0,7.0,7.0,2.0,7.0,4.0,8.0,6.0,2.0,5.0,2.0,2.0,3.0
1132,1.0,2.0,5.0,4.0,1.0,4.0,5.0,5.0,4.0,1.0,2.0,3.0,4.0,3.0,2.0,3.0,3.0,7.0,3.0,4.0,3.0,1.0,5.0,6.0,4.0,3.0,2.0,3.0,4.0,3.0,1.0,4.0,4.0,3.0,4.0,2.0,5.0,3.0,5.0,2.0,1.0,3.0,3.0,4.0,1.0
1133,1.0,4.0,6.0,5.0,3.0,5.0,5.0,6.0,4.0,4.0,4.0,6.0,6.0,5.0,3.0,3.0,5.0,7.0,4.0,6.0,4.0,4.0,6.0,7.0,7.0,3.0,4.0,5.0,4.0,4.0,4.0,5.0,5.0,5.0,5.0,1.0,5.0,3.0,8.0,2.0,5.0,5.0,5.0,2.0,1.0
1134,3.0,4.0,3.0,0.0,3.0,5.0,7.0,4.0,2.0,5.0,4.0,4.0,5.0,6.0,4.0,2.0,5.0,2.0,3.0,3.0,6.0,3.0,2.0,5.0,5.0,5.0,6.0,1.0,0.0,0.0,2.0,4.0,3.0,3.0,5.0,3.0,6.0,3.0,7.0,5.0,0.0,0.0,0.0,2.0,3.0
1135,2.0,3.0,7.0,3.0,3.0,5.0,5.0,4.0,8.0,3.0,3.0,4.0,3.0,3.0,2.0,4.0,5.0,5.0,4.0,6.0,4.0,2.0,7.0,4.0,4.0,3.0,4.0,3.0,7.0,3.0,2.0,5.0,4.0,3.0,4.0,2.0,4.0,3.0,7.0,2.0,1.0,2.0,4.0,4.0,2.0
1136,3.0,4.0,7.0,2.0,6.0,4.0,5.0,5.0,8.0,4.0,4.0,5.0,6.0,2.0,3.0,3.0,6.0,3.0,5.0,6.0,4.0,3.0,5.0,3.0,5.0,6.0,5.0,1.0,0.0,0.0,4.0,3.0,3.0,5.0,5.0,2.0,5.0,4.0,6.0,2.0,2.0,3.0,7.0,1.0,1.0
1137,1.0,4.0,3.0,0.0,3.0,5.0,7.0,4.0,2.0,5.0,6.0,1.0,4.0,6.0,3.0,2.0,3.0,1.0,3.0,3.0,6.0,3.0,2.0,5.0,6.0,4.0,5.0,1.0,0.0,0.0,2.0,4.0,3.0,5.0,5.0,2.0,5.0,3.0,6.0,5.0,0.0,0.0,0.0,2.0,3.0
1138,1.0,2.0,5.0,2.0,2.0,4.0,5.0,4.0,4.0,1.0,2.0,3.0,2.0,2.0,2.0,3.0,3.0,4.0,3.0,4.0,3.0,1.0,5.0,4.0,4.0,2.0,2.0,2.0,4.0,3.0,1.0,4.0,3.0,3.0,5.0,2.0,4.0,2.0,5.0,2.0,1.0,2.0,3.0,4.0,1.0
1139,1.0,3.0,6.0,2.0,4.0,5.0,5.0,5.0,4.0,3.0,4.0,4.0,2.0,1.0,2.0,3.0,4.0,1.0,4.0,5.0,4.0,2.0,5.0,3.0,6.0,5.0,4.0,1.0,0.0,0.0,3.0,3.0,2.0,4.0,5.0,1.0,4.0,2.0,7.0,2.0,3.0,3.0,1.0,1.0,1.0
1140,4.0,5.0,12.0,8.0,7.0,6.0,8.0,10.0,9.0,8.0,10.0,7.0,11.0,8.0,10.0,7.0,8.0,6.0,6.0,6.0,7.0,9.0,8.0,11.0,8.0,4.0,9.0,10.0,10.0,3.0,9.0,8.0,6.0,10.0,13.0,10.0,10.0,11.0,11.0,11.0,11.0,9.0,10.0,12.0,4.0
1141,0.0,3.0,7.0,6.0,4.0,4.0,5.0,3.0,6.0,3.0,3.0,5.0,7.0,5.0,3.0,2.0,4.0,5.0,4.0,5.0,3.0,3.0,5.0,3.0,6.0,3.0,4.0,4.0,6.0,3.0,2.0,5.0,5.0,3.0,5.0,7.0,7.0,4.0,6.0,3.0,2.0,5.0,4.0,8.0,1.0
1142,3.0,4.0,11.0,7.0,8.0,4.0,5.0,8.0,8.0,5.0,7.0,6.0,10.0,5.0,5.0,5.0,6.0,8.0,6.0,7.0,5.0,6.0,7.0,7.0,8.0,4.0,5.0,8.0,8.0,6.0,6.0,6.0,9.0,6.0,8.0,8.0,9.0,10.0,10.0,6.0,9.0,11.0,8.0,11.0,1.0
1143,2.0,5.0,10.0,8.0,6.0,6.0,8.0,8.0,8.0,5.0,8.0,6.0,10.0,8.0,9.0,5.0,7.0,6.0,5.0,6.0,6.0,8.0,7.0,11.0,8.0,3.0,8.0,9.0,8.0,3.0,8.0,7.0,4.0,9.0,11.0,10.0,8.0,10.0,9.0,9.0,9.0,7.0,7.0,11.0,4.0
1144,0.0,2.0,5.0,4.0,3.0,3.0,5.0,3.0,3.0,1.0,2.0,4.0,4.0,4.0,2.0,1.0,3.0,5.0,3.0,3.0,2.0,2.0,4.0,3.0,4.0,2.0,1.0,3.0,3.0,3.0,1.0,4.0,4.0,3.0,4.0,5.0,5.0,3.0,5.0,1.0,2.0,5.0,2.0,7.0,0.0
1145,1.0,3.0,8.0,7.0,6.0,4.0,5.0,6.0,5.0,3.0,5.0,6.0,8.0,4.0,4.0,3.0,5.0,7.0,5.0,6.0,4.0,5.0,6.0,7.0,7.0,2.0,2.0,7.0,6.0,5.0,5.0,5.0,7.0,5.0,6.0,6.0,6.0,7.0,8.0,4.0,7.0,7.0,5.0,10.0,0.0
1146,4.0,5.0,8.0,6.0,4.0,5.0,8.0,4.0,4.0,8.0,8.0,4.0,7.0,6.0,4.0,2.0,5.0,1.0,3.0,5.0,5.0,5.0,6.0,5.0,4.0,6.0,8.0,7.0,5.0,2.0,7.0,8.0,4.0,8.0,8.0,3.0,9.0,7.0,7.0,9.0,10.0,8.0,6.0,9.0,4.0
1147,0.0,3.0,7.0,5.0,2.0,3.0,5.0,3.0,6.0,3.0,2.0,4.0,6.0,6.0,2.0,3.0,4.0,5.0,3.0,4.0,2.0,3.0,5.0,3.0,4.0,2.0,3.0,4.0,5.0,3.0,2.0,5.0,5.0,3.0,4.0,5.0,8.0,4.0,5.0,3.0,2.0,4.0,4.0,6.0,1.0
1148,3.0,4.0,10.0,5.0,4.0,4.0,5.0,6.0,7.0,5.0,5.0,5.0,7.0,6.0,4.0,3.0,5.0,6.0,3.0,5.0,3.0,6.0,7.0,7.0,3.0,4.0,5.0,6.0,8.0,5.0,4.0,6.0,6.0,6.0,7.0,6.0,8.0,8.0,8.0,5.0,8.0,9.0,8.0,9.0,1.0
1149,2.0,4.0,9.0,6.0,4.0,5.0,8.0,4.0,5.0,6.0,7.0,3.0,6.0,6.0,4.0,2.0,4.0,1.0,3.0,5.0,4.0,5.0,6.0,5.0,5.0,5.0,7.0,6.0,3.0,2.0,6.0,7.0,3.0,7.0,8.0,3.0,7.0,7.0,8.0,7.0,9.0,7.0,3.0,9.0,4.0
1150,0.0,2.0,5.0,4.0,1.0,3.0,5.0,3.0,4.0,1.0,1.0,3.0,4.0,5.0,1.0,2.0,3.0,5.0,2.0,3.0,1.0,2.0,4.0,3.0,4.0,2.0,0.0,3.0,3.0,3.0,1.0,4.0,4.0,3.0,4.0,3.0,6.0,3.0,5.0,1.0,2.0,4.0,2.0,6.0,0.0
1151,1.0,3.0,9.0,5.0,3.0,4.0,5.0,5.0,4.0,3.0,4.0,5.0,5.0,5.0,3.0,3.0,4.0,6.0,3.0,4.0,3.0,5.0,5.0,7.0,4.0,3.0,2.0,5.0,5.0,4.0,3.0,5.0,5.0,5.0,6.0,4.0,6.0,5.0,8.0,3.0,7.0,6.0,4.0,9.0,0.0
1152,3.0,4.0,7.0,3.0,3.0,5.0,4.0,3.0,4.0,5.0,4.0,3.0,4.0,4.0,5.0,2.0,5.0,2.0,5.0,3.0,1.0,4.0,1.0,5.0,4.0,3.0,6.0,7.0,4.0,2.0,7.0,6.0,3.0,6.0,7.0,3.0,8.0,4.0,6.0,9.0,9.0,4.0,4.0,6.0,3.0
1153,0.0,3.0,7.0,5.0,2.0,2.0,4.0,2.0,5.0,3.0,2.0,2.0,3.0,4.0,1.0,2.0,4.0,4.0,4.0,4.0,2.0,3.0,4.0,3.0,4.0,1.0,3.0,4.0,5.0,3.0,3.0,5.0,5.0,2.0,3.0,2.0,6.0,2.0,6.0,3.0,2.0,4.0,3.0,4.0,1.0
1154,3.0,4.0,7.0,5.0,6.0,4.0,4.0,3.0,3.0,3.0,4.0,2.0,6.0,4.0,2.0,3.0,4.0,3.0,5.0,5.0,3.0,4.0,5.0,3.0,2.0,3.0,4.0,6.0,8.0,4.0,5.0,5.0,5.0,4.0,3.0,2.0,6.0,5.0,8.0,5.0,9.0,7.0,6.0,5.0,4.0
1155,1.0,4.0,8.0,3.0,3.0,5.0,4.0,3.0,4.0,5.0,6.0,1.0,3.0,5.0,3.0,2.0,3.0,1.0,4.0,3.0,1.0,4.0,1.0,5.0,6.0,5.0,5.0,6.0,3.0,2.0,5.0,5.0,3.0,5.0,7.0,3.0,6.0,4.0,6.0,7.0,9.0,4.0,2.0,6.0,3.0
1156,0.0,2.0,5.0,4.0,1.0,2.0,4.0,2.0,4.0,1.0,1.0,2.0,2.0,3.0,1.0,2.0,3.0,4.0,3.0,3.0,1.0,1.0,3.0,3.0,4.0,1.0,1.0,3.0,3.0,3.0,2.0,4.0,4.0,2.0,4.0,2.0,4.0,2.0,5.0,1.0,2.0,4.0,2.0,4.0,0.0
1157,1.0,4.0,6.0,4.0,3.0,4.0,4.0,3.0,3.0,4.0,4.0,2.0,2.0,3.0,2.0,3.0,3.0,3.0,4.0,4.0,3.0,3.0,3.0,3.0,3.0,2.0,2.0,5.0,5.0,4.0,4.0,4.0,5.0,3.0,3.0,2.0,4.0,3.0,5.0,3.0,8.0,5.0,3.0,5.0,3.0
1158,4.0,6.0,8.0,5.0,3.0,5.0,6.0,6.0,6.0,7.0,4.0,6.0,3.0,2.0,1.0,2.0,7.0,1.0,4.0,6.0,7.0,5.0,7.0,2.0,0.0,0.0,4.0,6.0,4.0,2.0,5.0,5.0,3.0,6.0,5.0,3.0,9.0,4.0,9.0,6.0,0.0,0.0,0.0,3.0,4.0
1159,0.0,3.0,7.0,6.0,3.0,4.0,5.0,3.0,7.0,3.0,3.0,4.0,8.0,5.0,3.0,3.0,4.0,5.0,4.0,5.0,3.0,3.0,5.0,3.0,6.0,4.0,3.0,4.0,6.0,3.0,2.0,5.0,5.0,3.0,4.0,7.0,6.0,4.0,7.0,3.0,2.0,4.0,4.0,8.0,1.0
1160,3.0,5.0,9.0,7.0,4.0,4.0,5.0,8.0,6.0,6.0,7.0,5.0,8.0,5.0,4.0,3.0,5.0,9.0,4.0,7.0,5.0,5.0,7.0,8.0,3.0,8.0,4.0,6.0,7.0,4.0,4.0,5.0,5.0,6.0,5.0,5.0,8.0,7.0,10.0,4.0,6.0,6.0,8.0,2.0,1.0
1161,2.0,5.0,9.0,5.0,3.0,5.0,6.0,7.0,6.0,5.0,4.0,5.0,3.0,2.0,1.0,2.0,6.0,2.0,4.0,6.0,6.0,5.0,8.0,2.0,0.0,0.0,4.0,5.0,3.0,2.0,4.0,5.0,3.0,5.0,5.0,3.0,7.0,4.0,8.0,5.0,0.0,0.0,0.0,3.0,4.0
1162,0.0,2.0,5.0,4.0,2.0,3.0,5.0,3.0,4.0,1.0,2.0,3.0,5.0,4.0,2.0,1.0,3.0,5.0,3.0,3.0,2.0,2.0,4.0,3.0,4.0,4.0,0.0,3.0,3.0,3.0,1.0,4.0,4.0,3.0,4.0,5.0,4.0,3.0,6.0,1.0,2.0,4.0,2.0,7.0,0.0
1163,1.0,4.0,8.0,6.0,3.0,4.0,5.0,7.0,4.0,4.0,5.0,5.0,6.0,4.0,4.0,3.0,4.0,7.0,4.0,6.0,4.0,4.0,6.0,8.0,4.0,6.0,1.0,5.0,6.0,4.0,3.0,4.0,5.0,5.0,4.0,3.0,5.0,3.0,7.0,2.0,6.0,5.0,4.0,2.0,0.0
1164,3.0,4.0,3.0,0.0,2.0,5.0,4.0,6.0,2.0,6.0,3.0,5.0,7.0,2.0,1.0,3.0,5.0,2.0,3.0,5.0,1.0,4.0,0.0,2.0,0.0,0.0,3.0,6.0,6.0,3.0,4.0,6.0,2.0,3.0,6.0,3.0,8.0,3.0,5.0,5.0,0.0,0.0,0.0,3.0,2.0
1165,0.0,3.0,7.0,5.0,3.0,4.0,5.0,3.0,7.0,3.0,2.0,3.0,7.0,6.0,2.0,3.0,4.0,5.0,4.0,5.0,2.0,3.0,5.0,3.0,6.0,3.0,4.0,4.0,5.0,3.0,2.0,5.0,5.0,3.0,3.0,5.0,6.0,3.0,6.0,3.0,2.0,4.0,3.0,5.0,1.0
1166,3.0,4.0,7.0,5.0,7.0,4.0,5.0,6.0,3.0,5.0,4.0,4.0,7.0,4.0,2.0,3.0,5.0,8.0,4.0,7.0,3.0,5.0,6.0,4.0,3.0,5.0,5.0,6.0,6.0,4.0,4.0,5.0,5.0,4.0,4.0,5.0,7.0,6.0,8.0,4.0,4.0,3.0,3.0,1.0,3.0
1167,1.0,4.0,3.0,0.0,2.0,5.0,4.0,5.0,2.0,5.0,3.0,4.0,7.0,3.0,3.0,2.0,4.0,2.0,3.0,5.0,1.0,4.0,0.0,2.0,0.0,0.0,3.0,5.0,6.0,3.0,3.0,6.0,2.0,3.0,5.0,3.0,6.0,3.0,5.0,4.0,0.0,0.0,0.0,3.0,2.0
1168,0.0,2.0,5.0,4.0,2.0,3.0,5.0,3.0,4.0,1.0,1.0,3.0,5.0,4.0,1.0,2.0,3.0,5.0,3.0,3.0,1.0,2.0,4.0,3.0,4.0,3.0,1.0,3.0,3.0,3.0,1.0,4.0,4.0,3.0,4.0,5.0,4.0,2.0,6.0,1.0,2.0,4.0,2.0,5.0,0.0
1169,1.0,3.0,6.0,5.0,4.0,4.0,5.0,5.0,3.0,4.0,4.0,3.0,6.0,2.0,2.0,3.0,4.0,7.0,4.0,6.0,3.0,4.0,5.0,4.0,4.0,4.0,2.0,5.0,4.0,4.0,3.0,4.0,5.0,4.0,3.0,3.0,5.0,3.0,6.0,2.0,4.0,4.0,1.0,1.0,2.0
1170,3.0,3.0,3.0,0.0,0.0,0.0,3.0,5.0,5.0,6.0,4.0,5.0,1.0,5.0,2.0,0.0,5.0,0.0,3.0,3.0,1.0,4.0,0.0,2.0,0.0,0.0,4.0,5.0,2.0,1.0,4.0,4.0,1.0,2.0,4.0,4.0,6.0,2.0,4.0,4.0,0.0,0.0,0.0,3.0,2.0
1171,0.0,3.0,7.0,4.0,3.0,3.0,5.0,3.0,6.0,3.0,2.0,3.0,7.0,5.0,2.0,2.0,4.0,5.0,3.0,5.0,2.0,3.0,5.0,3.0,6.0,3.0,4.0,4.0,5.0,3.0,2.0,5.0,4.0,3.0,3.0,3.0,5.0,2.0,6.0,3.0,2.0,2.0,3.0,4.0,1.0
1172,3.0,4.0,5.0,3.0,3.0,0.0,6.0,5.0,6.0,5.0,4.0,4.0,6.0,2.0,3.0,3.0,5.0,3.0,3.0,6.0,3.0,5.0,6.0,4.0,3.0,5.0,5.0,6.0,5.0,4.0,4.0,3.0,3.0,3.0,3.0,3.0,5.0,3.0,7.0,4.0,3.0,2.0,4.0,1.0,2.0
1173,1.0,3.0,3.0,0.0,0.0,0.0,3.0,4.0,5.0,5.0,5.0,0.0,2.0,1.0,1.0,0.0,3.0,1.0,5.0,3.0,1.0,4.0,0.0,2.0,0.0,0.0,3.0,4.0,2.0,1.0,3.0,4.0,1.0,2.0,4.0,4.0,5.0,2.0,5.0,4.0,0.0,0.0,0.0,2.0,2.0
1174,0.0,2.0,5.0,3.0,2.0,3.0,5.0,3.0,3.0,1.0,1.0,3.0,4.0,4.0,1.0,2.0,3.0,5.0,2.0,3.0,1.0,2.0,4.0,3.0,4.0,2.0,1.0,3.0,3.0,3.0,1.0,4.0,3.0,3.0,4.0,2.0,4.0,2.0,5.0,1.0,2.0,2.0,2.0,4.0,0.0
1175,1.0,3.0,5.0,4.0,4.0,4.0,5.0,5.0,4.0,4.0,4.0,4.0,4.0,1.0,2.0,3.0,3.0,2.0,3.0,5.0,3.0,4.0,5.0,4.0,4.0,3.0,2.0,5.0,3.0,4.0,3.0,3.0,2.0,4.0,4.0,2.0,4.0,2.0,4.0,2.0,3.0,2.0,3.0,0.0,1.0
1176,3.0,3.0,3.0,0.0,0.0,0.0,5.0,0.0,1.0,2.0,1.0,2.0,3.0,1.0,1.0,0.0,0.0,2.0,1.0,6.0,4.0,5.0,1.0,2.0,0.0,0.0,4.0,1.0,0.0,0.0,0.0,2.0,1.0,2.0,1.0,0.0,1.0,1.0,1.0,3.0,5.0,0.0,0.0,0.0,2.0
1177,0.0,3.0,7.0,3.0,3.0,3.0,5.0,3.0,6.0,3.0,2.0,4.0,4.0,4.0,2.0,2.0,4.0,5.0,4.0,6.0,2.0,3.0,4.0,3.0,4.0,2.0,3.0,4.0,5.0,3.0,3.0,5.0,4.0,3.0,3.0,2.0,5.0,2.0,5.0,2.0,1.0,2.0,3.0,3.0,2.0
1178,3.0,4.0,3.0,2.0,1.0,0.0,6.0,3.0,1.0,4.0,3.0,3.0,2.0,2.0,3.0,3.0,3.0,4.0,5.0,5.0,3.0,5.0,1.0,2.0,0.0,0.0,4.0,1.0,0.0,0.0,0.0,4.0,4.0,4.0,4.0,2.0,5.0,3.0,5.0,1.0,2.0,0.0,0.0,0.0,4.0
1179,1.0,3.0,3.0,0.0,0.0,0.0,5.0,0.0,1.0,2.0,1.0,2.0,3.0,1.0,1.0,0.0,0.0,2.0,1.0,3.0,1.0,2.0,3.0,2.0,0.0,0.0,3.0,1.0,0.0,0.0,0.0,4.0,1.0,1.0,1.0,0.0,1.0,1.0,1.0,3.0,5.0,0.0,0.0,0.0,2.0
1180,0.0,2.0,5.0,2.0,2.0,3.0,5.0,3.0,4.0,1.0,1.0,3.0,3.0,3.0,1.0,2.0,3.0,5.0,3.0,4.0,1.0,1.0,3.0,3.0,4.0,2.0,1.0,3.0,3.0,3.0,2.0,4.0,3.0,3.0,4.0,2.0,4.0,2.0,5.0,1.0,2.0,2.0,2.0,3.0,1.0
1181,1.0,3.0,3.0,2.0,1.0,0.0,6.0,3.0,3.0,3.0,2.0,3.0,2.0,1.0,2.0,3.0,3.0,4.0,4.0,4.0,3.0,4.0,3.0,2.0,0.0,0.0,2.0,1.0,0.0,0.0,0.0,3.0,4.0,3.0,5.0,2.0,4.0,2.0,4.0,2.0,2.0,2.0,3.0,0.0,2.0
1182,5.0,8.0,9.0,8.0,7.0,4.0,10.0,12.0,9.0,9.0,10.0,7.0,13.0,9.0,6.0,4.0,11.0,8.0,7.0,8.0,9.0,10.0,8.0,12.0,9.0,9.0,8.0,8.0,5.0,3.0,7.0,8.0,6.0,10.0,9.0,5.0,10.0,9.0,8.0,8.0,5.0,4.0,6.0,10.0,3.0
1183,0.0,3.0,7.0,6.0,4.0,6.0,5.0,3.0,7.0,3.0,3.0,5.0,7.0,6.0,3.0,2.0,4.0,5.0,4.0,5.0,3.0,3.0,5.0,3.0,6.0,4.0,3.0,4.0,6.0,3.0,2.0,5.0,5.0,3.0,4.0,7.0,7.0,4.0,5.0,3.0,2.0,4.0,4.0,9.0,1.0
1184,3.0,5.0,11.0,7.0,7.0,4.0,5.0,8.0,10.0,5.0,7.0,7.0,11.0,6.0,6.0,5.0,7.0,9.0,6.0,8.0,5.0,6.0,7.0,8.0,8.0,7.0,4.0,7.0,7.0,6.0,4.0,6.0,9.0,6.0,5.0,5.0,9.0,8.0,9.0,4.0,7.0,7.0,8.0,9.0,1.0
1185,3.0,7.0,9.0,8.0,6.0,4.0,10.0,10.0,6.0,6.0,9.0,6.0,10.0,8.0,6.0,3.0,10.0,7.0,7.0,8.0,7.0,9.0,9.0,12.0,8.0,7.0,7.0,7.0,3.0,3.0,6.0,7.0,4.0,8.0,9.0,6.0,8.0,8.0,8.0,6.0,5.0,4.0,3.0,9.0,3.0
1186,0.0,2.0,5.0,4.0,3.0,5.0,5.0,3.0,4.0,1.0,2.0,4.0,4.0,4.0,2.0,1.0,3.0,5.0,3.0,3.0,2.0,2.0,4.0,3.0,4.0,4.0,0.0,3.0,3.0,3.0,1.0,4.0,4.0,3.0,4.0,5.0,5.0,3.0,5.0,1.0,2.0,4.0,2.0,8.0,0.0
1187,1.0,4.0,8.0,7.0,5.0,4.0,5.0,7.0,5.0,3.0,5.0,7.0,7.0,4.0,4.0,3.0,6.0,7.0,5.0,7.0,4.0,5.0,6.0,8.0,7.0,5.0,1.0,6.0,5.0,5.0,3.0,5.0,7.0,5.0,4.0,3.0,6.0,5.0,8.0,2.0,7.0,5.0,4.0,8.0,0.0
1188,4.0,6.0,7.0,6.0,4.0,5.0,8.0,7.0,5.0,7.0,9.0,8.0,8.0,6.0,5.0,2.0,6.0,4.0,6.0,6.0,7.0,5.0,8.0,6.0,8.0,7.0,8.0,6.0,4.0,2.0,7.0,5.0,3.0,5.0,7.0,3.0,9.0,4.0,7.0,7.0,3.0,4.0,4.0,2.0,3.0
1189,0.0,3.0,7.0,5.0,2.0,4.0,5.0,3.0,6.0,3.0,2.0,4.0,6.0,4.0,2.0,2.0,4.0,5.0,4.0,5.0,2.0,3.0,5.0,3.0,6.0,3.0,4.0,4.0,5.0,3.0,2.0,5.0,5.0,3.0,3.0,3.0,7.0,2.0,6.0,3.0,2.0,3.0,3.0,4.0,1.0
1190,3.0,5.0,7.0,5.0,4.0,4.0,5.0,7.0,5.0,5.0,6.0,5.0,7.0,5.0,3.0,3.0,5.0,8.0,4.0,7.0,4.0,5.0,7.0,7.0,3.0,5.0,5.0,6.0,7.0,5.0,4.0,5.0,5.0,6.0,4.0,3.0,7.0,5.0,8.0,4.0,6.0,4.0,6.0,2.0,1.0
1191,2.0,5.0,8.0,6.0,3.0,5.0,8.0,5.0,5.0,6.0,7.0,7.0,7.0,6.0,4.0,2.0,5.0,4.0,6.0,6.0,6.0,5.0,7.0,6.0,8.0,6.0,7.0,5.0,3.0,2.0,6.0,5.0,3.0,5.0,7.0,3.0,7.0,4.0,8.0,6.0,2.0,5.0,2.0,2.0,3.0
1192,0.0,2.0,5.0,4.0,1.0,3.0,5.0,3.0,3.0,1.0,1.0,3.0,4.0,3.0,1.0,2.0,3.0,5.0,3.0,3.0,1.0,2.0,4.0,3.0,4.0,3.0,1.0,3.0,3.0,3.0,1.0,4.0,4.0,3.0,4.0,2.0,5.0,2.0,5.0,1.0,2.0,3.0,2.0,4.0,0.0
1193,1.0,4.0,6.0,5.0,3.0,4.0,5.0,5.0,3.0,4.0,4.0,5.0,5.0,4.0,2.0,3.0,4.0,7.0,4.0,6.0,3.0,4.0,5.0,7.0,4.0,4.0,2.0,5.0,4.0,4.0,3.0,4.0,5.0,5.0,4.0,2.0,5.0,3.0,6.0,2.0,5.0,5.0,3.0,2.0,0.0
1194,3.0,4.0,3.0,0.0,3.0,5.0,7.0,4.0,2.0,5.0,4.0,5.0,5.0,6.0,4.0,2.0,5.0,2.0,3.0,4.0,6.0,4.0,2.0,5.0,2.0,4.0,6.0,1.0,0.0,0.0,2.0,4.0,3.0,3.0,5.0,3.0,6.0,3.0,8.0,5.0,0.0,0.0,0.0,2.0,3.0
1195,0.0,3.0,7.0,3.0,3.0,3.0,5.0,2.0,7.0,3.0,2.0,4.0,2.0,3.0,2.0,2.0,4.0,5.0,4.0,5.0,2.0,3.0,5.0,3.0,4.0,2.0,3.0,4.0,5.0,3.0,2.0,5.0,4.0,3.0,3.0,2.0,4.0,2.0,5.0,2.0,1.0,2.0,3.0,4.0,1.0
1196,3.0,4.0,7.0,2.0,6.0,4.0,5.0,5.0,6.0,4.0,4.0,4.0,6.0,2.0,3.0,3.0,5.0,3.0,3.0,6.0,3.0,5.0,6.0,3.0,3.0,4.0,4.0,1.0,0.0,0.0,4.0,3.0,3.0,4.0,4.0,2.0,5.0,3.0,6.0,2.0,2.0,3.0,5.0,1.0,2.0
1197,1.0,4.0,3.0,0.0,3.0,5.0,7.0,4.0,2.0,5.0,6.0,1.0,4.0,6.0,3.0,2.0,3.0,1.0,3.0,4.0,6.0,4.0,2.0,5.0,2.0,3.0,5.0,1.0,0.0,0.0,2.0,4.0,3.0,5.0,5.0,4.0,5.0,3.0,6.0,5.0,0.0,0.0,0.0,2.0,3.0
1198,0.0,2.0,5.0,2.0,2.0,3.0,5.0,2.0,4.0,1.0,1.0,3.0,2.0,2.0,2.0,2.0,3.0,5.0,3.0,3.0,1.0,2.0,4.0,3.0,4.0,2.0,1.0,3.0,3.0,3.0,1.0,4.0,3.0,3.0,4.0,2.0,4.0,2.0,5.0,1.0,2.0,2.0,2.0,4.0,0.0
1199,1.0,3.0,6.0,2.0,4.0,4.0,5.0,5.0,4.0,3.0,4.0,4.0,2.0,1.0,2.0,3.0,3.0,1.0,3.0,5.0,3.0,4.0,5.0,3.0,4.0,3.0,2.0,1.0,0.0,0.0,3.0,3.0,2.0,4.0,4.0,2.0,4.0,2.0,4.0,2.0,3.0,3.0,1.0,1.0,1.0
1200,4.0,5.0,2.0,1.0,7.0,8.0,7.0,8.0,6.0,3.0,3.0,7.0,9.0,5.0,9.0,5.0,6.0,3.0,4.0,5.0,2.0,6.0,5.0,1.0,0.0,0.0,7.0,9.0,10.0,5.0,5.0,2.0,6.0,7.0,12.0,7.0,8.0,10.0,8.0,11.0,11.0,6.0,7.0,4.0,4.0
1201,3.0,1.0,2.0,4.0,4.0,3.0,0.0,3.0,5.0,2.0,4.0,1.0,5.0,3.0,2.0,2.0,3.0,1.0,1.0,3.0,4.0,2.0,2.0,2.0,2.0,2.0,0.0,0.0,4.0,2.0,2.0,1.0,3.0,3.0,0.0,5.0,4.0,3.0,2.0,4.0,1.0,4.0,3.0,3.0,1.0
1202,3.0,1.0,3.0,5.0,4.0,4.0,0.0,3.0,5.0,3.0,4.0,4.0,5.0,4.0,3.0,4.0,3.0,3.0,2.0,3.0,4.0,2.0,3.0,2.0,4.0,3.0,2.0,2.0,6.0,2.0,2.0,1.0,7.0,3.0,1.0,6.0,5.0,4.0,3.0,5.0,3.0,5.0,3.0,3.0,1.0
1203,2.0,5.0,2.0,1.0,5.0,8.0,7.0,6.0,5.0,4.0,3.0,6.0,8.0,5.0,8.0,4.0,5.0,3.0,3.0,5.0,2.0,5.0,5.0,1.0,0.0,0.0,7.0,8.0,7.0,5.0,4.0,2.0,4.0,7.0,10.0,6.0,4.0,8.0,7.0,9.0,9.0,4.0,5.0,4.0,4.0
1204,1.0,0.0,1.0,1.0,1.0,2.0,0.0,0.0,1.0,0.0,2.0,0.0,0.0,2.0,1.0,0.0,1.0,0.0,0.0,1.0,1.0,0.0,0.0,2.0,0.0,0.0,0.0,0.0,0.0,1.0,0.0,0.0,0.0,2.0,0.0,3.0,0.0,0.0,1.0,2.0,0.0,0.0,1.0,3.0,0.0
1205,1.0,0.0,2.0,2.0,1.0,4.0,0.0,0.0,1.0,1.0,2.0,2.0,1.0,2.0,1.0,1.0,1.0,2.0,1.0,1.0,1.0,0.0,0.0,2.0,2.0,0.0,1.0,1.0,2.0,1.0,0.0,0.0,4.0,2.0,1.0,3.0,1.0,1.0,1.0,3.0,1.0,1.0,1.0,3.0,0.0
1206,4.0,4.0,2.0,1.0,4.0,0.0,6.0,7.0,4.0,3.0,3.0,3.0,4.0,3.0,6.0,7.0,4.0,1.0,1.0,1.0,2.0,4.0,2.0,1.0,0.0,0.0,5.0,6.0,5.0,3.0,4.0,2.0,4.0,4.0,4.0,0.0,4.0,6.0,6.0,10.0,7.0,6.0,5.0,3.0,4.0
1207,3.0,1.0,1.0,4.0,5.0,3.0,0.0,3.0,4.0,3.0,4.0,1.0,4.0,4.0,1.0,2.0,3.0,1.0,1.0,3.0,2.0,2.0,2.0,2.0,2.0,2.0,0.0,0.0,4.0,2.0,2.0,1.0,2.0,3.0,0.0,4.0,5.0,3.0,2.0,4.0,1.0,4.0,3.0,3.0,1.0
1208,3.0,1.0,2.0,4.0,5.0,4.0,0.0,3.0,4.0,4.0,3.0,3.0,4.0,5.0,3.0,4.0,3.0,3.0,2.0,3.0,2.0,2.0,3.0,2.0,4.0,3.0,2.0,2.0,6.0,2.0,2.0,1.0,5.0,3.0,1.0,5.0,6.0,4.0,3.0,5.0,3.0,5.0,3.0,3.0,1.0
1209,2.0,3.0,2.0,1.0,4.0,0.0,6.0,5.0,4.0,4.0,3.0,3.0,4.0,3.0,4.0,5.0,3.0,1.0,1.0,1.0,2.0,3.0,2.0,1.0,0.0,0.0,5.0,5.0,3.0,3.0,4.0,1.0,3.0,4.0,4.0,0.0,2.0,6.0,6.0,8.0,7.0,4.0,3.0,3.0,4.0
1210,1.0,0.0,0.0,2.0,1.0,2.0,0.0,0.0,0.0,1.0,2.0,0.0,0.0,2.0,1.0,0.0,1.0,0.0,0.0,1.0,1.0,0.0,0.0,2.0,0.0,0.0,0.0,0.0,0.0,1.0,0.0,0.0,0.0,2.0,0.0,2.0,1.0,0.0,1.0,2.0,0.0,0.0,1.0,3.0,0.0
1211,1.0,0.0,1.0,2.0,1.0,4.0,0.0,0.0,0.0,2.0,2.0,1.0,0.0,2.0,2.0,1.0,1.0,2.0,1.0,1.0,1.0,0.0,0.0,2.0,2.0,0.0,1.0,1.0,2.0,1.0,0.0,0.0,3.0,2.0,1.0,2.0,2.0,1.0,1.0,3.0,1.0,1.0,1.0,3.0,0.0
1212,3.0,3.0,2.0,1.0,4.0,0.0,5.0,1.0,2.0,1.0,1.0,3.0,3.0,4.0,3.0,1.0,3.0,3.0,1.0,1.0,1.0,3.0,3.0,1.0,0.0,0.0,3.0,7.0,5.0,0.0,1.0,1.0,3.0,3.0,4.0,0.0,2.0,3.0,3.0,10.0,4.0,5.0,3.0,2.0,4.0
1213,3.0,1.0,1.0,4.0,5.0,3.0,0.0,3.0,4.0,3.0,3.0,1.0,4.0,4.0,1.0,2.0,3.0,1.0,1.0,2.0,2.0,2.0,2.0,2.0,2.0,1.0,0.0,0.0,4.0,2.0,2.0,1.0,2.0,3.0,0.0,3.0,5.0,3.0,2.0,4.0,1.0,4.0,2.0,3.0,1.0
1214,3.0,1.0,1.0,4.0,5.0,2.0,0.0,3.0,4.0,4.0,3.0,2.0,5.0,4.0,2.0,5.0,3.0,2.0,2.0,2.0,2.0,2.0,3.0,2.0,3.0,3.0,2.0,2.0,6.0,2.0,2.0,1.0,5.0,3.0,1.0,4.0,5.0,4.0,3.0,5.0,3.0,5.0,2.0,3.0,1.0
1215,1.0,3.0,2.0,1.0,2.0,0.0,5.0,1.0,2.0,1.0,1.0,2.0,3.0,3.0,3.0,1.0,2.0,3.0,1.0,1.0,1.0,3.0,2.0,1.0,0.0,0.0,3.0,5.0,2.0,3.0,3.0,1.0,3.0,2.0,4.0,0.0,2.0,3.0,3.0,8.0,4.0,3.0,2.0,2.0,4.0
1216,1.0,0.0,0.0,2.0,1.0,2.0,0.0,0.0,0.0,1.0,2.0,0.0,0.0,2.0,1.0,0.0,1.0,0.0,0.0,1.0,1.0,0.0,0.0,2.0,0.0,0.0,0.0,0.0,0.0,1.0,0.0,0.0,0.0,1.0,0.0,1.0,1.0,0.0,1.0,2.0,0.0,0.0,1.0,3.0,0.0
1217,1.0,0.0,0.0,2.0,1.0,2.0,0.0,0.0,0.0,2.0,2.0,0.0,1.0,2.0,2.0,1.0,1.0,2.0,1.0,1.0,1.0,0.0,0.0,2.0,1.0,1.0,1.0,1.0,2.0,1.0,0.0,0.0,3.0,1.0,1.0,1.0,2.0,1.0,1.0,3.0,1.0,1.0,1.0,3.0,0.0
1218,4.0,4.0,1.0,1.0,3.0,0.0,4.0,3.0,3.0,0.0,1.0,0.0,2.0,1.0,2.0,0.0,0.0,0.0,3.0,2.0,1.0,2.0,0.0,1.0,0.0,0.0,1.0,1.0,0.0,0.0,0.0,3.0,1.0,1.0,1.0,0.0,1.0,3.0,1.0,2.0,0.0,0.0,0.0,3.0,2.0
1219,3.0,1.0,1.0,5.0,4.0,3.0,0.0,3.0,5.0,2.0,4.0,1.0,6.0,3.0,2.0,2.0,3.0,1.0,1.0,3.0,3.0,2.0,2.0,2.0,2.0,2.0,0.0,0.0,4.0,2.0,2.0,1.0,3.0,3.0,0.0,5.0,4.0,3.0,2.0,4.0,1.0,4.0,3.0,3.0,1.0
1220,3.0,1.0,1.0,5.0,4.0,4.0,0.0,3.0,5.0,3.0,3.0,3.0,8.0,4.0,3.0,4.0,3.0,3.0,2.0,3.0,3.0,2.0,3.0,2.0,4.0,3.0,2.0,1.0,6.0,2.0,2.0,1.0,6.0,3.0,1.0,6.0,5.0,4.0,3.0,4.0,3.0,5.0,3.0,3.0,1.0
1221,2.0,3.0,1.0,1.0,1.0,0.0,4.0,3.0,3.0,0.0,1.0,0.0,2.0,1.0,2.0,0.0,0.0,0.0,2.0,2.0,1.0,2.0,0.0,1.0,0.0,0.0,1.0,1.0,0.0,0.0,0.0,2.0,1.0,1.0,1.0,0.0,1.0,2.0,1.0,2.0,0.0,0.0,0.0,3.0,2.0
1222,1.0,0.0,0.0,2.0,1.0,2.0,0.0,0.0,1.0,0.0,2.0,0.0,0.0,2.0,1.0,0.0,1.0,0.0,0.0,1.0,1.0,0.0,0.0,2.0,0.0,0.0,0.0,0.0,0.0,1.0,0.0,0.0,0.0,2.0,0.0,3.0,0.0,0.0,1.0,2.0,0.0,0.0,1.0,3.0,0.0
1223,1.0,0.0,0.0,2.0,1.0,4.0,0.0,0.0,1.0,1.0,2.0,1.0,2.0,2.0,1.0,1.0,1.0,2.0,1.0,1.0,1.0,0.0,0.0,2.0,2.0,0.0,1.0,1.0,2.0,1.0,0.0,0.0,3.0,2.0,1.0,3.0,1.0,1.0,1.0,2.0,1.0,1.0,1.0,3.0,0.0
1224,3.0,2.0,1.0,1.0,0.0,0.0,1.0,0.0,1.0,0.0,1.0,0.0,2.0,1.0,1.0,0.0,0.0,0.0,3.0,2.0,1.0,1.0,0.0,1.0,0.0,0.0,0.0,3.0,3.0,0.0,1.0,0.0,1.0,1.0,2.0,0.0,1.0,1.0,1.0,4.0,0.0,0.0,0.0,1.0,2.0
1225,3.0,1.0,1.0,5.0,4.0,3.0,0.0,3.0,5.0,2.0,4.0,1.0,6.0,3.0,2.0,2.0,3.0,1.0,1.0,3.0,3.0,2.0,2.0,2.0,2.0,2.0,0.0,0.0,4.0,2.0,2.0,1.0,2.0,3.0,0.0,5.0,4.0,3.0,2.0,4.0,1.0,4.0,3.0,3.0,1.0
1226,3.0,1.0,1.0,5.0,4.0,3.0,1.0,3.0,5.0,3.0,3.0,3.0,6.0,3.0,2.0,5.0,3.0,2.0,2.0,3.0,3.0,2.0,3.0,2.0,4.0,3.0,2.0,1.0,6.0,2.0,2.0,1.0,5.0,3.0,1.0,6.0,5.0,4.0,3.0,4.0,3.0,3.0,3.0,3.0,1.0
1227,1.0,2.0,1.0,1.0,0.0,0.0,1.0,0.0,1.0,0.0,1.0,0.0,2.0,1.0,1.0,0.0,0.0,0.0,2.0,2.0,1.0,1.0,0.0,1.0,0.0,0.0,0.0,3.0,2.0,0.0,1.0,0.0,1.0,1.0,2.0,0.0,1.0,1.0,1.0,3.0,0.0,0.0,0.0,1.0,2.0
1228,1.0,0.0,0.0,2.0,1.0,2.0,0.0,0.0,1.0,0.0,2.0,0.0,0.0,2.0,1.0,0.0,1.0,0.0,0.0,1.0,1.0,0.0,0.0,2.0,0.0,0.0,0.0,0.0,0.0,1.0,0.0,0.0,0.0,2.0,0.0,3.0,0.0,0.0,1.0,2.0,0.0,0.0,1.0,3.0,0.0
1229,1.0,0.0,0.0,2.0,1.0,3.0,1.0,0.0,1.0,1.0,2.0,1.0,0.0,2.0,1.0,1.0,1.0,2.0,1.0,1.0,1.0,0.0,0.0,2.0,1.0,1.0,1.0,1.0,2.0,1.0,0.0,0.0,3.0,2.0,1.0,3.0,1.0,1.0,1.0,2.0,1.0,1.0,1.0,3.0,0.0
1230,3.0,2.0,1.0,1.0,0.0,0.0,2.0,0.0,1.0,0.0,1.0,0.0,1.0,1.0,3.0,1.0,1.0,0.0,0.0,0.0,2.0,1.0,0.0,0.0,0.0,1.0,1.0,2.0,2.0,0.0,1.0,0.0,1.0,3.0,2.0,0.0,1.0,1.0,0.0,3.0,0.0,0.0,0.0,2.0,1.0
1231,3.0,1.0,1.0,5.0,4.0,3.0,0.0,3.0,5.0,2.0,4.0,1.0,5.0,2.0,1.0,2.0,3.0,1.0,1.0,3.0,3.0,2.0,2.0,2.0,2.0,2.0,0.0,0.0,4.0,2.0,2.0,1.0,2.0,3.0,0.0,4.0,4.0,3.0,2.0,4.0,1.0,4.0,3.0,1.0,1.0
1232,3.0,1.0,1.0,5.0,4.0,1.0,1.0,3.0,5.0,2.0,3.0,3.0,5.0,2.0,1.0,5.0,3.0,1.0,3.0,3.0,3.0,2.0,3.0,2.0,4.0,3.0,2.0,0.0,7.0,2.0,2.0,1.0,5.0,3.0,1.0,5.0,4.0,3.0,2.0,4.0,3.0,4.0,3.0,1.0,1.0
1233,1.0,2.0,1.0,1.0,0.0,0.0,2.0,0.0,1.0,0.0,1.0,0.0,1.0,1.0,2.0,1.0,1.0,0.0,0.0,0.0,2.0,1.0,0.0,0.0,0.0,1.0,1.0,3.0,2.0,0.0,1.0,0.0,1.0,0.0,1.0,0.0,1.0,1.0,0.0,2.0,0.0,0.0,0.0,2.0,1.0
1234,1.0,0.0,0.0,2.0,1.0,2.0,0.0,0.0,1.0,0.0,2.0,0.0,0.0,1.0,1.0,0.0,1.0,0.0,0.0,1.0,1.0,0.0,0.0,2.0,0.0,0.0,0.0,0.0,0.0,1.0,0.0,0.0,0.0,1.0,0.0,2.0,0.0,0.0,1.0,2.0,0.0,0.0,1.0,1.0,0.0
1235,1.0,0.0,0.0,2.0,1.0,1.0,1.0,0.0,1.0,1.0,2.0,1.0,0.0,1.0,1.0,1.0,1.0,1.0,2.0,1.0,1.0,0.0,0.0,2.0,1.0,1.0,1.0,1.0,2.0,1.0,0.0,0.0,3.0,1.0,1.0,2.0,0.0,0.0,2.0,2.0,1.0,1.0,1.0,1.0,0.0
1236,3.0,1.0,1.0,1.0,0.0,0.0,0.0,1.0,1.0,0.0,1.0,0.0,0.0,0.0,1.0,0.0,0.0,0.0,2.0,1.0,1.0,1.0,0.0,0.0,0.0,1.0,1.0,1.0,0.0,0.0,0.0,2.0,0.0,1.0,1.0,0.0,1.0,1.0,1.0,1.0,0.0,0.0,0.0,1.0,1.0
1237,3.0,1.0,1.0,3.0,5.0,3.0,0.0,3.0,5.0,2.0,4.0,1.0,5.0,2.0,1.0,2.0,3.0,1.0,1.0,3.0,3.0,2.0,2.0,2.0,2.0,2.0,0.0,0.0,4.0,2.0,2.0,1.0,2.0,2.0,0.0,3.0,5.0,3.0,2.0,4.0,1.0,4.0,3.0,1.0,1.0
1238,3.0,1.0,1.0,3.0,5.0,1.0,1.0,3.0,5.0,0.0,2.0,2.0,6.0,2.0,1.0,5.0,3.0,1.0,3.0,3.0,3.0,2.0,1.0,2.0,4.0,3.0,2.0,0.0,4.0,2.0,2.0,1.0,5.0,2.0,0.0,0.0,1.0,3.0,2.0,4.0,3.0,4.0,3.0,1.0,1.0
1239,1.0,1.0,1.0,1.0,0.0,0.0,0.0,1.0,1.0,0.0,1.0,0.0,0.0,0.0,1.0,0.0,0.0,0.0,2.0,1.0,1.0,1.0,0.0,0.0,0.0,1.0,1.0,1.0,0.0,0.0,0.0,1.0,1.0,1.0,1.0,0.0,1.0,1.0,1.0,1.0,0.0,0.0,0.0,2.0,1.0
1240,1.0,0.0,0.0,2.0,1.0,2.0,0.0,0.0,1.0,0.0,2.0,0.0,0.0,1.0,1.0,0.0,1.0,0.0,0.0,1.0,1.0,0.0,0.0,2.0,0.0,0.0,0.0,0.0,0.0,1.0,0.0,0.0,0.0,1.0,0.0,1.0,1.0,0.0,1.0,2.0,0.0,0.0,1.0,1.0,0.0
1241,1.0,0.0,0.0,2.0,1.0,1.0,1.0,0.0,1.0,0.0,1.0,0.0,1.0,1.0,1.0,1.0,1.0,1.0,2.0,1.0,1.0,0.0,0.0,2.0,1.0,1.0,1.0,1.0,2.0,1.0,0.0,0.0,3.0,1.0,0.0,0.0,1.0,0.0,2.0,2.0,1.0,1.0,1.0,1.0,0.0
1242,5.0,7.0,2.0,1.0,7.0,4.0,10.0,10.0,6.0,3.0,3.0,7.0,10.0,6.0,5.0,5.0,7.0,3.0,5.0,6.0,2.0,6.0,5.0,1.0,0.0,0.0,5.0,7.0,5.0,5.0,5.0,2.0,6.0,6.0,5.0,0.0,3.0,8.0,6.0,9.0,4.0,4.0,5.0,2.0,4.0
1243,3.0,1.0,1.0,5.0,4.0,3.0,0.0,3.0,4.0,3.0,4.0,1.0,6.0,3.0,2.0,2.0,3.0,1.0,1.0,3.0,3.0,2.0,2.0,2.0,2.0,2.0,0.0,0.0,4.0,2.0,2.0,1.0,3.0,3.0,0.0,5.0,4.0,3.0,2.0,4.0,1.0,4.0,3.0,3.0,1.0
1244,3.0,1.0,2.0,5.0,4.0,5.0,0.0,3.0,5.0,4.0,4.0,4.0,6.0,4.0,3.0,4.0,3.0,3.0,2.0,3.0,3.0,2.0,3.0,2.0,4.0,4.0,1.0,2.0,6.0,2.0,2.0,1.0,6.0,3.0,1.0,6.0,5.0,4.0,3.0,4.0,3.0,5.0,3.0,3.0,1.0
1245,3.0,6.0,2.0,1.0,5.0,4.0,10.0,8.0,5.0,4.0,3.0,6.0,8.0,6.0,5.0,4.0,6.0,3.0,4.0,6.0,2.0,5.0,6.0,1.0,0.0,0.0,5.0,6.0,3.0,5.0,4.0,1.0,4.0,5.0,5.0,0.0,3.0,7.0,5.0,7.0,4.0,3.0,3.0,2.0,4.0
1246,1.0,0.0,0.0,2.0,1.0,2.0,0.0,0.0,0.0,1.0,2.0,0.0,0.0,2.0,1.0,0.0,1.0,0.0,0.0,1.0,1.0,0.0,0.0,2.0,0.0,0.0,0.0,0.0,0.0,1.0,0.0,0.0,0.0,2.0,0.0,3.0,0.0,0.0,1.0,2.0,0.0,0.0,1.0,3.0,0.0
1247,1.0,0.0,1.0,2.0,1.0,5.0,0.0,0.0,0.0,2.0,2.0,2.0,1.0,2.0,1.0,1.0,1.0,2.0,1.0,1.0,1.0,0.0,0.0,2.0,2.0,1.0,0.0,1.0,2.0,1.0,0.0,0.0,3.0,2.0,1.0,3.0,1.0,1.0,1.0,2.0,1.0,1.0,1.0,3.0,0.0
1248,4.0,5.0,2.0,1.0,3.0,0.0,6.0,7.0,4.0,4.0,3.0,7.0,6.0,3.0,3.0,4.0,6.0,4.0,1.0,2.0,2.0,4.0,2.0,1.0,0.0,0.0,4.0,4.0,3.0,3.0,4.0,1.0,3.0,4.0,3.0,0.0,2.0,3.0,4.0,4.0,0.0,0.0,0.0,4.0,4.0
1249,3.0,1.0,1.0,4.0,5.0,3.0,0.0,3.0,4.0,3.0,4.0,1.0,4.0,4.0,2.0,2.0,3.0,1.0,1.0,3.0,3.0,2.0,2.0,2.0,2.0,2.0,0.0,0.0,4.0,2.0,2.0,1.0,2.0,3.0,0.0,4.0,5.0,3.0,2.0,3.0,1.0,4.0,2.0,1.0,1.0
1250,3.0,1.0,1.0,4.0,5.0,4.0,0.0,3.0,4.0,4.0,3.0,3.0,4.0,4.0,2.0,5.0,3.0,3.0,2.0,3.0,3.0,2.0,3.0,2.0,4.0,3.0,2.0,1.0,6.0,2.0,2.0,1.0,5.0,3.0,1.0,5.0,6.0,4.0,3.0,3.0,3.0,4.0,2.0,1.0,1.0
1251,2.0,4.0,2.0,1.0,2.0,0.0,6.0,5.0,4.0,0.0,3.0,6.0,5.0,3.0,3.0,3.0,5.0,3.0,1.0,2.0,2.0,3.0,2.0,1.0,0.0,0.0,4.0,4.0,2.0,3.0,4.0,1.0,3.0,3.0,3.0,0.0,2.0,3.0,4.0,4.0,0.0,0.0,0.0,4.0,4.0
1252,1.0,0.0,0.0,2.0,1.0,2.0,0.0,0.0,0.0,1.0,2.0,0.0,0.0,2.0,1.0,0.0,1.0,0.0,0.0,1.0,1.0,0.0,0.0,2.0,0.0,0.0,0.0,0.0,0.0,1.0,0.0,0.0,0.0,2.0,0.0,2.0,1.0,0.0,1.0,2.0,0.0,0.0,1.0,1.0,0.0
1253,1.0,0.0,0.0,2.0,1.0,4.0,0.0,0.0,0.0,2.0,2.0,1.0,0.0,2.0,1.0,1.0,1.0,2.0,1.0,1.0,1.0,0.0,0.0,2.0,2.0,0.0,1.0,1.0,2.0,1.0,0.0,0.0,3.0,2.0,1.0,2.0,2.0,1.0,1.0,2.0,1.0,1.0,1.0,1.0,0.0
1254,3.0,3.0,1.0,1.0,1.0,0.0,4.0,3.0,2.0,1.0,1.0,3.0,4.0,4.0,2.0,1.0,4.0,1.0,1.0,1.0,2.0,2.0,4.0,1.0,0.0,0.0,1.0,2.0,0.0,0.0,1.0,0.0,3.0,3.0,2.0,0.0,2.0,2.0,3.0,4.0,0.0,0.0,0.0,3.0,3.0
1255,3.0,1.0,1.0,4.0,5.0,3.0,0.0,3.0,4.0,3.0,3.0,1.0,4.0,3.0,1.0,2.0,3.0,1.0,1.0,3.0,3.0,2.0,2.0,2.0,2.0,2.0,0.0,0.0,4.0,2.0,2.0,1.0,2.0,2.0,0.0,3.0,5.0,3.0,2.0,2.0,1.0,4.0,2.0,1.0,1.0
1256,3.0,1.0,1.0,4.0,5.0,1.0,1.0,3.0,4.0,4.0,3.0,3.0,4.0,3.0,1.0,4.0,3.0,2.0,2.0,3.0,3.0,2.0,3.0,2.0,4.0,3.0,2.0,1.0,6.0,2.0,2.0,1.0,5.0,2.0,1.0,3.0,5.0,4.0,2.0,2.0,2.0,4.0,2.0,1.0,1.0
1257,1.0,3.0,1.0,1.0,1.0,0.0,4.0,3.0,2.0,1.0,1.0,2.0,3.0,3.0,2.0,1.0,3.0,1.0,1.0,1.0,2.0,2.0,4.0,1.0,0.0,0.0,1.0,2.0,0.0,0.0,1.0,0.0,3.0,2.0,2.0,0.0,2.0,2.0,3.0,4.0,0.0,0.0,0.0,3.0,3.0
1258,1.0,0.0,0.0,2.0,1.0,2.0,0.0,0.0,0.0,1.0,2.0,0.0,0.0,1.0,1.0,0.0,1.0,0.0,0.0,1.0,1.0,0.0,0.0,2.0,0.0,0.0,0.0,0.0,0.0,1.0,0.0,0.0,0.0,1.0,0.0,1.0,1.0,0.0,1.0,2.0,0.0,0.0,1.0,1.0,0.0
1259,1.0,0.0,0.0,2.0,1.0,1.0,1.0,0.0,0.0,2.0,2.0,1.0,0.0,1.0,1.0,1.0,1.0,2.0,1.0,1.0,1.0,0.0,0.0,2.0,1.0,1.0,1.0,1.0,2.0,1.0,0.0,0.0,3.0,1.0,1.0,1.0,2.0,1.0,1.0,2.0,1.0,1.0,1.0,1.0,0.0
1260,4.0,5.0,2.0,2.0,9.0,8.0,7.0,8.0,6.0,3.0,3.0,7.0,9.0,5.0,9.0,4.0,6.0,3.0,4.0,5.0,2.0,6.0,5.0,1.0,0.0,0.0,7.0,9.0,10.0,5.0,5.0,2.0,6.0,7.0,12.0,7.0,8.0,10.0,8.0,11.0,11.0,6.0,7.0,4.0,4.0
1261,3.0,1.0,2.0,4.0,4.0,2.0,0.0,3.0,4.0,1.0,4.0,1.0,5.0,2.0,1.0,2.0,3.0,1.0,1.0,2.0,4.0,2.0,2.0,2.0,1.0,2.0,0.0,0.0,4.0,1.0,2.0,1.0,2.0,2.0,0.0,5.0,4.0,3.0,1.0,4.0,1.0,4.0,3.0,3.0,1.0
1262,3.0,1.0,3.0,5.0,4.0,4.0,0.0,3.0,5.0,3.0,4.0,3.0,5.0,4.0,3.0,3.0,3.0,2.0,1.0,3.0,4.0,2.0,3.0,2.0,2.0,3.0,0.0,2.0,6.0,2.0,2.0,1.0,4.0,3.0,1.0,6.0,5.0,4.0,3.0,5.0,3.0,5.0,3.0,3.0,1.0
1263,2.0,5.0,2.0,1.0,6.0,8.0,7.0,6.0,5.0,4.0,3.0,6.0,8.0,5.0,8.0,4.0,5.0,3.0,3.0,5.0,2.0,5.0,5.0,1.0,0.0,0.0,7.0,8.0,7.0,5.0,4.0,2.0,4.0,7.0,10.0,6.0,4.0,8.0,7.0,9.0,9.0,4.0,5.0,4.0,4.0
1264,1.0,0.0,1.0,1.0,1.0,2.0,0.0,0.0,1.0,0.0,2.0,0.0,0.0,1.0,0.0,0.0,1.0,0.0,0.0,1.0,1.0,0.0,0.0,2.0,0.0,0.0,0.0,0.0,0.0,0.0,0.0,0.0,0.0,1.0,0.0,3.0,0.0,0.0,0.0,2.0,0.0,0.0,1.0,3.0,0.0
1265,1.0,0.0,2.0,2.0,1.0,4.0,0.0,0.0,1.0,1.0,2.0,2.0,1.0,2.0,1.0,1.0,1.0,1.0,0.0,1.0,1.0,0.0,0.0,2.0,1.0,0.0,0.0,1.0,2.0,1.0,0.0,0.0,2.0,2.0,1.0,3.0,1.0,1.0,1.0,3.0,1.0,1.0,1.0,3.0,0.0
1266,4.0,4.0,2.0,1.0,5.0,0.0,6.0,4.0,4.0,3.0,3.0,3.0,4.0,3.0,6.0,6.0,4.0,1.0,1.0,1.0,2.0,4.0,2.0,1.0,0.0,0.0,5.0,6.0,5.0,3.0,4.0,2.0,4.0,4.0,4.0,0.0,4.0,5.0,4.0,10.0,7.0,6.0,5.0,3.0,4.0
1267,3.0,1.0,1.0,4.0,5.0,2.0,0.0,3.0,2.0,2.0,4.0,1.0,4.0,4.0,1.0,2.0,3.0,1.0,1.0,2.0,2.0,2.0,2.0,2.0,1.0,2.0,0.0,0.0,4.0,1.0,2.0,1.0,1.0,3.0,0.0,4.0,5.0,3.0,1.0,4.0,1.0,4.0,3.0,3.0,1.0
1268,3.0,1.0,2.0,4.0,5.0,4.0,0.0,3.0,3.0,4.0,3.0,1.0,5.0,5.0,3.0,3.0,3.0,2.0,1.0,3.0,2.0,2.0,3.0,2.0,2.0,3.0,0.0,1.0,6.0,2.0,2.0,1.0,2.0,3.0,1.0,5.0,5.0,4.0,3.0,5.0,3.0,5.0,3.0,3.0,1.0
1269,2.0,3.0,2.0,1.0,4.0,0.0,6.0,4.0,4.0,4.0,3.0,3.0,4.0,3.0,4.0,5.0,3.0,1.0,1.0,1.0,2.0,3.0,2.0,1.0,0.0,0.0,5.0,5.0,3.0,3.0,4.0,1.0,3.0,4.0,4.0,0.0,2.0,5.0,4.0,8.0,7.0,4.0,3.0,3.0,4.0
1270,1.0,0.0,0.0,2.0,1.0,2.0,0.0,0.0,0.0,1.0,2.0,0.0,0.0,1.0,0.0,0.0,1.0,0.0,0.0,1.0,1.0,0.0,0.0,2.0,0.0,0.0,0.0,0.0,0.0,0.0,0.0,0.0,0.0,1.0,0.0,2.0,1.0,0.0,0.0,2.0,0.0,0.0,1.0,3.0,0.0
1271,1.0,0.0,1.0,2.0,1.0,4.0,0.0,0.0,0.0,2.0,2.0,1.0,0.0,2.0,2.0,1.0,1.0,1.0,0.0,1.0,1.0,0.0,0.0,2.0,1.0,0.0,0.0,1.0,2.0,1.0,0.0,0.0,1.0,2.0,1.0,2.0,1.0,1.0,1.0,3.0,1.0,1.0,1.0,3.0,0.0
1272,3.0,3.0,2.0,1.0,5.0,0.0,4.0,1.0,2.0,1.0,1.0,3.0,3.0,4.0,3.0,1.0,3.0,3.0,1.0,1.0,1.0,3.0,3.0,1.0,0.0,0.0,3.0,7.0,5.0,0.0,1.0,1.0,3.0,3.0,4.0,0.0,2.0,3.0,3.0,10.0,4.0,5.0,3.0,2.0,4.0
1273,3.0,0.0,1.0,4.0,5.0,2.0,0.0,3.0,2.0,2.0,3.0,1.0,4.0,4.0,1.0,2.0,3.0,1.0,1.0,2.0,2.0,2.0,2.0,2.0,1.0,1.0,0.0,0.0,4.0,1.0,2.0,1.0,1.0,3.0,0.0,3.0,5.0,3.0,1.0,4.0,1.0,4.0,2.0,3.0,1.0
1274,3.0,0.0,1.0,4.0,5.0,2.0,0.0,3.0,3.0,4.0,3.0,1.0,5.0,4.0,2.0,4.0,3.0,1.0,1.0,2.0,2.0,2.0,3.0,2.0,2.0,2.0,0.0,1.0,6.0,2.0,2.0,1.0,2.0,3.0,1.0,4.0,5.0,4.0,3.0,5.0,3.0,5.0,2.0,3.0,1.0
1275,1.0,3.0,2.0,1.0,3.0,0.0,4.0,1.0,2.0,1.0,1.0,2.0,3.0,3.0,3.0,1.0,2.0,3.0,1.0,1.0,1.0,3.0,2.0,1.0,0.0,0.0,3.0,5.0,2.0,2.0,3.0,1.0,3.0,2.0,4.0,0.0,2.0,3.0,3.0,8.0,4.0,3.0,2.0,2.0,4.0
1276,1.0,0.0,0.0,2.0,1.0,2.0,0.0,0.0,0.0,1.0,2.0,0.0,0.0,1.0,0.0,0.0,1.0,0.0,0.0,1.0,1.0,0.0,0.0,2.0,0.0,0.0,0.0,0.0,0.0,0.0,0.0,0.0,0.0,1.0,0.0,1.0,1.0,0.0,0.0,2.0,0.0,0.0,1.0,3.0,0.0
1277,1.0,0.0,0.0,2.0,1.0,2.0,0.0,0.0,0.0,2.0,2.0,0.0,1.0,2.0,2.0,1.0,1.0,1.0,0.0,1.0,1.0,0.0,0.0,2.0,0.0,1.0,0.0,1.0,2.0,1.0,0.0,0.0,1.0,1.0,1.0,1.0,1.0,1.0,1.0,3.0,1.0,1.0,1.0,3.0,0.0
1278,4.0,4.0,1.0,2.0,1.0,0.0,1.0,0.0,4.0,0.0,1.0,3.0,2.0,2.0,3.0,0.0,0.0,0.0,3.0,2.0,1.0,1.0,0.0,1.0,0.0,0.0,1.0,1.0,0.0,0.0,0.0,3.0,3.0,1.0,1.0,0.0,1.0,3.0,1.0,2.0,0.0,0.0,0.0,3.0,2.0
1279,3.0,1.0,1.0,5.0,4.0,2.0,0.0,3.0,4.0,1.0,4.0,1.0,6.0,2.0,1.0,2.0,3.0,1.0,1.0,2.0,3.0,2.0,2.0,2.0,1.0,2.0,0.0,0.0,4.0,1.0,2.0,1.0,2.0,2.0,0.0,5.0,4.0,3.0,1.0,4.0,1.0,4.0,3.0,3.0,1.0
1280,3.0,1.0,1.0,5.0,4.0,4.0,0.0,3.0,5.0,3.0,3.0,2.0,7.0,4.0,2.0,4.0,3.0,2.0,1.0,3.0,3.0,2.0,3.0,2.0,2.0,3.0,0.0,1.0,6.0,2.0,2.0,1.0,3.0,3.0,1.0,6.0,5.0,4.0,3.0,4.0,3.0,5.0,3.0,3.0,1.0
1281,2.0,3.0,1.0,1.0,1.0,0.0,1.0,0.0,1.0,0.0,1.0,2.0,2.0,2.0,3.0,0.0,0.0,0.0,2.0,2.0,1.0,1.0,0.0,1.0,0.0,0.0,1.0,1.0,0.0,0.0,0.0,2.0,1.0,1.0,1.0,0.0,1.0,2.0,1.0,2.0,0.0,0.0,0.0,3.0,2.0
1282,1.0,0.0,0.0,2.0,1.0,2.0,0.0,0.0,1.0,0.0,2.0,0.0,0.0,1.0,0.0,0.0,1.0,0.0,0.0,1.0,1.0,0.0,0.0,2.0,0.0,0.0,0.0,0.0,0.0,0.0,0.0,0.0,0.0,1.0,0.0,3.0,0.0,0.0,0.0,2.0,0.0,0.0,1.0,3.0,0.0
1283,1.0,0.0,0.0,2.0,1.0,4.0,0.0,0.0,1.0,1.0,2.0,1.0,1.0,2.0,1.0,1.0,1.0,1.0,0.0,1.0,1.0,0.0,0.0,2.0,1.0,0.0,0.0,1.0,2.0,1.0,0.0,0.0,1.0,2.0,1.0,3.0,1.0,1.0,1.0,2.0,1.0,1.0,1.0,3.0,0.0
1284,3.0,2.0,1.0,2.0,0.0,0.0,3.0,0.0,1.0,0.0,1.0,0.0,2.0,1.0,1.0,0.0,0.0,0.0,3.0,2.0,0.0,2.0,0.0,1.0,0.0,0.0,0.0,3.0,3.0,0.0,1.0,0.0,1.0,1.0,2.0,0.0,1.0,1.0,1.0,1.0,0.0,0.0,0.0,2.0,2.0
1285,3.0,1.0,1.0,5.0,4.0,2.0,0.0,3.0,4.0,1.0,4.0,1.0,6.0,2.0,1.0,2.0,3.0,1.0,1.0,2.0,3.0,2.0,2.0,2.0,1.0,2.0,0.0,0.0,4.0,1.0,2.0,1.0,1.0,3.0,0.0,5.0,4.0,3.0,1.0,4.0,1.0,4.0,3.0,3.0,1.0
1286,3.0,1.0,1.0,5.0,4.0,3.0,1.0,3.0,5.0,3.0,3.0,2.0,6.0,3.0,2.0,4.0,3.0,2.0,1.0,3.0,3.0,2.0,3.0,2.0,2.0,3.0,0.0,1.0,6.0,2.0,2.0,1.0,2.0,3.0,1.0,6.0,5.0,4.0,3.0,4.0,3.0,4.0,3.0,3.0,1.0
1287,1.0,2.0,1.0,1.0,0.0,0.0,3.0,0.0,1.0,0.0,1.0,0.0,2.0,1.0,1.0,0.0,0.0,0.0,2.0,2.0,0.0,2.0,0.0,1.0,0.0,0.0,0.0,3.0,2.0,0.0,1.0,0.0,1.0,1.0,2.0,0.0,1.0,1.0,1.0,1.0,0.0,0.0,0.0,2.0,2.0
1288,1.0,0.0,0.0,2.0,1.0,2.0,0.0,0.0,1.0,0.0,2.0,0.0,0.0,1.0,0.0,0.0,1.0,0.0,0.0,1.0,1.0,0.0,0.0,2.0,0.0,0.0,0.0,0.0,0.0,0.0,0.0,0.0,0.0,1.0,0.0,3.0,0.0,0.0,0.0,2.0,0.0,0.0,1.0,3.0,0.0
1289,1.0,0.0,0.0,2.0,1.0,3.0,1.0,0.0,1.0,1.0,2.0,1.0,0.0,2.0,1.0,1.0,1.0,1.0,0.0,1.0,1.0,0.0,0.0,2.0,0.0,1.0,0.0,1.0,2.0,1.0,0.0,0.0,1.0,2.0,1.0,3.0,1.0,1.0,1.0,2.0,1.0,1.0,1.0,3.0,0.0
1290,3.0,2.0,1.0,2.0,0.0,0.0,1.0,0.0,0.0,0.0,1.0,0.0,1.0,1.0,3.0,1.0,1.0,0.0,0.0,0.0,2.0,1.0,0.0,0.0,0.0,1.0,1.0,2.0,2.0,0.0,1.0,0.0,0.0,1.0,1.0,0.0,1.0,1.0,0.0,3.0,0.0,0.0,0.0,2.0,1.0
1291,3.0,1.0,1.0,5.0,4.0,2.0,0.0,3.0,3.0,1.0,4.0,1.0,5.0,1.0,1.0,2.0,3.0,1.0,1.0,2.0,3.0,2.0,2.0,2.0,1.0,2.0,0.0,0.0,4.0,1.0,2.0,1.0,1.0,3.0,0.0,3.0,5.0,3.0,1.0,4.0,1.0,4.0,3.0,1.0,1.0
1292,3.0,1.0,1.0,5.0,4.0,1.0,1.0,3.0,4.0,2.0,3.0,1.0,5.0,2.0,1.0,4.0,3.0,1.0,1.0,3.0,3.0,2.0,3.0,2.0,2.0,3.0,0.0,0.0,7.0,2.0,2.0,1.0,2.0,3.0,1.0,4.0,5.0,3.0,2.0,4.0,3.0,4.0,3.0,1.0,1.0
1293,1.0,2.0,1.0,1.0,0.0,0.0,1.0,0.0,0.0,0.0,1.0,0.0,1.0,1.0,2.0,1.0,1.0,0.0,0.0,0.0,2.0,1.0,0.0,0.0,0.0,1.0,1.0,3.0,2.0,0.0,1.0,0.0,0.0,1.0,1.0,0.0,1.0,1.0,0.0,2.0,0.0,0.0,0.0,2.0,1.0
1294,1.0,0.0,0.0,2.0,1.0,2.0,0.0,0.0,1.0,0.0,2.0,0.0,0.0,0.0,1.0,0.0,1.0,0.0,0.0,1.0,1.0,0.0,0.0,2.0,0.0,0.0,0.0,0.0,0.0,0.0,0.0,0.0,0.0,1.0,0.0,1.0,1.0,0.0,0.0,2.0,0.0,0.0,1.0,1.0,0.0
1295,1.0,0.0,0.0,2.0,1.0,1.0,1.0,0.0,1.0,1.0,2.0,1.0,0.0,1.0,1.0,1.0,1.0,1.0,0.0,1.0,1.0,0.0,0.0,2.0,0.0,1.0,0.0,1.0,2.0,1.0,0.0,0.0,1.0,1.0,1.0,1.0,1.0,0.0,2.0,2.0,1.0,1.0,1.0,1.0,0.0
1296,3.0,1.0,1.0,1.0,1.0,0.0,0.0,1.0,0.0,0.0,1.0,0.0,0.0,0.0,1.0,0.0,0.0,0.0,2.0,1.0,1.0,1.0,0.0,0.0,0.0,1.0,1.0,1.0,0.0,0.0,0.0,2.0,0.0,1.0,1.0,0.0,1.0,0.0,1.0,1.0,0.0,0.0,0.0,1.0,1.0
1297,3.0,1.0,1.0,3.0,5.0,2.0,0.0,3.0,2.0,2.0,3.0,1.0,4.0,3.0,1.0,2.0,3.0,1.0,1.0,2.0,3.0,2.0,2.0,2.0,1.0,2.0,0.0,0.0,4.0,1.0,2.0,1.0,1.0,2.0,0.0,3.0,5.0,3.0,1.0,4.0,1.0,4.0,3.0,0.0,2.0
1298,3.0,1.0,1.0,3.0,5.0,1.0,1.0,3.0,3.0,1.0,2.0,1.0,4.0,3.0,1.0,4.0,3.0,0.0,2.0,3.0,3.0,2.0,1.0,2.0,2.0,3.0,0.0,0.0,4.0,2.0,2.0,1.0,2.0,2.0,0.0,0.0,1.0,3.0,2.0,4.0,3.0,4.0,3.0,0.0,2.0
1299,1.0,1.0,1.0,1.0,0.0,0.0,0.0,1.0,0.0,0.0,1.0,0.0,0.0,0.0,1.0,0.0,0.0,0.0,2.0,1.0,1.0,1.0,0.0,0.0,0.0,1.0,1.0,1.0,0.0,0.0,0.0,1.0,1.0,0.0,0.0,0.0,1.0,1.0,0.0,1.0,0.0,0.0,0.0,2.0,1.0
1300,1.0,0.0,0.0,2.0,1.0,2.0,0.0,0.0,0.0,1.0,2.0,0.0,0.0,0.0,1.0,0.0,1.0,0.0,0.0,1.0,1.0,0.0,0.0,2.0,0.0,0.0,0.0,0.0,0.0,0.0,0.0,0.0,0.0,1.0,0.0,1.0,1.0,0.0,0.0,2.0,0.0,0.0,1.0,0.0,1.0
1301,1.0,0.0,0.0,2.0,1.0,1.0,1.0,0.0,0.0,1.0,1.0,0.0,1.0,1.0,1.0,1.0,1.0,0.0,1.0,1.0,1.0,0.0,0.0,2.0,0.0,1.0,0.0,1.0,2.0,1.0,0.0,0.0,1.0,1.0,0.0,0.0,1.0,0.0,2.0,2.0,1.0,1.0,1.0,0.0,1.0
1302,5.0,7.0,2.0,2.0,8.0,4.0,10.0,10.0,6.0,3.0,3.0,7.0,10.0,6.0,5.0,4.0,7.0,3.0,5.0,6.0,2.0,6.0,5.0,1.0,0.0,0.0,5.0,7.0,5.0,5.0,5.0,2.0,6.0,6.0,5.0,0.0,3.0,8.0,6.0,9.0,4.0,4.0,5.0,2.0,4.0
1303,3.0,1.0,1.0,5.0,4.0,2.0,0.0,3.0,3.0,2.0,4.0,1.0,6.0,2.0,1.0,2.0,3.0,1.0,1.0,2.0,3.0,2.0,2.0,2.0,1.0,2.0,0.0,0.0,4.0,1.0,2.0,1.0,2.0,2.0,0.0,5.0,4.0,3.0,1.0,4.0,1.0,4.0,3.0,3.0,1.0
1304,3.0,1.0,2.0,5.0,4.0,5.0,0.0,3.0,5.0,4.0,4.0,3.0,6.0,4.0,3.0,3.0,3.0,2.0,1.0,3.0,3.0,2.0,3.0,2.0,3.0,3.0,0.0,1.0,6.0,2.0,2.0,1.0,5.0,3.0,1.0,6.0,5.0,4.0,3.0,4.0,3.0,5.0,3.0,3.0,1.0
1305,3.0,6.0,2.0,1.0,6.0,4.0,10.0,8.0,5.0,4.0,3.0,6.0,8.0,6.0,5.0,4.0,6.0,3.0,4.0,6.0,2.0,5.0,6.0,1.0,0.0,0.0,5.0,6.0,3.0,5.0,4.0,1.0,4.0,5.0,5.0,0.0,3.0,7.0,5.0,7.0,4.0,3.0,3.0,2.0,4.0
1306,1.0,0.0,0.0,2.0,1.0,2.0,0.0,0.0,0.0,1.0,2.0,0.0,0.0,1.0,0.0,0.0,1.0,0.0,0.0,1.0,1.0,0.0,0.0,2.0,0.0,0.0,0.0,0.0,0.0,0.0,0.0,0.0,0.0,1.0,0.0,3.0,0.0,0.0,0.0,2.0,0.0,0.0,1.0,3.0,0.0
1307,1.0,0.0,1.0,2.0,1.0,5.0,0.0,0.0,0.0,2.0,2.0,2.0,1.0,2.0,1.0,1.0,1.0,1.0,0.0,1.0,1.0,0.0,0.0,2.0,1.0,0.0,0.0,1.0,2.0,1.0,0.0,0.0,3.0,2.0,1.0,3.0,1.0,1.0,1.0,2.0,1.0,1.0,1.0,3.0,0.0
1308,4.0,5.0,2.0,1.0,8.0,2.0,6.0,7.0,4.0,4.0,3.0,7.0,6.0,3.0,3.0,3.0,6.0,4.0,1.0,2.0,2.0,4.0,2.0,1.0,0.0,0.0,3.0,5.0,3.0,3.0,4.0,1.0,3.0,4.0,3.0,0.0,2.0,3.0,4.0,4.0,0.0,0.0,0.0,4.0,4.0
1309,3.0,1.0,1.0,4.0,5.0,2.0,0.0,3.0,3.0,2.0,4.0,1.0,4.0,4.0,1.0,2.0,3.0,1.0,1.0,2.0,3.0,2.0,2.0,2.0,1.0,2.0,0.0,0.0,4.0,1.0,2.0,1.0,1.0,3.0,0.0,4.0,5.0,3.0,1.0,3.0,1.0,4.0,2.0,1.0,1.0
1310,3.0,1.0,1.0,4.0,5.0,4.0,0.0,3.0,4.0,4.0,3.0,1.0,5.0,4.0,2.0,4.0,3.0,2.0,1.0,3.0,3.0,2.0,3.0,2.0,2.0,3.0,0.0,1.0,6.0,2.0,2.0,1.0,2.0,3.0,1.0,5.0,5.0,4.0,3.0,3.0,3.0,4.0,2.0,1.0,1.0
1311,2.0,4.0,2.0,1.0,5.0,2.0,6.0,5.0,4.0,0.0,3.0,6.0,5.0,3.0,3.0,3.0,5.0,3.0,1.0,2.0,2.0,3.0,2.0,1.0,0.0,0.0,4.0,4.0,2.0,3.0,4.0,1.0,3.0,3.0,3.0,0.0,2.0,3.0,4.0,4.0,0.0,0.0,0.0,4.0,4.0
1312,1.0,0.0,0.0,2.0,1.0,2.0,0.0,0.0,0.0,1.0,2.0,0.0,0.0,1.0,0.0,0.0,1.0,0.0,0.0,1.0,1.0,0.0,0.0,2.0,0.0,0.0,0.0,0.0,0.0,0.0,0.0,0.0,0.0,1.0,0.0,2.0,1.0,0.0,0.0,2.0,0.0,0.0,1.0,1.0,0.0
1313,1.0,0.0,0.0,2.0,1.0,4.0,0.0,0.0,0.0,2.0,2.0,1.0,0.0,2.0,1.0,1.0,1.0,1.0,0.0,1.0,1.0,0.0,0.0,2.0,1.0,0.0,0.0,1.0,2.0,1.0,0.0,0.0,1.0,2.0,1.0,2.0,1.0,1.0,1.0,2.0,1.0,1.0,1.0,1.0,0.0
1314,3.0,3.0,1.0,1.0,2.0,0.0,4.0,5.0,3.0,1.0,1.0,3.0,4.0,4.0,2.0,1.0,4.0,1.0,1.0,1.0,2.0,2.0,4.0,1.0,0.0,0.0,1.0,2.0,0.0,0.0,1.0,0.0,3.0,3.0,2.0,0.0,2.0,2.0,3.0,4.0,0.0,0.0,0.0,3.0,3.0
1315,3.0,1.0,1.0,4.0,5.0,2.0,0.0,3.0,2.0,2.0,3.0,1.0,4.0,3.0,1.0,2.0,3.0,1.0,1.0,2.0,3.0,2.0,2.0,2.0,1.0,2.0,0.0,0.0,4.0,1.0,2.0,1.0,1.0,2.0,0.0,3.0,5.0,3.0,1.0,2.0,1.0,4.0,2.0,1.0,1.0
1316,3.0,1.0,1.0,4.0,5.0,1.0,1.0,3.0,3.0,4.0,3.0,1.0,5.0,3.0,1.0,4.0,3.0,1.0,1.0,3.0,3.0,2.0,3.0,2.0,2.0,3.0,0.0,1.0,6.0,2.0,2.0,1.0,2.0,2.0,1.0,3.0,5.0,4.0,2.0,2.0,2.0,4.0,2.0,1.0,1.0
1317,1.0,3.0,1.0,1.0,1.0,0.0,4.0,3.0,3.0,1.0,1.0,2.0,3.0,3.0,2.0,1.0,3.0,1.0,1.0,1.0,2.0,2.0,4.0,1.0,0.0,0.0,1.0,2.0,0.0,0.0,1.0,0.0,3.0,2.0,2.0,0.0,2.0,2.0,3.0,4.0,0.0,0.0,0.0,3.0,3.0
1318,1.0,0.0,0.0,2.0,1.0,2.0,0.0,0.0,0.0,1.0,2.0,0.0,0.0,0.0,1.0,0.0,1.0,0.0,0.0,1.0,1.0,0.0,0.0,2.0,0.0,0.0,0.0,0.0,0.0,0.0,0.0,0.0,0.0,1.0,0.0,1.0,1.0,0.0,0.0,2.0,0.0,0.0,1.0,1.0,0.0
1319,1.0,0.0,0.0,2.0,1.0,1.0,1.0,0.0,0.0,2.0,2.0,1.0,0.0,1.0,1.0,1.0,1.0,1.0,0.0,1.0,1.0,0.0,0.0,2.0,0.0,1.0,0.0,1.0,2.0,1.0,0.0,0.0,1.0,1.0,1.0,1.0,1.0,1.0,1.0,2.0,1.0,1.0,1.0,1.0,0.0
1320,5.0,7.0,16.0,13.0,10.0,12.0,9.0,11.0,14.0,10.0,11.0,7.0,16.0,11.0,10.0,13.0,14.0,9.0,7.0,9.0,9.0,10.0,11.0,11.0,16.0,8.0,11.0,14.0,14.0,12.0,13.0,10.0,13.0,13.0,14.0,16.0,12.0,14.0,15.0,12.0,11.0,14.0,10.0,14.0,5.0
1321,5.0,6.0,16.0,13.0,10.0,11.0,9.0,11.0,14.0,10.0,10.0,7.0,16.0,11.0,10.0,13.0,14.0,11.0,7.0,10.0,10.0,10.0,11.0,9.0,16.0,8.0,11.0,13.0,13.0,12.0,12.0,10.0,13.0,13.0,14.0,15.0,12.0,14.0,14.0,12.0,11.0,14.0,10.0,14.0,5.0
1322,5.0,7.0,16.0,13.0,10.0,12.0,9.0,11.0,14.0,10.0,11.0,7.0,16.0,11.0,10.0,13.0,14.0,11.0,7.0,9.0,9.0,10.0,11.0,10.0,16.0,8.0,11.0,14.0,14.0,12.0,13.0,10.0,13.0,13.0,14.0,16.0,12.0,14.0,15.0,12.0,11.0,14.0,10.0,14.0,5.0
1323,3.0,6.0,12.0,9.0,7.0,11.0,9.0,8.0,8.0,7.0,9.0,6.0,11.0,8.0,9.0,10.0,10.0,8.0,6.0,7.0,6.0,9.0,8.0,11.0,11.0,6.0,8.0,12.0,11.0,11.0,10.0,9.0,10.0,12.0,12.0,12.0,8.0,11.0,12.0,10.0,9.0,10.0,8.0,13.0,4.0
1324,3.0,5.0,12.0,9.0,7.0,10.0,9.0,8.0,8.0,7.0,8.0,6.0,11.0,8.0,9.0,10.0,10.0,10.0,6.0,7.0,7.0,9.0,8.0,9.0,11.0,6.0,8.0,11.0,10.0,11.0,9.0,9.0,10.0,12.0,12.0,11.0,8.0,11.0,11.0,10.0,9.0,10.0,8.0,13.0,4.0
1325,3.0,6.0,12.0,9.0,7.0,11.0,9.0,8.0,8.0,7.0,9.0,6.0,11.0,8.0,9.0,10.0,10.0,10.0,6.0,7.0,6.0,9.0,8.0,10.0,11.0,6.0,8.0,12.0,11.0,11.0,10.0,9.0,10.0,12.0,12.0,12.0,8.0,11.0,12.0,10.0,9.0,10.0,8.0,13.0,4.0
1326,4.0,5.0,14.0,10.0,10.0,12.0,9.0,11.0,12.0,8.0,8.0,7.0,14.0,11.0,8.0,11.0,14.0,5.0,7.0,5.0,6.0,9.0,9.0,10.0,9.0,6.0,10.0,10.0,14.0,12.0,12.0,11.0,8.0,11.0,12.0,9.0,12.0,13.0,12.0,12.0,11.0,13.0,11.0,13.0,5.0
1327,4.0,4.0,14.0,10.0,10.0,11.0,9.0,11.0,12.0,8.0,7.0,7.0,14.0,11.0,8.0,11.0,14.0,8.0,6.0,6.0,8.0,9.0,9.0,8.0,9.0,6.0,10.0,10.0,13.0,12.0,11.0,11.0,8.0,11.0,12.0,12.0,12.0,13.0,12.0,12.0,10.0,13.0,11.0,13.0,5.0
1328,4.0,5.0,14.0,10.0,10.0,12.0,9.0,11.0,12.0,8.0,8.0,7.0,14.0,11.0,8.0,11.0,14.0,8.0,7.0,5.0,6.0,9.0,9.0,9.0,9.0,6.0,10.0,10.0,14.0,12.0,12.0,11.0,8.0,11.0,12.0,9.0,12.0,13.0,12.0,12.0,11.0,13.0,11.0,13.0,5.0
1329,2.0,4.0,11.0,8.0,8.0,11.0,9.0,8.0,6.0,7.0,8.0,6.0,10.0,8.0,7.0,10.0,10.0,4.0,7.0,5.0,6.0,8.0,7.0,10.0,8.0,5.0,7.0,8.0,11.0,11.0,9.0,10.0,7.0,10.0,11.0,7.0,9.0,10.0,10.0,10.0,10.0,10.0,8.0,12.0,4.0
1330,2.0,3.0,11.0,8.0,7.0,10.0,9.0,8.0,6.0,7.0,7.0,6.0,10.0,8.0,7.0,10.0,10.0,8.0,6.0,5.0,8.0,8.0,7.0,8.0,8.0,5.0,7.0,8.0,10.0,11.0,8.0,10.0,7.0,11.0,11.0,8.0,8.0,10.0,10.0,10.0,9.0,10.0,8.0,12.0,4.0
1331,2.0,4.0,11.0,8.0,8.0,11.0,9.0,8.0,6.0,7.0,8.0,6.0,10.0,8.0,7.0,10.0,10.0,8.0,7.0,5.0,6.0,8.0,7.0,9.0,8.0,5.0,7.0,8.0,11.0,11.0,9.0,10.0,7.0,10.0,11.0,7.0,9.0,10.0,10.0,10.0,10.0,10.0,8.0,12.0,4.0
1332,3.0,8.0,11.0,10.0,10.0,6.0,6.0,5.0,8.0,7.0,7.0,3.0,7.0,8.0,4.0,11.0,13.0,3.0,6.0,3.0,2.0,7.0,6.0,6.0,9.0,5.0,6.0,10.0,8.0,11.0,11.0,10.0,7.0,7.0,9.0,5.0,9.0,10.0,9.0,12.0,11.0,10.0,9.0,8.0,5.0
1333,3.0,8.0,11.0,10.0,10.0,5.0,6.0,5.0,8.0,7.0,6.0,3.0,7.0,8.0,6.0,8.0,13.0,8.0,6.0,5.0,7.0,7.0,6.0,7.0,5.0,5.0,6.0,10.0,11.0,11.0,11.0,10.0,7.0,7.0,9.0,8.0,8.0,10.0,9.0,12.0,10.0,10.0,9.0,8.0,4.0
1334,3.0,8.0,11.0,10.0,10.0,6.0,6.0,5.0,8.0,7.0,7.0,3.0,7.0,8.0,4.0,11.0,13.0,8.0,6.0,3.0,2.0,7.0,6.0,5.0,9.0,5.0,6.0,10.0,8.0,11.0,11.0,10.0,7.0,7.0,9.0,5.0,9.0,10.0,9.0,12.0,11.0,10.0,9.0,8.0,5.0
1335,1.0,8.0,10.0,7.0,7.0,6.0,6.0,5.0,5.0,7.0,7.0,3.0,5.0,6.0,4.0,9.0,8.0,3.0,5.0,3.0,2.0,6.0,6.0,6.0,8.0,3.0,5.0,8.0,7.0,11.0,8.0,9.0,7.0,6.0,9.0,3.0,7.0,8.0,10.0,10.0,10.0,8.0,7.0,7.0,4.0
1336,1.0,8.0,10.0,7.0,7.0,5.0,6.0,5.0,5.0,7.0,6.0,3.0,5.0,6.0,4.0,9.0,8.0,8.0,5.0,4.0,7.0,6.0,6.0,7.0,5.0,3.0,5.0,8.0,9.0,11.0,8.0,9.0,7.0,7.0,9.0,4.0,6.0,8.0,10.0,10.0,9.0,8.0,7.0,7.0,3.0
1337,1.0,8.0,10.0,7.0,7.0,6.0,6.0,5.0,5.0,7.0,7.0,3.0,5.0,6.0,4.0,9.0,8.0,8.0,5.0,3.0,2.0,6.0,6.0,5.0,8.0,3.0,5.0,8.0,7.0,11.0,8.0,9.0,7.0,6.0,9.0,3.0,7.0,8.0,10.0,10.0,10.0,8.0,7.0,7.0,4.0
1338,5.0,8.0,16.0,14.0,11.0,13.0,10.0,14.0,14.0,10.0,11.0,8.0,16.0,11.0,11.0,13.0,14.0,6.0,8.0,7.0,12.0,13.0,12.0,12.0,16.0,11.0,11.0,12.0,10.0,12.0,13.0,10.0,13.0,13.0,14.0,10.0,14.0,13.0,14.0,12.0,9.0,14.0,10.0,14.0,5.0
1339,5.0,8.0,16.0,14.0,11.0,13.0,10.0,14.0,14.0,10.0,10.0,8.0,16.0,11.0,11.0,13.0,14.0,11.0,8.0,9.0,12.0,12.0,12.0,10.0,16.0,11.0,11.0,11.0,13.0,12.0,12.0,10.0,13.0,13.0,14.0,15.0,14.0,13.0,15.0,12.0,10.0,14.0,10.0,14.0,5.0
1340,5.0,8.0,16.0,14.0,11.0,13.0,10.0,14.0,14.0,10.0,11.0,8.0,16.0,11.0,11.0,13.0,14.0,11.0,8.0,7.0,12.0,12.0,12.0,11.0,16.0,11.0,11.0,12.0,11.0,12.0,13.0,10.0,13.0,13.0,14.0,10.0,14.0,13.0,14.0,12.0,9.0,14.0,10.0,14.0,5.0
1341,3.0,7.0,12.0,10.0,8.0,12.0,10.0,11.0,8.0,7.0,9.0,7.0,10.0,8.0,9.0,10.0,10.0,5.0,7.0,7.0,9.0,11.0,9.0,12.0,11.0,8.0,8.0,10.0,8.0,11.0,10.0,9.0,10.0,12.0,12.0,8.0,10.0,10.0,11.0,10.0,8.0,11.0,8.0,13.0,4.0
1342,3.0,7.0,12.0,10.0,8.0,12.0,10.0,11.0,8.0,7.0,8.0,7.0,10.0,8.0,9.0,10.0,10.0,10.0,7.0,8.0,9.0,10.0,9.0,10.0,11.0,8.0,8.0,9.0,10.0,11.0,9.0,9.0,10.0,12.0,12.0,11.0,10.0,10.0,12.0,10.0,9.0,10.0,8.0,13.0,4.0
1343,3.0,7.0,12.0,10.0,8.0,12.0,10.0,11.0,8.0,7.0,9.0,7.0,10.0,8.0,9.0,10.0,10.0,10.0,7.0,7.0,9.0,10.0,9.0,11.0,11.0,8.0,8.0,10.0,8.0,11.0,10.0,9.0,10.0,12.0,12.0,8.0,10.0,10.0,11.0,10.0,8.0,11.0,8.0,13.0,4.0
1344,5.0,8.0,16.0,14.0,11.0,13.0,10.0,13.0,13.0,11.0,11.0,8.0,16.0,11.0,5.0,13.0,14.0,5.0,7.0,7.0,10.0,9.0,12.0,9.0,16.0,9.0,11.0,11.0,13.0,12.0,13.0,10.0,12.0,12.0,10.0,5.0,13.0,13.0,14.0,12.0,8.0,13.0,11.0,12.0,5.0
1345,5.0,8.0,16.0,14.0,11.0,13.0,10.0,13.0,13.0,11.0,10.0,8.0,16.0,11.0,10.0,13.0,14.0,11.0,8.0,9.0,10.0,9.0,12.0,10.0,16.0,9.0,11.0,11.0,12.0,12.0,12.0,10.0,12.0,12.0,10.0,10.0,13.0,13.0,15.0,12.0,8.0,13.0,11.0,12.0,5.0
1346,5.0,8.0,16.0,14.0,11.0,13.0,10.0,13.0,13.0,11.0,11.0,8.0,16.0,11.0,10.0,13.0,14.0,11.0,7.0,7.0,10.0,9.0,12.0,8.0,16.0,9.0,11.0,11.0,13.0,12.0,13.0,10.0,12.0,12.0,10.0,5.0,13.0,13.0,14.0,12.0,8.0,13.0,11.0,12.0,5.0
1347,3.0,7.0,12.0,10.0,8.0,12.0,10.0,10.0,7.0,8.0,9.0,7.0,10.0,8.0,5.0,10.0,10.0,4.0,6.0,7.0,9.0,8.0,9.0,9.0,11.0,7.0,8.0,9.0,11.0,11.0,10.0,9.0,10.0,12.0,9.0,3.0,9.0,10.0,11.0,10.0,7.0,11.0,8.0,11.0,4.0
1348,3.0,7.0,12.0,10.0,8.0,12.0,10.0,10.0,7.0,8.0,8.0,7.0,10.0,8.0,9.0,10.0,10.0,10.0,7.0,8.0,9.0,8.0,9.0,10.0,11.0,7.0,8.0,9.0,10.0,11.0,9.0,9.0,10.0,12.0,9.0,6.0,9.0,10.0,12.0,10.0,7.0,10.0,8.0,11.0,4.0
1349,3.0,7.0,12.0,10.0,8.0,12.0,10.0,10.0,7.0,8.0,9.0,7.0,10.0,8.0,9.0,10.0,10.0,10.0,6.0,7.0,9.0,8.0,9.0,8.0,11.0,7.0,8.0,9.0,11.0,11.0,10.0,9.0,10.0,12.0,9.0,3.0,9.0,10.0,11.0,10.0,7.0,11.0,8.0,11.0,4.0
1350,5.0,8.0,14.0,9.0,10.0,12.0,9.0,11.0,12.0,11.0,8.0,7.0,16.0,11.0,5.0,7.0,14.0,3.0,7.0,6.0,9.0,8.0,12.0,7.0,9.0,9.0,11.0,9.0,8.0,12.0,12.0,10.0,10.0,11.0,9.0,5.0,10.0,13.0,8.0,12.0,5.0,8.0,11.0,11.0,5.0
1351,5.0,7.0,14.0,9.0,10.0,11.0,9.0,11.0,12.0,11.0,8.0,7.0,16.0,11.0,7.0,11.0,14.0,11.0,8.0,8.0,9.0,8.0,12.0,9.0,9.0,9.0,11.0,9.0,12.0,12.0,12.0,10.0,10.0,11.0,9.0,10.0,10.0,13.0,13.0,12.0,5.0,8.0,11.0,11.0,5.0
1352,5.0,8.0,14.0,9.0,10.0,12.0,9.0,11.0,12.0,11.0,8.0,7.0,16.0,11.0,5.0,7.0,14.0,11.0,7.0,6.0,9.0,8.0,12.0,6.0,9.0,9.0,11.0,9.0,8.0,12.0,12.0,10.0,10.0,11.0,9.0,5.0,10.0,13.0,8.0,12.0,5.0,8.0,11.0,11.0,5.0
1353,3.0,7.0,11.0,7.0,8.0,11.0,9.0,8.0,6.0,8.0,7.0,6.0,11.0,8.0,4.0,6.0,10.0,3.0,7.0,6.0,8.0,7.0,9.0,7.0,8.0,7.0,8.0,7.0,7.0,11.0,9.0,9.0,8.0,10.0,9.0,3.0,7.0,10.0,7.0,10.0,4.0,8.0,8.0,10.0,4.0
1354,3.0,6.0,11.0,7.0,8.0,10.0,9.0,8.0,6.0,8.0,7.0,6.0,11.0,8.0,4.0,10.0,10.0,10.0,8.0,7.0,9.0,7.0,9.0,9.0,8.0,7.0,8.0,7.0,10.0,11.0,9.0,9.0,8.0,11.0,9.0,6.0,7.0,10.0,11.0,10.0,4.0,8.0,8.0,10.0,4.0
1355,3.0,7.0,11.0,7.0,8.0,11.0,9.0,8.0,6.0,8.0,7.0,6.0,11.0,8.0,4.0,6.0,10.0,10.0,7.0,6.0,8.0,7.0,9.0,6.0,8.0,7.0,8.0,7.0,7.0,11.0,9.0,9.0,8.0,10.0,9.0,3.0,7.0,10.0,7.0,10.0,4.0,8.0,8.0,10.0,4.0
1356,5.0,8.0,11.0,9.0,10.0,12.0,8.0,10.0,12.0,8.0,4.0,6.0,12.0,11.0,3.0,0.0,12.0,1.0,5.0,8.0,3.0,7.0,9.0,7.0,9.0,9.0,10.0,4.0,6.0,10.0,11.0,10.0,7.0,7.0,8.0,5.0,10.0,11.0,5.0,12.0,5.0,3.0,11.0,4.0,5.0
1357,5.0,7.0,11.0,9.0,10.0,11.0,8.0,10.0,12.0,8.0,6.0,6.0,12.0,11.0,6.0,11.0,13.0,11.0,7.0,10.0,8.0,7.0,9.0,8.0,9.0,9.0,10.0,6.0,9.0,10.0,11.0,10.0,7.0,7.0,8.0,9.0,7.0,11.0,9.0,12.0,5.0,3.0,11.0,4.0,4.0
1358,5.0,8.0,11.0,9.0,10.0,12.0,8.0,10.0,12.0,8.0,4.0,6.0,12.0,11.0,4.0,0.0,12.0,11.0,6.0,8.0,3.0,7.0,9.0,6.0,9.0,9.0,10.0,4.0,6.0,10.0,11.0,10.0,7.0,7.0,8.0,5.0,10.0,11.0,5.0,12.0,5.0,3.0,11.0,4.0,5.0
1359,3.0,7.0,10.0,7.0,7.0,11.0,8.0,7.0,6.0,7.0,3.0,5.0,8.0,8.0,3.0,0.0,8.0,1.0,4.0,6.0,3.0,6.0,7.0,7.0,8.0,7.0,7.0,4.0,4.0,10.0,8.0,9.0,7.0,9.0,8.0,3.0,7.0,8.0,7.0,10.0,4.0,5.0,8.0,4.0,4.0
1360,3.0,6.0,10.0,7.0,7.0,10.0,8.0,7.0,6.0,7.0,6.0,5.0,8.0,8.0,4.0,9.0,8.0,10.0,7.0,7.0,8.0,6.0,7.0,8.0,8.0,7.0,7.0,5.0,7.0,10.0,8.0,9.0,7.0,9.0,8.0,5.0,4.0,8.0,10.0,10.0,4.0,5.0,8.0,4.0,3.0
1361,3.0,7.0,10.0,7.0,7.0,11.0,8.0,7.0,6.0,7.0,3.0,5.0,8.0,8.0,4.0,0.0,8.0,10.0,5.0,6.0,3.0,6.0,7.0,6.0,8.0,7.0,7.0,4.0,4.0,10.0,8.0,9.0,7.0,9.0,8.0,3.0,7.0,8.0,7.0,10.0,4.0,5.0,8.0,4.0,4.0
1362,5.0,8.0,15.0,14.0,10.0,12.0,10.0,13.0,12.0,11.0,11.0,8.0,16.0,11.0,10.0,13.0,14.0,10.0,9.0,8.0,10.0,11.0,12.0,12.0,16.0,11.0,11.0,12.0,12.0,12.0,13.0,10.0,13.0,13.0,11.0,11.0,12.0,13.0,13.0,12.0,11.0,10.0,11.0,11.0,5.0
1363,5.0,7.0,15.0,14.0,10.0,12.0,10.0,13.0,12.0,11.0,10.0,8.0,16.0,11.0,10.0,13.0,14.0,11.0,8.0,9.0,10.0,10.0,12.0,10.0,16.0,11.0,11.0,11.0,13.0,12.0,12.0,10.0,13.0,13.0,11.0,10.0,12.0,13.0,13.0,12.0,9.0,10.0,11.0,11.0,5.0
1364,5.0,8.0,15.0,14.0,10.0,12.0,10.0,13.0,12.0,11.0,11.0,8.0,16.0,11.0,10.0,13.0,14.0,11.0,9.0,8.0,10.0,10.0,12.0,11.0,16.0,11.0,11.0,12.0,11.0,12.0,13.0,10.0,13.0,13.0,11.0,11.0,12.0,13.0,13.0,12.0,11.0,10.0,11.0,11.0,5.0
1365,3.0,7.0,11.0,10.0,7.0,11.0,10.0,10.0,6.0,8.0,9.0,7.0,10.0,8.0,9.0,10.0,10.0,9.0,8.0,8.0,7.0,10.0,9.0,12.0,11.0,8.0,8.0,10.0,9.0,11.0,10.0,9.0,10.0,11.0,10.0,7.0,8.0,10.0,10.0,10.0,10.0,8.0,8.0,10.0,4.0
1366,3.0,6.0,11.0,10.0,7.0,11.0,10.0,10.0,6.0,8.0,8.0,7.0,10.0,8.0,9.0,10.0,10.0,10.0,7.0,8.0,7.0,9.0,9.0,10.0,11.0,8.0,8.0,9.0,10.0,11.0,9.0,9.0,10.0,11.0,10.0,6.0,8.0,10.0,10.0,10.0,8.0,8.0,8.0,10.0,4.0
1367,3.0,7.0,11.0,10.0,7.0,11.0,10.0,10.0,6.0,8.0,9.0,7.0,10.0,8.0,9.0,10.0,10.0,10.0,8.0,8.0,7.0,9.0,9.0,11.0,11.0,8.0,8.0,10.0,8.0,11.0,10.0,9.0,10.0,11.0,10.0,7.0,8.0,10.0,10.0,10.0,10.0,8.0,8.0,10.0,4.0
1368,4.0,6.0,11.0,11.0,10.0,12.0,9.0,10.0,12.0,7.0,9.0,7.0,16.0,8.0,5.0,11.0,14.0,9.0,8.0,9.0,7.0,9.0,12.0,9.0,9.0,9.0,10.0,9.0,13.0,12.0,12.0,10.0,7.0,10.0,8.0,5.0,10.0,11.0,9.0,11.0,8.0,6.0,9.0,8.0,5.0
1369,4.0,5.0,11.0,11.0,10.0,11.0,9.0,10.0,12.0,7.0,8.0,7.0,16.0,8.0,7.0,11.0,14.0,11.0,8.0,10.0,8.0,9.0,12.0,8.0,9.0,9.0,10.0,9.0,12.0,12.0,11.0,10.0,7.0,10.0,8.0,8.0,10.0,11.0,9.0,11.0,8.0,6.0,9.0,8.0,4.0
1370,4.0,6.0,11.0,11.0,10.0,12.0,9.0,10.0,12.0,7.0,9.0,7.0,16.0,8.0,5.0,11.0,14.0,11.0,8.0,9.0,7.0,9.0,12.0,9.0,9.0,9.0,10.0,9.0,13.0,12.0,12.0,10.0,7.0,10.0,8.0,5.0,10.0,11.0,9.0,11.0,8.0,6.0,9.0,8.0,5.0
1371,2.0,5.0,10.0,8.0,8.0,11.0,9.0,7.0,6.0,7.0,8.0,6.0,11.0,6.0,4.0,9.0,10.0,8.0,7.0,7.0,6.0,8.0,9.0,9.0,8.0,7.0,7.0,7.0,11.0,11.0,9.0,9.0,7.0,8.0,8.0,3.0,8.0,8.0,10.0,10.0,6.0,8.0,7.0,7.0,4.0
1372,2.0,4.0,10.0,8.0,7.0,10.0,9.0,7.0,6.0,7.0,7.0,6.0,11.0,6.0,5.0,8.0,10.0,10.0,8.0,7.0,7.0,8.0,9.0,8.0,8.0,7.0,7.0,7.0,10.0,11.0,8.0,9.0,7.0,9.0,8.0,4.0,7.0,8.0,10.0,10.0,6.0,8.0,7.0,7.0,3.0
1373,2.0,5.0,10.0,8.0,8.0,11.0,9.0,7.0,6.0,7.0,8.0,6.0,11.0,6.0,4.0,9.0,10.0,10.0,7.0,7.0,6.0,8.0,9.0,9.0,8.0,7.0,7.0,7.0,11.0,11.0,9.0,9.0,7.0,8.0,8.0,3.0,8.0,8.0,10.0,10.0,6.0,8.0,7.0,7.0,4.0
1374,3.0,7.0,11.0,7.0,10.0,5.0,8.0,8.0,13.0,9.0,7.0,3.0,9.0,6.0,5.0,10.0,13.0,5.0,6.0,4.0,9.0,7.0,9.0,7.0,9.0,7.0,6.0,2.0,4.0,10.0,11.0,4.0,4.0,4.0,6.0,4.0,7.0,7.0,4.0,6.0,2.0,3.0,9.0,8.0,4.0
1375,3.0,6.0,11.0,7.0,10.0,4.0,8.0,8.0,13.0,9.0,6.0,3.0,9.0,6.0,4.0,10.0,13.0,10.0,6.0,6.0,8.0,7.0,9.0,6.0,9.0,7.0,6.0,4.0,7.0,10.0,11.0,8.0,7.0,7.0,7.0,7.0,6.0,7.0,7.0,6.0,2.0,3.0,9.0,8.0,3.0
1376,3.0,7.0,11.0,7.0,10.0,5.0,8.0,8.0,13.0,9.0,7.0,3.0,9.0,6.0,5.0,10.0,13.0,10.0,6.0,4.0,9.0,7.0,9.0,6.0,9.0,7.0,6.0,2.0,4.0,10.0,11.0,4.0,4.0,4.0,6.0,4.0,7.0,7.0,4.0,6.0,2.0,3.0,9.0,8.0,4.0
1377,1.0,7.0,10.0,5.0,8.0,5.0,8.0,7.0,7.0,7.0,7.0,3.0,6.0,4.0,3.0,9.0,8.0,4.0,6.0,4.0,7.0,6.0,7.0,7.0,8.0,6.0,4.0,2.0,3.0,10.0,8.0,4.0,3.0,7.0,7.0,3.0,6.0,5.0,10.0,8.0,4.0,4.0,8.0,7.0,3.0
1378,1.0,6.0,10.0,5.0,8.0,4.0,8.0,7.0,7.0,7.0,6.0,3.0,6.0,4.0,2.0,9.0,8.0,9.0,5.0,5.0,8.0,6.0,7.0,6.0,8.0,6.0,4.0,3.0,6.0,10.0,8.0,7.0,7.0,6.0,7.0,4.0,5.0,5.0,10.0,8.0,3.0,4.0,8.0,7.0,2.0
1379,1.0,7.0,10.0,5.0,8.0,5.0,8.0,7.0,7.0,7.0,7.0,3.0,6.0,4.0,3.0,9.0,8.0,9.0,6.0,4.0,7.0,6.0,7.0,6.0,8.0,6.0,4.0,2.0,3.0,10.0,8.0,4.0,3.0,7.0,7.0,3.0,6.0,5.0,10.0,8.0,4.0,4.0,8.0,7.0,3.0
1380,5.0,7.0,16.0,13.0,10.0,12.0,9.0,11.0,14.0,10.0,11.0,7.0,16.0,11.0,10.0,13.0,14.0,9.0,7.0,9.0,9.0,10.0,11.0,11.0,16.0,8.0,11.0,14.0,14.0,12.0,13.0,10.0,13.0,13.0,14.0,16.0,12.0,14.0,15.0,12.0,11.0,14.0,10.0,14.0,5.0
1381,5.0,6.0,16.0,13.0,10.0,11.0,9.0,11.0,14.0,10.0,10.0,7.0,16.0,11.0,10.0,13.0,14.0,11.0,7.0,10.0,10.0,10.0,11.0,9.0,16.0,8.0,11.0,13.0,13.0,12.0,12.0,10.0,13.0,13.0,14.0,15.0,12.0,14.0,14.0,12.0,11.0,14.0,10.0,14.0,5.0
1382,5.0,7.0,16.0,13.0,10.0,12.0,9.0,11.0,14.0,10.0,11.0,7.0,16.0,11.0,10.0,13.0,14.0,11.0,7.0,9.0,9.0,10.0,11.0,10.0,16.0,8.0,11.0,14.0,14.0,12.0,13.0,10.0,13.0,13.0,14.0,16.0,12.0,14.0,15.0,12.0,11.0,14.0,10.0,14.0,5.0
1383,3.0,6.0,12.0,9.0,7.0,11.0,9.0,8.0,8.0,7.0,9.0,6.0,11.0,8.0,9.0,10.0,10.0,8.0,6.0,7.0,6.0,9.0,8.0,11.0,11.0,6.0,8.0,12.0,11.0,11.0,10.0,9.0,10.0,12.0,12.0,12.0,8.0,11.0,12.0,10.0,9.0,10.0,8.0,13.0,4.0
1384,3.0,5.0,12.0,9.0,7.0,10.0,9.0,8.0,8.0,7.0,8.0,6.0,11.0,8.0,9.0,10.0,10.0,10.0,6.0,7.0,7.0,9.0,8.0,9.0,11.0,6.0,8.0,11.0,10.0,11.0,9.0,9.0,10.0,12.0,12.0,11.0,8.0,11.0,11.0,10.0,9.0,10.0,8.0,13.0,4.0
1385,3.0,6.0,12.0,9.0,7.0,11.0,9.0,8.0,8.0,7.0,9.0,6.0,11.0,8.0,9.0,10.0,10.0,10.0,6.0,7.0,6.0,9.0,8.0,10.0,11.0,6.0,8.0,12.0,11.0,11.0,10.0,9.0,10.0,12.0,12.0,12.0,8.0,11.0,12.0,10.0,9.0,10.0,8.0,13.0,4.0
1386,4.0,5.0,14.0,10.0,10.0,12.0,9.0,11.0,12.0,8.0,8.0,7.0,14.0,11.0,8.0,11.0,14.0,5.0,7.0,5.0,6.0,9.0,9.0,10.0,9.0,6.0,10.0,10.0,14.0,12.0,12.0,11.0,8.0,11.0,12.0,9.0,12.0,13.0,12.0,12.0,11.0,13.0,11.0,13.0,5.0
1387,4.0,4.0,14.0,10.0,10.0,11.0,9.0,11.0,12.0,8.0,7.0,7.0,14.0,11.0,8.0,11.0,14.0,8.0,6.0,6.0,8.0,9.0,9.0,8.0,9.0,6.0,10.0,10.0,13.0,12.0,11.0,11.0,8.0,11.0,12.0,12.0,12.0,13.0,12.0,12.0,10.0,13.0,11.0,13.0,5.0
1388,4.0,5.0,14.0,10.0,10.0,12.0,9.0,11.0,12.0,8.0,8.0,7.0,14.0,11.0,8.0,11.0,14.0,8.0,7.0,5.0,6.0,9.0,9.0,9.0,9.0,6.0,10.0,10.0,14.0,12.0,12.0,11.0,8.0,11.0,12.0,9.0,12.0,13.0,12.0,12.0,11.0,13.0,11.0,13.0,5.0
1389,2.0,4.0,11.0,8.0,8.0,11.0,9.0,8.0,6.0,7.0,8.0,6.0,10.0,8.0,7.0,10.0,10.0,4.0,7.0,5.0,6.0,8.0,7.0,10.0,8.0,5.0,7.0,8.0,11.0,11.0,9.0,10.0,7.0,10.0,11.0,7.0,9.0,10.0,10.0,10.0,10.0,10.0,8.0,12.0,4.0
1390,2.0,3.0,11.0,8.0,7.0,10.0,9.0,8.0,6.0,7.0,7.0,6.0,10.0,8.0,7.0,10.0,10.0,8.0,6.0,5.0,8.0,8.0,7.0,8.0,8.0,5.0,7.0,8.0,10.0,11.0,8.0,10.0,7.0,11.0,11.0,8.0,8.0,10.0,10.0,10.0,9.0,10.0,8.0,12.0,4.0
1391,2.0,4.0,11.0,8.0,8.0,11.0,9.0,8.0,6.0,7.0,8.0,6.0,10.0,8.0,7.0,10.0,10.0,8.0,7.0,5.0,6.0,8.0,7.0,9.0,8.0,5.0,7.0,8.0,11.0,11.0,9.0,10.0,7.0,10.0,11.0,7.0,9.0,10.0,10.0,10.0,10.0,10.0,8.0,12.0,4.0
1392,3.0,8.0,11.0,10.0,10.0,6.0,6.0,5.0,8.0,7.0,7.0,3.0,7.0,8.0,4.0,11.0,13.0,3.0,6.0,3.0,2.0,7.0,6.0,6.0,9.0,5.0,6.0,10.0,8.0,11.0,11.0,10.0,7.0,7.0,9.0,5.0,9.0,10.0,9.0,12.0,11.0,10.0,9.0,8.0,5.0
1393,3.0,8.0,11.0,10.0,10.0,5.0,6.0,5.0,8.0,7.0,6.0,3.0,7.0,8.0,6.0,8.0,13.0,8.0,6.0,5.0,7.0,7.0,6.0,7.0,5.0,5.0,6.0,10.0,11.0,11.0,11.0,10.0,7.0,7.0,9.0,8.0,8.0,10.0,9.0,12.0,10.0,10.0,9.0,8.0,4.0
1394,3.0,8.0,11.0,10.0,10.0,6.0,6.0,5.0,8.0,7.0,7.0,3.0,7.0,8.0,4.0,11.0,13.0,8.0,6.0,3.0,2.0,7.0,6.0,5.0,9.0,5.0,6.0,10.0,8.0,11.0,11.0,10.0,7.0,7.0,9.0,5.0,9.0,10.0,9.0,12.0,11.0,10.0,9.0,8.0,5.0
1395,1.0,8.0,10.0,7.0,7.0,6.0,6.0,5.0,5.0,7.0,7.0,3.0,5.0,6.0,4.0,9.0,8.0,3.0,5.0,3.0,2.0,6.0,6.0,6.0,8.0,3.0,5.0,8.0,7.0,11.0,8.0,9.0,7.0,6.0,9.0,3.0,7.0,8.0,10.0,10.0,10.0,8.0,7.0,7.0,4.0
1396,1.0,8.0,10.0,7.0,7.0,5.0,6.0,5.0,5.0,7.0,6.0,3.0,5.0,6.0,4.0,9.0,8.0,8.0,5.0,4.0,7.0,6.0,6.0,7.0,5.0,3.0,5.0,8.0,9.0,11.0,8.0,9.0,7.0,7.0,9.0,4.0,6.0,8.0,10.0,10.0,9.0,8.0,7.0,7.0,3.0
1397,1.0,8.0,10.0,7.0,7.0,6.0,6.0,5.0,5.0,7.0,7.0,3.0,5.0,6.0,4.0,9.0,8.0,8.0,5.0,3.0,2.0,6.0,6.0,5.0,8.0,3.0,5.0,8.0,7.0,11.0,8.0,9.0,7.0,6.0,9.0,3.0,7.0,8.0,10.0,10.0,10.0,8.0,7.0,7.0,4.0
1398,5.0,8.0,16.0,14.0,11.0,13.0,10.0,14.0,14.0,10.0,11.0,8.0,16.0,11.0,11.0,13.0,14.0,6.0,8.0,7.0,12.0,13.0,12.0,12.0,16.0,11.0,11.0,12.0,10.0,12.0,13.0,10.0,13.0,13.0,14.0,10.0,14.0,13.0,14.0,12.0,9.0,14.0,10.0,14.0,5.0
1399,5.0,8.0,16.0,14.0,11.0,13.0,10.0,14.0,14.0,10.0,10.0,8.0,16.0,11.0,11.0,13.0,14.0,11.0,8.0,9.0,12.0,12.0,12.0,10.0,16.0,11.0,11.0,11.0,13.0,12.0,12.0,10.0,13.0,13.0,14.0,15.0,14.0,13.0,15.0,12.0,10.0,14.0,10.0,14.0,5.0
1400,5.0,8.0,16.0,14.0,11.0,13.0,10.0,14.0,14.0,10.0,11.0,8.0,16.0,11.0,11.0,13.0,14.0,11.0,8.0,7.0,12.0,12.0,12.0,11.0,16.0,11.0,11.0,12.0,11.0,12.0,13.0,10.0,13.0,13.0,14.0,10.0,14.0,13.0,14.0,12.0,9.0,14.0,10.0,14.0,5.0
1401,3.0,7.0,12.0,10.0,8.0,12.0,10.0,11.0,8.0,7.0,9.0,7.0,10.0,8.0,9.0,10.0,10.0,5.0,7.0,7.0,9.0,11.0,9.0,12.0,11.0,8.0,8.0,10.0,8.0,11.0,10.0,9.0,10.0,12.0,12.0,8.0,10.0,10.0,11.0,10.0,8.0,11.0,8.0,13.0,4.0
1402,3.0,7.0,12.0,10.0,8.0,12.0,10.0,11.0,8.0,7.0,8.0,7.0,10.0,8.0,9.0,10.0,10.0,10.0,7.0,8.0,9.0,10.0,9.0,10.0,11.0,8.0,8.0,9.0,10.0,11.0,9.0,9.0,10.0,12.0,12.0,11.0,10.0,10.0,12.0,10.0,9.0,10.0,8.0,13.0,4.0
1403,3.0,7.0,12.0,10.0,8.0,12.0,10.0,11.0,8.0,7.0,9.0,7.0,10.0,8.0,9.0,10.0,10.0,10.0,7.0,7.0,9.0,10.0,9.0,11.0,11.0,8.0,8.0,10.0,8.0,11.0,10.0,9.0,10.0,12.0,12.0,8.0,10.0,10.0,11.0,10.0,8.0,11.0,8.0,13.0,4.0
1404,5.0,8.0,16.0,14.0,11.0,13.0,10.0,13.0,13.0,11.0,11.0,8.0,16.0,11.0,5.0,13.0,14.0,5.0,7.0,7.0,10.0,9.0,12.0,9.0,16.0,9.0,11.0,11.0,13.0,12.0,13.0,10.0,12.0,12.0,10.0,5.0,13.0,13.0,14.0,12.0,8.0,13.0,11.0,12.0,5.0
1405,5.0,8.0,16.0,14.0,11.0,13.0,10.0,13.0,13.0,11.0,10.0,8.0,16.0,11.0,10.0,13.0,14.0,11.0,8.0,9.0,10.0,9.0,12.0,10.0,16.0,9.0,11.0,11.0,12.0,12.0,12.0,10.0,12.0,12.0,10.0,10.0,13.0,13.0,15.0,12.0,8.0,13.0,11.0,12.0,5.0
1406,5.0,8.0,16.0,14.0,11.0,13.0,10.0,13.0,13.0,11.0,11.0,8.0,16.0,11.0,10.0,13.0,14.0,11.0,7.0,7.0,10.0,9.0,12.0,8.0,16.0,9.0,11.0,11.0,13.0,12.0,13.0,10.0,12.0,12.0,10.0,5.0,13.0,13.0,14.0,12.0,8.0,13.0,11.0,12.0,5.0
1407,3.0,7.0,12.0,10.0,8.0,12.0,10.0,10.0,7.0,8.0,9.0,7.0,10.0,8.0,5.0,10.0,10.0,4.0,6.0,7.0,9.0,8.0,9.0,9.0,11.0,7.0,8.0,9.0,11.0,11.0,10.0,9.0,10.0,12.0,9.0,3.0,9.0,10.0,11.0,10.0,7.0,11.0,8.0,11.0,4.0
1408,3.0,7.0,12.0,10.0,8.0,12.0,10.0,10.0,7.0,8.0,8.0,7.0,10.0,8.0,9.0,10.0,10.0,10.0,7.0,8.0,9.0,8.0,9.0,10.0,11.0,7.0,8.0,9.0,10.0,11.0,9.0,9.0,10.0,12.0,9.0,6.0,9.0,10.0,12.0,10.0,7.0,10.0,8.0,11.0,4.0
1409,3.0,7.0,12.0,10.0,8.0,12.0,10.0,10.0,7.0,8.0,9.0,7.0,10.0,8.0,9.0,10.0,10.0,10.0,6.0,7.0,9.0,8.0,9.0,8.0,11.0,7.0,8.0,9.0,11.0,11.0,10.0,9.0,10.0,12.0,9.0,3.0,9.0,10.0,11.0,10.0,7.0,11.0,8.0,11.0,4.0
1410,5.0,8.0,14.0,9.0,10.0,12.0,9.0,11.0,12.0,11.0,8.0,7.0,16.0,11.0,5.0,7.0,14.0,3.0,7.0,6.0,9.0,8.0,12.0,7.0,9.0,9.0,11.0,9.0,8.0,12.0,12.0,10.0,10.0,11.0,9.0,5.0,10.0,13.0,8.0,12.0,5.0,8.0,11.0,11.0,5.0
1411,5.0,7.0,14.0,9.0,10.0,11.0,9.0,11.0,12.0,11.0,8.0,7.0,16.0,11.0,7.0,11.0,14.0,11.0,8.0,8.0,9.0,8.0,12.0,9.0,9.0,9.0,11.0,9.0,12.0,12.0,12.0,10.0,10.0,11.0,9.0,10.0,10.0,13.0,13.0,12.0,5.0,8.0,11.0,11.0,5.0
1412,5.0,8.0,14.0,9.0,10.0,12.0,9.0,11.0,12.0,11.0,8.0,7.0,16.0,11.0,5.0,7.0,14.0,11.0,7.0,6.0,9.0,8.0,12.0,6.0,9.0,9.0,11.0,9.0,8.0,12.0,12.0,10.0,10.0,11.0,9.0,5.0,10.0,13.0,8.0,12.0,5.0,8.0,11.0,11.0,5.0
1413,3.0,7.0,11.0,7.0,8.0,11.0,9.0,8.0,6.0,8.0,7.0,6.0,11.0,8.0,4.0,6.0,10.0,3.0,7.0,6.0,8.0,7.0,9.0,7.0,8.0,7.0,8.0,7.0,7.0,11.0,9.0,9.0,8.0,10.0,9.0,3.0,7.0,10.0,7.0,10.0,4.0,8.0,8.0,10.0,4.0
1414,3.0,6.0,11.0,7.0,8.0,10.0,9.0,8.0,6.0,8.0,7.0,6.0,11.0,8.0,4.0,10.0,10.0,10.0,8.0,7.0,9.0,7.0,9.0,9.0,8.0,7.0,8.0,7.0,10.0,11.0,9.0,9.0,8.0,11.0,9.0,6.0,7.0,10.0,11.0,10.0,4.0,8.0,8.0,10.0,4.0
1415,3.0,7.0,11.0,7.0,8.0,11.0,9.0,8.0,6.0,8.0,7.0,6.0,11.0,8.0,4.0,6.0,10.0,10.0,7.0,6.0,8.0,7.0,9.0,6.0,8.0,7.0,8.0,7.0,7.0,11.0,9.0,9.0,8.0,10.0,9.0,3.0,7.0,10.0,7.0,10.0,4.0,8.0,8.0,10.0,4.0
1416,5.0,8.0,11.0,9.0,10.0,12.0,8.0,10.0,12.0,8.0,4.0,6.0,12.0,11.0,3.0,0.0,12.0,1.0,5.0,8.0,3.0,7.0,9.0,7.0,9.0,9.0,10.0,4.0,6.0,10.0,11.0,10.0,7.0,7.0,8.0,5.0,10.0,11.0,5.0,12.0,5.0,3.0,11.0,4.0,5.0
1417,5.0,7.0,11.0,9.0,10.0,11.0,8.0,10.0,12.0,8.0,6.0,6.0,12.0,11.0,6.0,11.0,13.0,11.0,7.0,10.0,8.0,7.0,9.0,8.0,9.0,9.0,10.0,6.0,9.0,10.0,11.0,10.0,7.0,7.0,8.0,9.0,7.0,11.0,9.0,12.0,5.0,3.0,11.0,4.0,4.0
1418,5.0,8.0,11.0,9.0,10.0,12.0,8.0,10.0,12.0,8.0,4.0,6.0,12.0,11.0,4.0,0.0,12.0,11.0,6.0,8.0,3.0,7.0,9.0,6.0,9.0,9.0,10.0,4.0,6.0,10.0,11.0,10.0,7.0,7.0,8.0,5.0,10.0,11.0,5.0,12.0,5.0,3.0,11.0,4.0,5.0
1419,3.0,7.0,10.0,7.0,7.0,11.0,8.0,7.0,6.0,7.0,3.0,5.0,8.0,8.0,3.0,0.0,8.0,1.0,4.0,6.0,3.0,6.0,7.0,7.0,8.0,7.0,7.0,4.0,4.0,10.0,8.0,9.0,7.0,9.0,8.0,3.0,7.0,8.0,7.0,10.0,4.0,5.0,8.0,4.0,4.0
1420,3.0,6.0,10.0,7.0,7.0,10.0,8.0,7.0,6.0,7.0,6.0,5.0,8.0,8.0,4.0,9.0,8.0,10.0,7.0,7.0,8.0,6.0,7.0,8.0,8.0,7.0,7.0,5.0,7.0,10.0,8.0,9.0,7.0,9.0,8.0,5.0,4.0,8.0,10.0,10.0,4.0,5.0,8.0,4.0,3.0
1421,3.0,7.0,10.0,7.0,7.0,11.0,8.0,7.0,6.0,7.0,3.0,5.0,8.0,8.0,4.0,0.0,8.0,10.0,5.0,6.0,3.0,6.0,7.0,6.0,8.0,7.0,7.0,4.0,4.0,10.0,8.0,9.0,7.0,9.0,8.0,3.0,7.0,8.0,7.0,10.0,4.0,5.0,8.0,4.0,4.0
1422,5.0,8.0,15.0,14.0,10.0,12.0,10.0,13.0,12.0,11.0,11.0,8.0,16.0,11.0,10.0,13.0,14.0,10.0,9.0,8.0,10.0,11.0,12.0,12.0,16.0,11.0,11.0,12.0,12.0,12.0,13.0,10.0,13.0,13.0,11.0,11.0,12.0,13.0,13.0,12.0,11.0,10.0,11.0,11.0,5.0
1423,5.0,7.0,15.0,14.0,10.0,12.0,10.0,13.0,12.0,11.0,10.0,8.0,16.0,11.0,10.0,13.0,14.0,11.0,8.0,9.0,10.0,10.0,12.0,10.0,16.0,11.0,11.0,11.0,13.0,12.0,12.0,10.0,13.0,13.0,11.0,10.0,12.0,13.0,13.0,12.0,9.0,10.0,11.0,11.0,5.0
1424,5.0,8.0,15.0,14.0,10.0,12.0,10.0,13.0,12.0,11.0,11.0,8.0,16.0,11.0,10.0,13.0,14.0,11.0,9.0,8.0,10.0,10.0,12.0,11.0,16.0,11.0,11.0,12.0,11.0,12.0,13.0,10.0,13.0,13.0,11.0,11.0,12.0,13.0,13.0,12.0,11.0,10.0,11.0,11.0,5.0
1425,3.0,7.0,11.0,10.0,7.0,11.0,10.0,10.0,6.0,8.0,9.0,7.0,10.0,8.0,9.0,10.0,10.0,9.0,8.0,8.0,7.0,10.0,9.0,12.0,11.0,8.0,8.0,10.0,9.0,11.0,10.0,9.0,10.0,11.0,10.0,7.0,8.0,10.0,10.0,10.0,10.0,8.0,8.0,10.0,4.0
1426,3.0,6.0,11.0,10.0,7.0,11.0,10.0,10.0,6.0,8.0,8.0,7.0,10.0,8.0,9.0,10.0,10.0,10.0,7.0,8.0,7.0,9.0,9.0,10.0,11.0,8.0,8.0,9.0,10.0,11.0,9.0,9.0,10.0,11.0,10.0,6.0,8.0,10.0,10.0,10.0,8.0,8.0,8.0,10.0,4.0
1427,3.0,7.0,11.0,10.0,7.0,11.0,10.0,10.0,6.0,8.0,9.0,7.0,10.0,8.0,9.0,10.0,10.0,10.0,8.0,8.0,7.0,9.0,9.0,11.0,11.0,8.0,8.0,10.0,8.0,11.0,10.0,9.0,10.0,11.0,10.0,7.0,8.0,10.0,10.0,10.0,10.0,8.0,8.0,10.0,4.0
1428,4.0,6.0,11.0,11.0,10.0,12.0,9.0,10.0,12.0,7.0,9.0,7.0,16.0,8.0,5.0,11.0,14.0,9.0,8.0,9.0,7.0,9.0,12.0,9.0,9.0,9.0,10.0,9.0,13.0,12.0,12.0,10.0,7.0,10.0,8.0,5.0,10.0,11.0,9.0,11.0,8.0,6.0,9.0,8.0,5.0
1429,4.0,5.0,11.0,11.0,10.0,11.0,9.0,10.0,12.0,7.0,8.0,7.0,16.0,8.0,7.0,11.0,14.0,11.0,8.0,10.0,8.0,9.0,12.0,8.0,9.0,9.0,10.0,9.0,12.0,12.0,11.0,10.0,7.0,10.0,8.0,8.0,10.0,11.0,9.0,11.0,8.0,6.0,9.0,8.0,4.0
1430,4.0,6.0,11.0,11.0,10.0,12.0,9.0,10.0,12.0,7.0,9.0,7.0,16.0,8.0,5.0,11.0,14.0,11.0,8.0,9.0,7.0,9.0,12.0,9.0,9.0,9.0,10.0,9.0,13.0,12.0,12.0,10.0,7.0,10.0,8.0,5.0,10.0,11.0,9.0,11.0,8.0,6.0,9.0,8.0,5.0
1431,2.0,5.0,10.0,8.0,8.0,11.0,9.0,7.0,6.0,7.0,8.0,6.0,11.0,6.0,4.0,9.0,10.0,8.0,7.0,7.0,6.0,8.0,9.0,9.0,8.0,7.0,7.0,7.0,11.0,11.0,9.0,9.0,7.0,8.0,8.0,3.0,8.0,8.0,10.0,10.0,6.0,8.0,7.0,7.0,4.0
1432,2.0,4.0,10.0,8.0,7.0,10.0,9.0,7.0,6.0,7.0,7.0,6.0,11.0,6.0,5.0,8.0,10.0,10.0,8.0,7.0,7.0,8.0,9.0,8.0,8.0,7.0,7.0,7.0,10.0,11.0,8.0,9.0,7.0,9.0,8.0,4.0,7.0,8.0,10.0,10.0,6.0,8.0,7.0,7.0,3.0
1433,2.0,5.0,10.0,8.0,8.0,11.0,9.0,7.0,6.0,7.0,8.0,6.0,11.0,6.0,4.0,9.0,10.0,10.0,7.0,7.0,6.0,8.0,9.0,9.0,8.0,7.0,7.0,7.0,11.0,11.0,9.0,9.0,7.0,8.0,8.0,3.0,8.0,8.0,10.0,10.0,6.0,8.0,7.0,7.0,4.0
1434,3.0,7.0,11.0,7.0,10.0,5.0,8.0,8.0,13.0,9.0,7.0,3.0,9.0,6.0,5.0,10.0,13.0,5.0,6.0,4.0,9.0,7.0,9.0,7.0,9.0,7.0,6.0,2.0,4.0,10.0,11.0,4.0,4.0,4.0,6.0,4.0,7.0,7.0,4.0,6.0,2.0,3.0,9.0,8.0,4.0
1435,3.0,6.0,11.0,7.0,10.0,4.0,8.0,8.0,13.0,9.0,6.0,3.0,9.0,6.0,4.0,10.0,13.0,10.0,6.0,6.0,8.0,7.0,9.0,6.0,9.0,7.0,6.0,4.0,7.0,10.0,11.0,8.0,7.0,7.0,7.0,7.0,6.0,7.0,7.0,6.0,2.0,3.0,9.0,8.0,3.0
1436,3.0,7.0,11.0,7.0,10.0,5.0,8.0,8.0,13.0,9.0,7.0,3.0,9.0,6.0,5.0,10.0,13.0,10.0,6.0,4.0,9.0,7.0,9.0,6.0,9.0,7.0,6.0,2.0,4.0,10.0,11.0,4.0,4.0,4.0,6.0,4.0,7.0,7.0,4.0,6.0,2.0,3.0,9.0,8.0,4.0
1437,1.0,7.0,10.0,5.0,8.0,5.0,8.0,7.0,7.0,7.0,7.0,3.0,6.0,4.0,3.0,9.0,8.0,4.0,6.0,4.0,7.0,6.0,7.0,7.0,8.0,6.0,4.0,2.0,3.0,10.0,8.0,4.0,3.0,7.0,7.0,3.0,6.0,5.0,10.0,8.0,4.0,4.0,8.0,7.0,3.0
1438,1.0,6.0,10.0,5.0,8.0,4.0,8.0,7.0,7.0,7.0,6.0,3.0,6.0,4.0,2.0,9.0,8.0,9.0,5.0,5.0,8.0,6.0,7.0,6.0,8.0,6.0,4.0,3.0,6.0,10.0,8.0,7.0,7.0,6.0,7.0,4.0,5.0,5.0,10.0,8.0,3.0,4.0,8.0,7.0,2.0
1439,1.0,7.0,10.0,5.0,8.0,5.0,8.0,7.0,7.0,7.0,7.0,3.0,6.0,4.0,3.0,9.0,8.0,9.0,6.0,4.0,7.0,6.0,7.0,6.0,8.0,6.0,4.0,2.0,3.0,10.0,8.0,4.0,3.0,7.0,7.0,3.0,6.0,5.0,10.0,8.0,4.0,4.0,8.0,7.0,3.0
1440,5.0,7.0,14.0,9.0,9.0,8.0,9.0,11.0,9.0,8.0,11.0,5.0,11.0,10.0,11.0,5.0,9.0,6.0,4.0,9.0,7.0,8.0,10.0,11.0,5.0,8.0,9.0,11.0,9.0,3.0,14.0,11.0,13.0,14.0,14.0,6.0,12.0,18.0,12.0,11.0,17.0,12.0,14.0,16.0,7.0
1441,4.0,3.0,6.0,6.0,10.0,7.0,5.0,8.0,6.0,7.0,4.0,6.0,8.0,8.0,6.0,7.0,4.0,7.0,5.0,6.0,7.0,5.0,8.0,8.0,4.0,7.0,7.0,5.0,4.0,6.0,7.0,7.0,11.0,10.0,6.0,8.0,9.0,10.0,8.0,3.0,5.0,7.0,5.0,11.0,1.0
1442,4.0,4.0,11.0,7.0,13.0,10.0,8.0,8.0,7.0,7.0,6.0,8.0,10.0,9.0,10.0,6.0,6.0,8.0,6.0,8.0,8.0,7.0,8.0,10.0,6.0,8.0,7.0,9.0,7.0,7.0,15.0,9.0,13.0,13.0,11.0,7.0,11.0,15.0,9.0,7.0,15.0,11.0,10.0,15.0,5.0
1443,3.0,5.0,11.0,8.0,9.0,7.0,9.0,11.0,8.0,8.0,9.0,5.0,9.0,10.0,9.0,4.0,9.0,6.0,4.0,7.0,8.0,7.0,8.0,10.0,5.0,8.0,9.0,11.0,8.0,3.0,11.0,10.0,10.0,12.0,12.0,6.0,12.0,15.0,10.0,7.0,13.0,9.0,10.0,15.0,6.0
1444,2.0,3.0,2.0,5.0,7.0,5.0,5.0,5.0,4.0,5.0,3.0,6.0,6.0,6.0,5.0,2.0,3.0,6.0,2.0,5.0,5.0,3.0,5.0,7.0,3.0,7.0,4.0,3.0,2.0,5.0,5.0,5.0,7.0,6.0,4.0,6.0,7.0,6.0,6.0,1.0,4.0,4.0,3.0,10.0,0.0
1445,2.0,4.0,7.0,6.0,11.0,8.0,8.0,7.0,7.0,6.0,4.0,7.0,9.0,7.0,9.0,2.0,6.0,7.0,3.0,6.0,5.0,6.0,7.0,9.0,6.0,7.0,7.0,9.0,6.0,6.0,12.0,7.0,9.0,9.0,9.0,8.0,9.0,11.0,7.0,4.0,12.0,7.0,6.0,14.0,4.0
1446,5.0,7.0,11.0,8.0,5.0,4.0,7.0,7.0,7.0,6.0,6.0,4.0,7.0,7.0,9.0,3.0,6.0,1.0,4.0,5.0,7.0,6.0,7.0,9.0,5.0,4.0,8.0,10.0,3.0,1.0,8.0,7.0,6.0,7.0,12.0,7.0,10.0,10.0,9.0,12.0,14.0,9.0,14.0,13.0,6.0
1447,4.0,3.0,6.0,6.0,6.0,8.0,5.0,6.0,6.0,6.0,3.0,3.0,7.0,3.0,5.0,5.0,4.0,6.0,3.0,5.0,7.0,4.0,9.0,6.0,3.0,4.0,4.0,5.0,4.0,6.0,8.0,7.0,9.0,8.0,5.0,5.0,8.0,8.0,8.0,3.0,5.0,6.0,6.0,9.0,1.0
1448,4.0,4.0,10.0,8.0,7.0,11.0,6.0,8.0,6.0,6.0,4.0,6.0,6.0,5.0,8.0,7.0,5.0,6.0,3.0,7.0,6.0,6.0,8.0,8.0,5.0,6.0,6.0,8.0,6.0,6.0,11.0,8.0,7.0,9.0,9.0,4.0,8.0,11.0,9.0,7.0,13.0,9.0,9.0,12.0,5.0
1449,3.0,7.0,9.0,8.0,5.0,4.0,7.0,6.0,7.0,7.0,7.0,2.0,6.0,6.0,10.0,4.0,6.0,1.0,3.0,4.0,6.0,6.0,6.0,5.0,5.0,4.0,7.0,8.0,3.0,1.0,8.0,6.0,5.0,7.0,11.0,6.0,8.0,8.0,9.0,8.0,13.0,8.0,9.0,13.0,6.0
1450,2.0,3.0,2.0,6.0,4.0,6.0,5.0,5.0,4.0,4.0,2.0,3.0,5.0,3.0,4.0,3.0,3.0,5.0,2.0,4.0,5.0,2.0,5.0,6.0,3.0,3.0,2.0,3.0,2.0,5.0,6.0,5.0,7.0,6.0,4.0,3.0,7.0,4.0,6.0,2.0,4.0,4.0,3.0,9.0,0.0
1451,2.0,4.0,7.0,7.0,5.0,9.0,5.0,7.0,6.0,5.0,3.0,5.0,6.0,4.0,8.0,3.0,5.0,5.0,3.0,5.0,5.0,5.0,5.0,7.0,5.0,3.0,5.0,8.0,6.0,5.0,9.0,5.0,6.0,7.0,8.0,4.0,7.0,8.0,7.0,5.0,12.0,6.0,5.0,12.0,4.0
1452,4.0,4.0,7.0,6.0,3.0,4.0,4.0,6.0,2.0,4.0,4.0,1.0,4.0,4.0,3.0,3.0,5.0,1.0,3.0,3.0,1.0,6.0,6.0,5.0,4.0,4.0,5.0,7.0,3.0,1.0,7.0,5.0,4.0,5.0,8.0,3.0,7.0,7.0,5.0,11.0,11.0,4.0,6.0,9.0,4.0
1453,4.0,4.0,5.0,5.0,7.0,10.0,4.0,5.0,4.0,4.0,3.0,2.0,3.0,3.0,4.0,3.0,4.0,4.0,2.0,4.0,6.0,4.0,7.0,5.0,4.0,2.0,5.0,5.0,4.0,4.0,7.0,8.0,7.0,6.0,4.0,2.0,6.0,6.0,7.0,3.0,5.0,6.0,4.0,6.0,1.0
1454,4.0,3.0,6.0,7.0,5.0,11.0,4.0,6.0,6.0,4.0,3.0,4.0,5.0,5.0,6.0,4.0,5.0,3.0,2.0,7.0,4.0,3.0,6.0,5.0,3.0,3.0,5.0,6.0,4.0,3.0,8.0,5.0,4.0,7.0,6.0,2.0,6.0,7.0,8.0,7.0,10.0,7.0,8.0,9.0,4.0
1455,2.0,4.0,5.0,1.0,4.0,4.0,4.0,5.0,6.0,4.0,4.0,1.0,3.0,4.0,3.0,3.0,5.0,1.0,3.0,2.0,1.0,5.0,4.0,5.0,4.0,6.0,5.0,7.0,3.0,1.0,7.0,4.0,4.0,5.0,8.0,3.0,7.0,6.0,5.0,8.0,10.0,4.0,5.0,8.0,4.0
1456,2.0,4.0,2.0,5.0,4.0,6.0,4.0,5.0,3.0,4.0,2.0,3.0,2.0,3.0,3.0,3.0,3.0,3.0,2.0,3.0,5.0,2.0,3.0,5.0,4.0,2.0,3.0,4.0,2.0,5.0,5.0,6.0,5.0,3.0,4.0,3.0,5.0,3.0,5.0,1.0,4.0,4.0,2.0,6.0,0.0
1457,2.0,5.0,5.0,4.0,4.0,9.0,4.0,5.0,5.0,4.0,3.0,4.0,4.0,4.0,4.0,3.0,5.0,3.0,2.0,3.0,5.0,2.0,3.0,5.0,3.0,4.0,5.0,6.0,3.0,3.0,8.0,4.0,4.0,6.0,6.0,2.0,5.0,5.0,7.0,4.0,9.0,5.0,6.0,8.0,3.0
1458,5.0,5.0,5.0,0.0,4.0,4.0,6.0,9.0,6.0,7.0,4.0,3.0,5.0,5.0,5.0,3.0,9.0,6.0,3.0,7.0,12.0,5.0,1.0,2.0,0.0,0.0,5.0,7.0,3.0,0.0,3.0,5.0,4.0,6.0,5.0,4.0,6.0,8.0,8.0,7.0,5.0,6.0,4.0,1.0,4.0
1459,4.0,3.0,6.0,7.0,6.0,9.0,6.0,7.0,7.0,8.0,4.0,4.0,8.0,5.0,6.0,7.0,5.0,8.0,5.0,6.0,10.0,5.0,8.0,8.0,5.0,6.0,6.0,5.0,4.0,6.0,7.0,8.0,10.0,10.0,5.0,8.0,7.0,7.0,7.0,3.0,5.0,6.0,6.0,9.0,1.0
1460,4.0,3.0,6.0,9.0,7.0,12.0,6.0,9.0,7.0,8.0,6.0,6.0,7.0,6.0,9.0,6.0,8.0,8.0,8.0,7.0,11.0,6.0,7.0,10.0,7.0,8.0,6.0,10.0,5.0,4.0,10.0,5.0,5.0,10.0,5.0,2.0,7.0,8.0,7.0,4.0,5.0,7.0,9.0,3.0,5.0
1461,3.0,6.0,5.0,0.0,4.0,4.0,6.0,9.0,6.0,7.0,4.0,3.0,5.0,5.0,5.0,3.0,9.0,6.0,3.0,6.0,9.0,5.0,1.0,6.0,5.0,9.0,6.0,5.0,3.0,0.0,3.0,4.0,4.0,6.0,5.0,3.0,6.0,7.0,6.0,5.0,7.0,2.0,4.0,3.0,4.0
1462,2.0,3.0,2.0,5.0,4.0,7.0,6.0,5.0,5.0,5.0,3.0,4.0,6.0,3.0,5.0,2.0,4.0,7.0,2.0,5.0,7.0,3.0,5.0,7.0,4.0,5.0,3.0,3.0,2.0,5.0,5.0,5.0,7.0,6.0,4.0,6.0,6.0,5.0,6.0,1.0,4.0,4.0,3.0,9.0,0.0
1463,2.0,4.0,5.0,5.0,5.0,10.0,6.0,8.0,7.0,5.0,4.0,5.0,7.0,4.0,9.0,2.0,8.0,7.0,4.0,6.0,7.0,5.0,6.0,9.0,6.0,6.0,5.0,8.0,4.0,3.0,8.0,4.0,5.0,8.0,5.0,2.0,6.0,6.0,7.0,3.0,8.0,5.0,6.0,3.0,4.0
1464,4.0,4.0,2.0,0.0,3.0,6.0,3.0,5.0,2.0,6.0,3.0,6.0,4.0,3.0,1.0,4.0,6.0,2.0,2.0,6.0,8.0,4.0,0.0,2.0,0.0,0.0,4.0,8.0,2.0,2.0,5.0,5.0,5.0,4.0,5.0,3.0,8.0,6.0,3.0,5.0,2.0,2.0,1.0,1.0,2.0
1465,4.0,3.0,6.0,7.0,6.0,9.0,6.0,6.0,7.0,8.0,3.0,4.0,7.0,4.0,3.0,5.0,4.0,6.0,4.0,5.0,8.0,4.0,9.0,8.0,5.0,3.0,5.0,5.0,4.0,6.0,8.0,7.0,9.0,8.0,4.0,5.0,7.0,6.0,7.0,3.0,5.0,6.0,4.0,6.0,1.0
1466,4.0,3.0,6.0,8.0,5.0,12.0,6.0,6.0,7.0,8.0,5.0,5.0,4.0,6.0,6.0,7.0,6.0,6.0,4.0,7.0,9.0,5.0,7.0,5.0,6.0,4.0,4.0,11.0,4.0,4.0,9.0,5.0,6.0,9.0,5.0,2.0,7.0,4.0,8.0,4.0,4.0,4.0,10.0,2.0,3.0
1467,2.0,4.0,5.0,7.0,4.0,4.0,3.0,4.0,2.0,5.0,3.0,6.0,3.0,3.0,1.0,3.0,6.0,2.0,2.0,5.0,5.0,4.0,0.0,4.0,0.0,0.0,3.0,6.0,2.0,2.0,5.0,4.0,4.0,4.0,5.0,3.0,7.0,3.0,3.0,4.0,5.0,5.0,1.0,1.0,2.0
1468,2.0,3.0,2.0,5.0,4.0,7.0,6.0,4.0,5.0,4.0,3.0,4.0,5.0,3.0,3.0,3.0,3.0,5.0,2.0,4.0,6.0,3.0,5.0,7.0,4.0,2.0,3.0,3.0,2.0,5.0,6.0,5.0,5.0,6.0,4.0,6.0,5.0,4.0,6.0,1.0,4.0,4.0,2.0,6.0,0.0
1469,2.0,4.0,4.0,5.0,4.0,10.0,6.0,6.0,7.0,5.0,4.0,5.0,4.0,7.0,5.0,3.0,6.0,5.0,3.0,5.0,6.0,5.0,6.0,5.0,5.0,3.0,3.0,9.0,4.0,3.0,7.0,4.0,5.0,7.0,5.0,2.0,6.0,3.0,7.0,3.0,4.0,5.0,5.0,2.0,2.0
1470,4.0,3.0,2.0,0.0,1.0,0.0,4.0,3.0,1.0,5.0,4.0,1.0,2.0,6.0,7.0,0.0,4.0,1.0,3.0,3.0,1.0,5.0,7.0,2.0,0.0,0.0,4.0,6.0,3.0,1.0,5.0,4.0,1.0,2.0,4.0,3.0,4.0,2.0,3.0,5.0,5.0,2.0,2.0,1.0,2.0
1471,4.0,3.0,6.0,5.0,4.0,8.0,5.0,5.0,7.0,5.0,3.0,2.0,7.0,3.0,4.0,5.0,4.0,5.0,3.0,3.0,8.0,4.0,9.0,7.0,4.0,5.0,4.0,5.0,4.0,4.0,7.0,6.0,7.0,7.0,4.0,4.0,5.0,5.0,5.0,4.0,5.0,4.0,4.0,6.0,1.0
1472,4.0,3.0,4.0,6.0,1.0,0.0,5.0,6.0,5.0,5.0,3.0,5.0,4.0,5.0,5.0,6.0,7.0,4.0,3.0,6.0,9.0,3.0,7.0,4.0,5.0,2.0,5.0,6.0,3.0,3.0,7.0,3.0,4.0,5.0,5.0,3.0,3.0,2.0,8.0,5.0,0.0,0.0,0.0,3.0,2.0
1473,2.0,3.0,2.0,0.0,2.0,4.0,3.0,3.0,1.0,5.0,5.0,3.0,1.0,6.0,6.0,3.0,5.0,1.0,3.0,2.0,1.0,4.0,5.0,5.0,5.0,5.0,3.0,2.0,0.0,0.0,2.0,5.0,1.0,2.0,4.0,4.0,4.0,2.0,3.0,4.0,5.0,2.0,2.0,1.0,2.0
1474,2.0,3.0,2.0,6.0,3.0,6.0,5.0,4.0,5.0,4.0,2.0,4.0,5.0,3.0,4.0,3.0,3.0,4.0,2.0,4.0,6.0,2.0,5.0,6.0,3.0,2.0,3.0,3.0,2.0,5.0,5.0,6.0,4.0,5.0,4.0,3.0,4.0,3.0,6.0,2.0,4.0,2.0,3.0,6.0,0.0
1475,2.0,4.0,3.0,5.0,1.0,0.0,5.0,5.0,5.0,5.0,3.0,1.0,2.0,1.0,3.0,3.0,7.0,3.0,3.0,4.0,6.0,2.0,5.0,4.0,5.0,4.0,4.0,6.0,3.0,3.0,7.0,3.0,3.0,5.0,5.0,3.0,6.0,2.0,7.0,4.0,3.0,2.0,1.0,1.0,3.0
1476,4.0,3.0,2.0,0.0,0.0,0.0,3.0,0.0,1.0,4.0,2.0,3.0,1.0,1.0,1.0,0.0,0.0,1.0,6.0,3.0,1.0,3.0,1.0,2.0,0.0,0.0,2.0,1.0,0.0,0.0,0.0,4.0,2.0,4.0,4.0,3.0,4.0,4.0,1.0,2.0,0.0,0.0,0.0,3.0,4.0
1477,4.0,3.0,6.0,4.0,6.0,8.0,3.0,6.0,6.0,4.0,3.0,1.0,7.0,3.0,1.0,4.0,4.0,4.0,2.0,4.0,6.0,4.0,8.0,4.0,4.0,3.0,4.0,4.0,3.0,4.0,7.0,6.0,7.0,4.0,4.0,2.0,5.0,5.0,5.0,4.0,4.0,4.0,3.0,5.0,2.0
1478,4.0,4.0,4.0,5.0,5.0,11.0,3.0,6.0,5.0,4.0,3.0,4.0,2.0,4.0,3.0,3.0,5.0,2.0,1.0,5.0,5.0,3.0,6.0,4.0,5.0,5.0,3.0,1.0,0.0,0.0,0.0,4.0,4.0,5.0,5.0,1.0,4.0,4.0,5.0,5.0,2.0,2.0,2.0,1.0,3.0
1479,2.0,3.0,2.0,0.0,0.0,0.0,3.0,0.0,1.0,4.0,2.0,3.0,1.0,1.0,1.0,0.0,0.0,1.0,5.0,2.0,1.0,3.0,1.0,3.0,0.0,0.0,2.0,1.0,0.0,0.0,0.0,4.0,2.0,3.0,4.0,2.0,2.0,1.0,2.0,2.0,0.0,0.0,0.0,4.0,3.0
1480,2.0,3.0,2.0,4.0,3.0,6.0,3.0,5.0,4.0,4.0,2.0,3.0,5.0,2.0,1.0,3.0,3.0,3.0,2.0,4.0,5.0,2.0,4.0,4.0,4.0,2.0,3.0,3.0,1.0,5.0,5.0,5.0,5.0,3.0,4.0,3.0,4.0,2.0,4.0,2.0,4.0,2.0,2.0,5.0,1.0
1481,2.0,5.0,3.0,4.0,2.0,9.0,3.0,5.0,5.0,4.0,3.0,4.0,2.0,1.0,3.0,2.0,5.0,2.0,2.0,3.0,5.0,2.0,4.0,3.0,3.0,4.0,3.0,1.0,0.0,0.0,0.0,3.0,3.0,5.0,6.0,2.0,4.0,2.0,6.0,4.0,2.0,2.0,1.0,1.0,2.0
1482,6.0,12.0,8.0,8.0,8.0,3.0,10.0,14.0,8.0,7.0,10.0,5.0,8.0,7.0,10.0,5.0,11.0,6.0,8.0,8.0,14.0,8.0,10.0,12.0,5.0,9.0,9.0,8.0,3.0,3.0,12.0,8.0,10.0,11.0,10.0,6.0,10.0,11.0,10.0,9.0,10.0,5.0,14.0,11.0,6.0
1483,4.0,3.0,6.0,6.0,9.0,8.0,6.0,7.0,7.0,6.0,4.0,6.0,7.0,4.0,6.0,7.0,4.0,8.0,5.0,6.0,8.0,5.0,8.0,8.0,5.0,6.0,5.0,5.0,4.0,6.0,7.0,7.0,11.0,9.0,5.0,8.0,8.0,9.0,8.0,3.0,5.0,6.0,6.0,9.0,1.0
1484,4.0,7.0,7.0,7.0,11.0,11.0,8.0,11.0,7.0,6.0,6.0,8.0,11.0,5.0,11.0,6.0,7.0,8.0,10.0,8.0,9.0,7.0,8.0,10.0,7.0,8.0,7.0,6.0,6.0,7.0,13.0,8.0,9.0,11.0,6.0,4.0,9.0,11.0,9.0,4.0,10.0,8.0,9.0,10.0,5.0
1485,4.0,9.0,10.0,7.0,8.0,3.0,10.0,13.0,7.0,7.0,9.0,5.0,7.0,6.0,9.0,4.0,11.0,6.0,6.0,8.0,10.0,7.0,10.0,12.0,5.0,9.0,8.0,8.0,3.0,3.0,10.0,6.0,8.0,9.0,10.0,6.0,11.0,9.0,8.0,7.0,10.0,5.0,9.0,11.0,6.0
1486,2.0,3.0,2.0,5.0,6.0,6.0,6.0,5.0,5.0,4.0,3.0,6.0,5.0,4.0,5.0,3.0,3.0,7.0,2.0,5.0,6.0,3.0,5.0,7.0,4.0,5.0,2.0,3.0,2.0,5.0,5.0,5.0,7.0,6.0,4.0,6.0,7.0,5.0,6.0,2.0,4.0,4.0,3.0,9.0,0.0
1487,2.0,5.0,8.0,8.0,9.0,9.0,8.0,9.0,7.0,5.0,4.0,7.0,8.0,4.0,9.0,3.0,7.0,7.0,5.0,7.0,6.0,6.0,7.0,9.0,6.0,7.0,6.0,6.0,6.0,6.0,11.0,5.0,7.0,8.0,6.0,5.0,8.0,8.0,7.0,4.0,8.0,6.0,5.0,10.0,4.0
1488,5.0,7.0,4.0,2.0,3.0,4.0,7.0,6.0,6.0,4.0,4.0,5.0,9.0,8.0,5.0,3.0,8.0,4.0,4.0,9.0,11.0,6.0,10.0,9.0,5.0,5.0,6.0,3.0,7.0,1.0,8.0,4.0,5.0,6.0,7.0,4.0,9.0,7.0,5.0,7.0,5.0,4.0,6.0,3.0,4.0
1489,4.0,3.0,5.0,5.0,6.0,8.0,5.0,8.0,6.0,4.0,3.0,3.0,7.0,4.0,4.0,5.0,4.0,6.0,4.0,5.0,7.0,4.0,9.0,7.0,4.0,3.0,5.0,4.0,4.0,5.0,7.0,6.0,7.0,6.0,4.0,3.0,7.0,6.0,7.0,3.0,5.0,5.0,4.0,6.0,1.0
1490,4.0,3.0,6.0,8.0,5.0,11.0,6.0,8.0,6.0,4.0,5.0,7.0,6.0,7.0,6.0,6.0,5.0,6.0,4.0,8.0,8.0,5.0,9.0,8.0,6.0,3.0,6.0,6.0,4.0,3.0,10.0,3.0,4.0,7.0,5.0,2.0,7.0,7.0,8.0,4.0,5.0,5.0,9.0,3.0,5.0
1491,3.0,8.0,5.0,2.0,3.0,4.0,7.0,9.0,6.0,4.0,4.0,5.0,7.0,8.0,5.0,3.0,8.0,4.0,4.0,6.0,8.0,6.0,8.0,9.0,5.0,5.0,5.0,3.0,7.0,1.0,8.0,4.0,5.0,6.0,7.0,3.0,9.0,6.0,5.0,6.0,5.0,4.0,5.0,3.0,4.0
1492,2.0,3.0,2.0,5.0,4.0,6.0,5.0,5.0,4.0,4.0,2.0,3.0,5.0,2.0,3.0,3.0,3.0,5.0,2.0,4.0,5.0,2.0,5.0,6.0,3.0,2.0,3.0,3.0,2.0,5.0,5.0,6.0,4.0,5.0,4.0,3.0,6.0,4.0,6.0,1.0,4.0,3.0,2.0,6.0,0.0
1493,2.0,4.0,5.0,5.0,4.0,9.0,6.0,7.0,6.0,4.0,3.0,6.0,6.0,6.0,6.0,3.0,5.0,5.0,3.0,6.0,5.0,4.0,6.0,7.0,6.0,1.0,5.0,6.0,3.0,3.0,8.0,4.0,4.0,6.0,5.0,2.0,6.0,3.0,8.0,3.0,6.0,5.0,5.0,3.0,4.0
1494,4.0,4.0,5.0,8.0,4.0,4.0,3.0,4.0,2.0,2.0,2.0,3.0,3.0,4.0,5.0,4.0,5.0,3.0,1.0,5.0,9.0,4.0,2.0,2.0,0.0,0.0,2.0,2.0,0.0,0.0,4.0,5.0,4.0,3.0,6.0,3.0,5.0,3.0,3.0,6.0,5.0,2.0,5.0,2.0,2.0
1495,4.0,3.0,5.0,3.0,6.0,8.0,4.0,6.0,6.0,5.0,3.0,2.0,3.0,3.0,4.0,3.0,4.0,4.0,2.0,4.0,7.0,4.0,9.0,4.0,3.0,4.0,4.0,3.0,4.0,4.0,7.0,6.0,7.0,3.0,4.0,2.0,5.0,5.0,5.0,4.0,5.0,3.0,4.0,6.0,1.0
1496,4.0,3.0,4.0,5.0,4.0,11.0,3.0,7.0,4.0,2.0,1.0,5.0,4.0,4.0,6.0,4.0,5.0,3.0,1.0,8.0,8.0,3.0,8.0,6.0,5.0,6.0,2.0,2.0,0.0,0.0,4.0,3.0,4.0,4.0,4.0,2.0,5.0,2.0,6.0,4.0,0.0,0.0,0.0,3.0,2.0
1497,2.0,4.0,3.0,2.0,4.0,4.0,3.0,4.0,2.0,2.0,2.0,3.0,3.0,4.0,4.0,3.0,5.0,3.0,1.0,3.0,5.0,5.0,2.0,3.0,0.0,0.0,4.0,2.0,0.0,0.0,4.0,4.0,4.0,4.0,6.0,4.0,5.0,3.0,3.0,5.0,5.0,2.0,4.0,2.0,2.0
1498,2.0,3.0,2.0,3.0,4.0,6.0,4.0,5.0,4.0,3.0,2.0,3.0,2.0,2.0,3.0,3.0,3.0,3.0,2.0,4.0,5.0,2.0,5.0,4.0,3.0,2.0,3.0,2.0,2.0,5.0,5.0,6.0,5.0,2.0,4.0,3.0,4.0,3.0,5.0,1.0,4.0,2.0,2.0,6.0,0.0
1499,2.0,4.0,3.0,2.0,5.0,9.0,3.0,6.0,4.0,2.0,2.0,4.0,4.0,2.0,3.0,4.0,5.0,3.0,1.0,5.0,5.0,2.0,5.0,5.0,5.0,4.0,2.0,2.0,0.0,0.0,4.0,3.0,3.0,4.0,4.0,3.0,4.0,2.0,6.0,3.0,3.0,3.0,1.0,2.0,2.0
1500,5.0,7.0,13.0,9.0,9.0,8.0,9.0,10.0,7.0,8.0,11.0,5.0,11.0,11.0,9.0,5.0,8.0,6.0,4.0,6.0,6.0,8.0,10.0,11.0,7.0,8.0,9.0,11.0,9.0,3.0,14.0,11.0,13.0,12.0,14.0,5.0,12.0,18.0,12.0,11.0,17.0,12.0,13.0,16.0,7.0
1501,3.0,3.0,6.0,5.0,8.0,6.0,3.0,4.0,5.0,7.0,5.0,5.0,6.0,8.0,5.0,5.0,4.0,7.0,5.0,6.0,6.0,5.0,6.0,6.0,4.0,6.0,5.0,5.0,4.0,5.0,6.0,6.0,10.0,10.0,6.0,8.0,9.0,7.0,7.0,3.0,4.0,5.0,5.0,10.0,1.0
1502,4.0,4.0,10.0,7.0,13.0,9.0,8.0,7.0,6.0,7.0,6.0,8.0,6.0,10.0,9.0,5.0,5.0,8.0,6.0,9.0,6.0,6.0,9.0,10.0,6.0,7.0,6.0,9.0,7.0,7.0,12.0,8.0,13.0,12.0,10.0,6.0,11.0,14.0,9.0,7.0,15.0,11.0,9.0,15.0,5.0
1503,3.0,5.0,11.0,8.0,9.0,7.0,9.0,11.0,7.0,8.0,9.0,5.0,9.0,10.0,9.0,4.0,8.0,6.0,4.0,7.0,6.0,7.0,8.0,10.0,7.0,8.0,9.0,11.0,8.0,3.0,11.0,10.0,10.0,10.0,12.0,6.0,12.0,15.0,10.0,7.0,13.0,9.0,9.0,15.0,6.0
1504,2.0,3.0,2.0,4.0,6.0,5.0,3.0,3.0,4.0,4.0,3.0,5.0,5.0,5.0,3.0,2.0,3.0,5.0,2.0,5.0,4.0,3.0,4.0,5.0,3.0,6.0,3.0,3.0,3.0,4.0,5.0,4.0,7.0,6.0,4.0,6.0,7.0,4.0,5.0,1.0,4.0,4.0,3.0,9.0,0.0
1505,2.0,4.0,7.0,6.0,11.0,8.0,8.0,6.0,6.0,5.0,4.0,7.0,6.0,7.0,7.0,2.0,5.0,7.0,3.0,7.0,5.0,5.0,6.0,9.0,5.0,7.0,5.0,9.0,6.0,6.0,9.0,7.0,9.0,8.0,8.0,7.0,9.0,10.0,7.0,4.0,12.0,7.0,5.0,14.0,4.0
1506,5.0,7.0,11.0,8.0,5.0,4.0,7.0,7.0,6.0,6.0,6.0,2.0,7.0,7.0,9.0,2.0,5.0,1.0,3.0,5.0,6.0,6.0,7.0,9.0,5.0,6.0,7.0,10.0,3.0,1.0,8.0,7.0,6.0,9.0,12.0,6.0,10.0,10.0,9.0,12.0,14.0,9.0,13.0,12.0,6.0
1507,3.0,3.0,6.0,5.0,5.0,6.0,3.0,4.0,5.0,6.0,3.0,3.0,6.0,3.0,5.0,3.0,4.0,7.0,3.0,5.0,5.0,5.0,6.0,4.0,3.0,2.0,4.0,5.0,4.0,5.0,6.0,6.0,8.0,7.0,5.0,5.0,9.0,7.0,7.0,3.0,4.0,5.0,5.0,8.0,1.0
1508,4.0,4.0,10.0,8.0,7.0,7.0,6.0,7.0,5.0,6.0,4.0,6.0,3.0,6.0,6.0,4.0,4.0,6.0,3.0,8.0,5.0,6.0,9.0,7.0,5.0,6.0,4.0,8.0,6.0,6.0,11.0,7.0,7.0,9.0,9.0,5.0,8.0,10.0,9.0,7.0,13.0,9.0,10.0,11.0,5.0
1509,3.0,7.0,9.0,8.0,5.0,4.0,7.0,6.0,6.0,7.0,7.0,2.0,6.0,6.0,10.0,3.0,5.0,1.0,3.0,4.0,5.0,6.0,6.0,5.0,6.0,6.0,7.0,8.0,3.0,1.0,8.0,6.0,5.0,7.0,11.0,6.0,8.0,8.0,9.0,8.0,13.0,8.0,8.0,11.0,6.0
1510,2.0,3.0,2.0,5.0,4.0,5.0,3.0,3.0,4.0,4.0,2.0,3.0,5.0,3.0,3.0,1.0,3.0,5.0,2.0,4.0,3.0,3.0,4.0,4.0,3.0,2.0,2.0,3.0,3.0,4.0,5.0,4.0,7.0,5.0,4.0,3.0,7.0,4.0,5.0,1.0,4.0,4.0,3.0,8.0,0.0
1511,2.0,4.0,7.0,7.0,5.0,6.0,5.0,6.0,5.0,4.0,3.0,5.0,3.0,5.0,6.0,2.0,4.0,5.0,3.0,5.0,4.0,5.0,5.0,7.0,4.0,3.0,4.0,8.0,6.0,5.0,9.0,5.0,6.0,6.0,8.0,5.0,7.0,7.0,7.0,5.0,12.0,6.0,5.0,10.0,4.0
1512,4.0,4.0,7.0,6.0,3.0,4.0,5.0,5.0,2.0,4.0,4.0,1.0,4.0,4.0,3.0,2.0,4.0,1.0,3.0,3.0,1.0,6.0,6.0,5.0,3.0,4.0,5.0,7.0,3.0,1.0,7.0,5.0,4.0,7.0,8.0,3.0,7.0,7.0,5.0,11.0,11.0,4.0,6.0,7.0,4.0
1513,3.0,4.0,5.0,4.0,5.0,3.0,2.0,4.0,5.0,4.0,3.0,2.0,3.0,3.0,5.0,2.0,4.0,3.0,2.0,5.0,5.0,5.0,5.0,4.0,3.0,1.0,5.0,5.0,4.0,3.0,5.0,7.0,5.0,6.0,4.0,2.0,6.0,6.0,6.0,3.0,4.0,5.0,3.0,6.0,1.0
1514,4.0,3.0,6.0,7.0,6.0,4.0,6.0,6.0,4.0,4.0,3.0,4.0,3.0,5.0,5.0,2.0,3.0,3.0,2.0,4.0,4.0,5.0,6.0,5.0,5.0,3.0,3.0,7.0,4.0,3.0,8.0,6.0,4.0,6.0,6.0,2.0,6.0,7.0,8.0,7.0,10.0,7.0,7.0,7.0,4.0
1515,2.0,4.0,5.0,1.0,4.0,4.0,5.0,5.0,5.0,4.0,4.0,1.0,3.0,4.0,3.0,2.0,4.0,1.0,3.0,2.0,1.0,5.0,4.0,5.0,6.0,6.0,5.0,7.0,3.0,1.0,7.0,4.0,4.0,6.0,8.0,3.0,7.0,6.0,5.0,8.0,10.0,4.0,5.0,7.0,4.0
1516,2.0,4.0,2.0,4.0,4.0,4.0,2.0,3.0,4.0,4.0,2.0,2.0,2.0,3.0,3.0,1.0,3.0,4.0,2.0,3.0,3.0,3.0,3.0,4.0,3.0,1.0,3.0,4.0,3.0,4.0,4.0,5.0,5.0,3.0,4.0,2.0,5.0,3.0,6.0,1.0,4.0,4.0,2.0,6.0,0.0
1517,2.0,5.0,5.0,4.0,6.0,4.0,5.0,5.0,4.0,4.0,3.0,4.0,3.0,3.0,4.0,2.0,3.0,3.0,2.0,4.0,4.0,4.0,3.0,5.0,4.0,1.0,3.0,7.0,3.0,3.0,7.0,4.0,4.0,5.0,6.0,3.0,5.0,3.0,6.0,4.0,9.0,5.0,4.0,7.0,3.0
1518,5.0,5.0,8.0,7.0,4.0,4.0,6.0,6.0,3.0,7.0,4.0,3.0,7.0,5.0,5.0,3.0,7.0,4.0,2.0,7.0,7.0,5.0,1.0,2.0,0.0,0.0,4.0,7.0,3.0,0.0,3.0,5.0,4.0,8.0,5.0,3.0,6.0,7.0,6.0,7.0,5.0,6.0,4.0,1.0,4.0
1519,3.0,3.0,6.0,6.0,5.0,8.0,4.0,4.0,5.0,8.0,5.0,4.0,6.0,4.0,5.0,5.0,4.0,7.0,5.0,6.0,6.0,5.0,6.0,6.0,4.0,5.0,5.0,5.0,4.0,5.0,7.0,6.0,10.0,10.0,5.0,8.0,7.0,7.0,6.0,3.0,4.0,5.0,5.0,8.0,1.0
1520,4.0,3.0,6.0,9.0,7.0,11.0,6.0,8.0,6.0,8.0,6.0,6.0,8.0,5.0,8.0,5.0,4.0,6.0,6.0,9.0,7.0,5.0,9.0,8.0,7.0,8.0,3.0,10.0,5.0,4.0,10.0,6.0,5.0,10.0,5.0,3.0,7.0,7.0,8.0,4.0,5.0,7.0,10.0,3.0,5.0
1521,3.0,6.0,8.0,7.0,4.0,4.0,6.0,9.0,5.0,6.0,4.0,3.0,6.0,5.0,5.0,3.0,7.0,4.0,2.0,6.0,7.0,5.0,1.0,6.0,7.0,8.0,6.0,5.0,3.0,0.0,3.0,4.0,4.0,7.0,5.0,3.0,6.0,6.0,6.0,5.0,7.0,2.0,4.0,3.0,4.0
1522,2.0,3.0,2.0,4.0,4.0,7.0,4.0,3.0,4.0,4.0,3.0,4.0,5.0,3.0,3.0,2.0,3.0,5.0,2.0,5.0,4.0,3.0,4.0,5.0,3.0,5.0,3.0,3.0,3.0,4.0,6.0,4.0,6.0,6.0,4.0,6.0,6.0,4.0,5.0,1.0,4.0,4.0,3.0,8.0,0.0
1523,2.0,4.0,5.0,5.0,5.0,9.0,6.0,7.0,6.0,4.0,3.0,6.0,7.0,4.0,7.0,2.0,4.0,5.0,3.0,7.0,6.0,4.0,6.0,7.0,5.0,6.0,3.0,8.0,4.0,3.0,8.0,4.0,5.0,8.0,5.0,4.0,7.0,3.0,7.0,3.0,8.0,5.0,6.0,3.0,4.0
1524,4.0,4.0,2.0,0.0,2.0,4.0,3.0,5.0,2.0,5.0,3.0,6.0,10.0,4.0,3.0,4.0,5.0,2.0,2.0,6.0,1.0,4.0,0.0,2.0,0.0,0.0,3.0,7.0,2.0,2.0,5.0,5.0,4.0,3.0,5.0,3.0,8.0,6.0,3.0,4.0,2.0,2.0,1.0,1.0,2.0
1525,3.0,3.0,6.0,5.0,5.0,8.0,4.0,4.0,5.0,6.0,3.0,4.0,6.0,4.0,4.0,5.0,4.0,7.0,4.0,5.0,5.0,5.0,6.0,6.0,4.0,2.0,5.0,5.0,4.0,5.0,5.0,7.0,8.0,7.0,4.0,5.0,6.0,6.0,6.0,3.0,4.0,5.0,3.0,6.0,1.0
1526,4.0,3.0,6.0,8.0,6.0,11.0,6.0,7.0,6.0,7.0,3.0,5.0,7.0,5.0,4.0,5.0,4.0,6.0,4.0,8.0,6.0,5.0,8.0,4.0,5.0,4.0,2.0,9.0,4.0,4.0,9.0,6.0,5.0,8.0,5.0,3.0,6.0,7.0,8.0,4.0,2.0,5.0,7.0,2.0,3.0
1527,2.0,4.0,5.0,7.0,3.0,4.0,3.0,4.0,2.0,5.0,3.0,6.0,6.0,4.0,3.0,3.0,5.0,2.0,2.0,4.0,1.0,4.0,0.0,5.0,6.0,7.0,4.0,7.0,2.0,2.0,5.0,4.0,4.0,3.0,5.0,3.0,7.0,3.0,3.0,4.0,5.0,5.0,1.0,1.0,2.0
1528,2.0,3.0,2.0,4.0,4.0,7.0,4.0,3.0,4.0,4.0,2.0,4.0,5.0,3.0,3.0,2.0,3.0,5.0,2.0,4.0,3.0,3.0,4.0,5.0,3.0,2.0,3.0,3.0,3.0,4.0,4.0,5.0,6.0,5.0,4.0,6.0,5.0,3.0,6.0,1.0,4.0,4.0,2.0,6.0,0.0
1529,2.0,4.0,4.0,5.0,6.0,9.0,6.0,6.0,6.0,4.0,3.0,5.0,6.0,4.0,4.0,3.0,4.0,5.0,3.0,6.0,5.0,4.0,5.0,4.0,4.0,3.0,2.0,9.0,4.0,3.0,7.0,4.0,5.0,6.0,5.0,4.0,6.0,3.0,7.0,3.0,4.0,5.0,3.0,2.0,2.0
1530,4.0,3.0,2.0,0.0,0.0,0.0,4.0,6.0,2.0,5.0,4.0,1.0,1.0,1.0,1.0,0.0,4.0,1.0,3.0,3.0,1.0,4.0,6.0,2.0,0.0,0.0,2.0,3.0,2.0,1.0,5.0,4.0,1.0,2.0,4.0,4.0,4.0,2.0,3.0,5.0,5.0,2.0,2.0,1.0,2.0
1531,3.0,3.0,6.0,4.0,4.0,7.0,2.0,5.0,5.0,5.0,3.0,2.0,6.0,4.0,4.0,3.0,4.0,7.0,2.0,6.0,5.0,5.0,6.0,4.0,4.0,1.0,4.0,5.0,4.0,3.0,5.0,5.0,6.0,6.0,4.0,3.0,5.0,6.0,6.0,4.0,4.0,3.0,4.0,6.0,1.0
1532,4.0,3.0,4.0,6.0,4.0,9.0,3.0,2.0,4.0,5.0,3.0,5.0,2.0,7.0,4.0,4.0,3.0,1.0,2.0,7.0,7.0,5.0,7.0,4.0,5.0,2.0,2.0,5.0,4.0,3.0,7.0,4.0,4.0,4.0,5.0,3.0,5.0,4.0,5.0,6.0,0.0,0.0,0.0,3.0,3.0
1533,2.0,3.0,2.0,0.0,0.0,0.0,4.0,5.0,4.0,5.0,5.0,3.0,1.0,3.0,4.0,2.0,2.0,1.0,4.0,2.0,1.0,4.0,6.0,5.0,4.0,7.0,2.0,3.0,2.0,1.0,5.0,5.0,1.0,2.0,4.0,4.0,4.0,2.0,3.0,4.0,5.0,2.0,2.0,1.0,2.0
1534,2.0,3.0,2.0,4.0,3.0,6.0,2.0,4.0,4.0,4.0,2.0,2.0,5.0,3.0,3.0,1.0,3.0,5.0,2.0,4.0,3.0,3.0,4.0,4.0,3.0,1.0,3.0,3.0,3.0,4.0,4.0,5.0,4.0,5.0,4.0,2.0,4.0,3.0,6.0,1.0,4.0,2.0,3.0,6.0,0.0
1535,2.0,4.0,3.0,6.0,3.0,8.0,3.0,3.0,4.0,4.0,3.0,5.0,2.0,1.0,3.0,2.0,3.0,1.0,3.0,5.0,4.0,4.0,5.0,4.0,4.0,1.0,2.0,5.0,4.0,3.0,7.0,3.0,3.0,5.0,5.0,3.0,4.0,2.0,6.0,4.0,3.0,2.0,1.0,1.0,3.0
1536,4.0,3.0,2.0,0.0,0.0,0.0,1.0,5.0,3.0,2.0,1.0,3.0,5.0,2.0,1.0,0.0,0.0,2.0,2.0,3.0,1.0,1.0,1.0,2.0,0.0,0.0,3.0,3.0,2.0,0.0,5.0,2.0,2.0,2.0,3.0,2.0,5.0,4.0,1.0,2.0,0.0,0.0,0.0,3.0,4.0
1537,3.0,3.0,6.0,2.0,5.0,6.0,2.0,5.0,5.0,5.0,3.0,1.0,5.0,2.0,2.0,3.0,3.0,7.0,2.0,6.0,5.0,5.0,5.0,2.0,3.0,1.0,4.0,3.0,4.0,3.0,5.0,5.0,5.0,4.0,4.0,2.0,5.0,6.0,6.0,3.0,4.0,3.0,3.0,5.0,2.0
1538,4.0,3.0,4.0,6.0,3.0,9.0,3.0,2.0,5.0,5.0,3.0,5.0,3.0,4.0,3.0,0.0,4.0,4.0,1.0,4.0,4.0,4.0,7.0,3.0,5.0,6.0,3.0,4.0,4.0,0.0,5.0,4.0,2.0,6.0,5.0,1.0,4.0,4.0,5.0,4.0,2.0,2.0,2.0,1.0,3.0
1539,2.0,3.0,2.0,0.0,0.0,0.0,1.0,5.0,1.0,2.0,1.0,3.0,4.0,2.0,1.0,0.0,0.0,2.0,2.0,2.0,1.0,1.0,1.0,3.0,0.0,0.0,1.0,3.0,2.0,0.0,5.0,2.0,2.0,2.0,3.0,2.0,3.0,2.0,2.0,2.0,0.0,0.0,0.0,4.0,3.0
1540,2.0,3.0,2.0,1.0,4.0,6.0,2.0,4.0,4.0,3.0,2.0,1.0,4.0,2.0,1.0,2.0,3.0,5.0,2.0,4.0,3.0,3.0,3.0,2.0,3.0,1.0,3.0,2.0,3.0,4.0,4.0,4.0,5.0,2.0,4.0,2.0,4.0,3.0,6.0,1.0,4.0,2.0,2.0,5.0,1.0
1541,2.0,5.0,3.0,3.0,2.0,0.0,1.0,5.0,4.0,3.0,3.0,2.0,3.0,1.0,3.0,0.0,4.0,3.0,2.0,4.0,4.0,3.0,3.0,3.0,4.0,1.0,3.0,1.0,0.0,0.0,0.0,3.0,2.0,4.0,6.0,1.0,3.0,2.0,5.0,4.0,2.0,2.0,1.0,1.0,2.0
1542,6.0,12.0,8.0,8.0,8.0,3.0,10.0,14.0,8.0,7.0,10.0,5.0,8.0,7.0,10.0,5.0,10.0,6.0,7.0,8.0,13.0,8.0,11.0,12.0,9.0,9.0,8.0,8.0,3.0,3.0,12.0,8.0,10.0,12.0,10.0,5.0,10.0,11.0,10.0,9.0,10.0,5.0,13.0,11.0,6.0
1543,3.0,3.0,6.0,5.0,7.0,7.0,4.0,4.0,5.0,6.0,5.0,5.0,6.0,4.0,5.0,5.0,4.0,7.0,5.0,6.0,6.0,5.0,6.0,6.0,4.0,5.0,4.0,5.0,4.0,5.0,6.0,6.0,10.0,9.0,5.0,8.0,9.0,7.0,7.0,3.0,4.0,5.0,5.0,8.0,1.0
1544,4.0,7.0,7.0,7.0,11.0,11.0,8.0,9.0,7.0,6.0,6.0,7.0,5.0,5.0,9.0,5.0,6.0,8.0,8.0,8.0,7.0,7.0,9.0,10.0,8.0,8.0,4.0,6.0,6.0,7.0,10.0,7.0,9.0,11.0,6.0,3.0,9.0,10.0,9.0,4.0,10.0,8.0,10.0,10.0,5.0
1545,4.0,9.0,10.0,7.0,8.0,3.0,10.0,13.0,7.0,7.0,9.0,5.0,7.0,6.0,9.0,4.0,10.0,6.0,6.0,8.0,11.0,7.0,10.0,12.0,7.0,9.0,8.0,8.0,3.0,3.0,10.0,6.0,8.0,9.0,10.0,6.0,11.0,9.0,8.0,7.0,10.0,5.0,8.0,10.0,6.0
1546,2.0,3.0,2.0,4.0,5.0,6.0,4.0,3.0,4.0,4.0,3.0,5.0,5.0,3.0,3.0,2.0,3.0,5.0,2.0,5.0,4.0,3.0,4.0,5.0,3.0,5.0,2.0,3.0,3.0,4.0,5.0,4.0,7.0,6.0,4.0,6.0,7.0,4.0,5.0,1.0,4.0,4.0,3.0,8.0,0.0
1547,2.0,5.0,8.0,8.0,9.0,9.0,8.0,8.0,6.0,4.0,4.0,6.0,5.0,4.0,7.0,3.0,5.0,7.0,3.0,7.0,6.0,6.0,6.0,9.0,6.0,6.0,4.0,6.0,6.0,6.0,8.0,5.0,7.0,7.0,6.0,4.0,8.0,7.0,7.0,4.0,8.0,6.0,5.0,9.0,4.0
1548,5.0,7.0,4.0,2.0,3.0,4.0,7.0,7.0,5.0,4.0,4.0,5.0,9.0,9.0,5.0,2.0,7.0,4.0,4.0,7.0,10.0,6.0,10.0,9.0,7.0,5.0,5.0,3.0,7.0,1.0,8.0,4.0,5.0,5.0,7.0,3.0,9.0,7.0,5.0,7.0,5.0,4.0,6.0,3.0,4.0
1549,3.0,3.0,5.0,4.0,5.0,7.0,3.0,4.0,5.0,4.0,3.0,3.0,6.0,3.0,5.0,3.0,4.0,7.0,4.0,5.0,5.0,5.0,6.0,6.0,4.0,1.0,5.0,4.0,4.0,4.0,5.0,5.0,6.0,6.0,4.0,3.0,7.0,6.0,6.0,3.0,4.0,4.0,3.0,6.0,1.0
1550,4.0,3.0,6.0,8.0,6.0,9.0,6.0,7.0,5.0,4.0,5.0,6.0,3.0,9.0,4.0,4.0,4.0,6.0,4.0,9.0,5.0,5.0,9.0,8.0,6.0,3.0,4.0,6.0,4.0,3.0,10.0,4.0,4.0,6.0,5.0,3.0,7.0,7.0,8.0,4.0,5.0,5.0,7.0,3.0,5.0
1551,3.0,8.0,5.0,2.0,3.0,4.0,7.0,9.0,5.0,4.0,4.0,5.0,7.0,8.0,5.0,2.0,7.0,4.0,4.0,6.0,9.0,6.0,8.0,9.0,7.0,7.0,5.0,3.0,7.0,1.0,8.0,4.0,5.0,5.0,7.0,3.0,9.0,6.0,5.0,6.0,5.0,4.0,5.0,3.0,4.0
1552,2.0,3.0,2.0,4.0,4.0,6.0,3.0,3.0,4.0,4.0,2.0,3.0,5.0,2.0,3.0,1.0,3.0,5.0,2.0,4.0,3.0,3.0,4.0,5.0,3.0,1.0,3.0,3.0,3.0,4.0,4.0,5.0,4.0,5.0,4.0,2.0,6.0,3.0,6.0,1.0,4.0,3.0,2.0,6.0,0.0
1553,2.0,4.0,5.0,5.0,6.0,8.0,6.0,6.0,5.0,4.0,3.0,5.0,3.0,7.0,4.0,2.0,4.0,5.0,3.0,6.0,4.0,4.0,5.0,7.0,5.0,1.0,4.0,6.0,3.0,3.0,8.0,4.0,4.0,5.0,5.0,3.0,6.0,3.0,7.0,3.0,6.0,5.0,3.0,3.0,4.0
1554,4.0,4.0,5.0,8.0,3.0,4.0,3.0,4.0,2.0,2.0,2.0,3.0,3.0,4.0,5.0,0.0,4.0,3.0,1.0,5.0,8.0,5.0,2.0,2.0,0.0,0.0,2.0,2.0,0.0,0.0,4.0,5.0,4.0,3.0,6.0,3.0,5.0,3.0,3.0,6.0,5.0,2.0,5.0,2.0,2.0
1555,3.0,3.0,4.0,2.0,5.0,6.0,2.0,4.0,6.0,5.0,3.0,2.0,3.0,3.0,5.0,2.0,4.0,5.0,2.0,6.0,5.0,5.0,6.0,2.0,3.0,1.0,4.0,3.0,4.0,3.0,5.0,5.0,5.0,4.0,4.0,2.0,4.0,6.0,4.0,3.0,4.0,3.0,3.0,6.0,1.0
1556,4.0,3.0,4.0,5.0,5.0,7.0,3.0,7.0,3.0,2.0,1.0,5.0,6.0,3.0,5.0,2.0,3.0,3.0,1.0,7.0,5.0,5.0,8.0,5.0,5.0,3.0,2.0,2.0,0.0,0.0,4.0,4.0,4.0,5.0,4.0,2.0,5.0,4.0,5.0,4.0,0.0,0.0,0.0,3.0,3.0
1557,2.0,4.0,3.0,2.0,4.0,4.0,3.0,4.0,2.0,2.0,2.0,3.0,3.0,4.0,4.0,2.0,4.0,3.0,1.0,3.0,7.0,5.0,2.0,3.0,0.0,0.0,4.0,2.0,0.0,0.0,4.0,4.0,4.0,4.0,6.0,4.0,5.0,3.0,3.0,5.0,5.0,2.0,4.0,2.0,2.0
1558,2.0,3.0,2.0,2.0,4.0,5.0,2.0,3.0,5.0,3.0,2.0,2.0,2.0,2.0,3.0,1.0,3.0,5.0,2.0,4.0,3.0,3.0,4.0,2.0,3.0,1.0,3.0,2.0,3.0,4.0,4.0,5.0,5.0,2.0,4.0,2.0,4.0,3.0,5.0,1.0,4.0,2.0,2.0,6.0,0.0
1559,2.0,4.0,3.0,2.0,5.0,6.0,3.0,6.0,3.0,2.0,2.0,4.0,2.0,2.0,3.0,2.0,3.0,3.0,1.0,5.0,4.0,4.0,5.0,5.0,4.0,1.0,2.0,2.0,0.0,0.0,4.0,3.0,3.0,4.0,4.0,3.0,4.0,2.0,6.0,3.0,3.0,3.0,1.0,2.0,2.0
1560,3.0,7.0,4.0,2.0,9.0,0.0,9.0,6.0,4.0,2.0,3.0,3.0,9.0,8.0,7.0,5.0,3.0,3.0,1.0,2.0,3.0,4.0,5.0,7.0,0.0,0.0,8.0,11.0,9.0,6.0,14.0,3.0,8.0,7.0,13.0,0.0,4.0,15.0,10.0,11.0,15.0,9.0,6.0,1.0,7.0
1561,4.0,3.0,2.0,4.0,3.0,2.0,0.0,5.0,6.0,2.0,4.0,1.0,3.0,5.0,3.0,2.0,3.0,1.0,2.0,2.0,6.0,2.0,2.0,4.0,3.0,3.0,1.0,3.0,5.0,5.0,4.0,3.0,5.0,5.0,0.0,6.0,6.0,5.0,3.0,5.0,1.0,6.0,7.0,2.0,1.0
1562,4.0,3.0,4.0,4.0,4.0,6.0,2.0,5.0,6.0,3.0,4.0,5.0,4.0,6.0,5.0,6.0,3.0,3.0,2.0,4.0,6.0,2.0,3.0,4.0,4.0,4.0,2.0,5.0,5.0,5.0,4.0,4.0,8.0,5.0,0.0,6.0,8.0,6.0,5.0,6.0,4.0,7.0,8.0,2.0,1.0
1563,3.0,5.0,10.0,5.0,5.0,0.0,9.0,6.0,4.0,2.0,3.0,3.0,8.0,6.0,7.0,4.0,3.0,3.0,1.0,2.0,3.0,4.0,4.0,6.0,0.0,0.0,8.0,9.0,7.0,6.0,10.0,3.0,7.0,7.0,11.0,0.0,4.0,10.0,8.0,7.0,11.0,5.0,4.0,1.0,6.0
1564,2.0,0.0,1.0,1.0,1.0,1.0,0.0,0.0,1.0,0.0,2.0,1.0,0.0,2.0,1.0,0.0,1.0,0.0,0.0,0.0,1.0,1.0,0.0,2.0,0.0,0.0,0.0,2.0,2.0,3.0,1.0,0.0,2.0,2.0,0.0,4.0,1.0,2.0,1.0,1.0,0.0,0.0,3.0,2.0,0.0
1565,2.0,0.0,2.0,1.0,2.0,5.0,1.0,0.0,1.0,1.0,2.0,4.0,1.0,4.0,2.0,1.0,3.0,1.0,0.0,0.0,1.0,1.0,0.0,2.0,2.0,2.0,2.0,3.0,2.0,3.0,1.0,0.0,4.0,2.0,0.0,5.0,3.0,3.0,2.0,2.0,1.0,1.0,4.0,2.0,0.0
1566,3.0,4.0,9.0,4.0,3.0,0.0,6.0,4.0,4.0,2.0,2.0,1.0,4.0,5.0,4.0,1.0,3.0,1.0,1.0,1.0,2.0,4.0,5.0,1.0,0.0,0.0,5.0,8.0,2.0,3.0,4.0,2.0,6.0,4.0,12.0,3.0,5.0,10.0,5.0,12.0,10.0,6.0,6.0,1.0,6.0
1567,4.0,3.0,1.0,4.0,4.0,2.0,0.0,5.0,5.0,3.0,3.0,1.0,3.0,4.0,3.0,1.0,3.0,1.0,2.0,2.0,6.0,2.0,2.0,3.0,3.0,2.0,1.0,3.0,5.0,5.0,4.0,3.0,4.0,4.0,0.0,5.0,7.0,5.0,3.0,5.0,1.0,5.0,8.0,2.0,1.0
1568,4.0,3.0,3.0,4.0,5.0,4.0,2.0,5.0,5.0,4.0,3.0,2.0,4.0,6.0,5.0,5.0,3.0,3.0,2.0,3.0,6.0,2.0,3.0,3.0,4.0,3.0,2.0,5.0,5.0,4.0,4.0,4.0,6.0,4.0,0.0,6.0,8.0,5.0,5.0,6.0,4.0,6.0,9.0,2.0,1.0
1569,3.0,4.0,6.0,4.0,3.0,0.0,6.0,4.0,4.0,5.0,2.0,2.0,4.0,5.0,4.0,1.0,3.0,1.0,1.0,1.0,2.0,4.0,4.0,1.0,0.0,0.0,5.0,6.0,2.0,3.0,4.0,2.0,5.0,4.0,10.0,2.0,4.0,7.0,6.0,8.0,8.0,5.0,3.0,1.0,6.0
1570,2.0,0.0,0.0,2.0,1.0,1.0,0.0,0.0,1.0,0.0,2.0,1.0,0.0,2.0,1.0,0.0,1.0,0.0,0.0,0.0,1.0,1.0,0.0,2.0,0.0,0.0,0.0,2.0,2.0,3.0,1.0,0.0,2.0,2.0,0.0,3.0,2.0,2.0,1.0,1.0,0.0,0.0,3.0,2.0,0.0
1571,2.0,0.0,1.0,2.0,2.0,4.0,1.0,0.0,1.0,1.0,2.0,1.0,1.0,3.0,2.0,1.0,3.0,1.0,0.0,0.0,1.0,1.0,0.0,2.0,2.0,2.0,1.0,3.0,2.0,3.0,1.0,0.0,3.0,2.0,0.0,4.0,4.0,2.0,3.0,2.0,1.0,1.0,4.0,2.0,0.0
1572,3.0,3.0,2.0,1.0,6.0,0.0,5.0,3.0,2.0,1.0,2.0,1.0,3.0,3.0,4.0,1.0,2.0,3.0,1.0,1.0,1.0,4.0,1.0,1.0,0.0,0.0,3.0,6.0,2.0,3.0,3.0,1.0,4.0,4.0,4.0,0.0,2.0,7.0,4.0,11.0,6.0,6.0,4.0,1.0,4.0
1573,4.0,3.0,1.0,4.0,4.0,2.0,0.0,5.0,5.0,3.0,3.0,1.0,3.0,3.0,3.0,1.0,3.0,1.0,2.0,2.0,4.0,2.0,2.0,2.0,3.0,2.0,1.0,3.0,4.0,3.0,4.0,3.0,2.0,3.0,0.0,3.0,6.0,5.0,2.0,4.0,1.0,5.0,5.0,2.0,1.0
1574,4.0,3.0,2.0,4.0,5.0,3.0,3.0,5.0,5.0,4.0,3.0,2.0,4.0,3.0,4.0,4.0,3.0,2.0,2.0,3.0,4.0,2.0,3.0,2.0,4.0,3.0,2.0,4.0,4.0,3.0,4.0,4.0,2.0,4.0,0.0,4.0,6.0,5.0,4.0,5.0,4.0,6.0,5.0,2.0,1.0
1575,3.0,3.0,2.0,1.0,4.0,0.0,5.0,3.0,2.0,1.0,2.0,1.0,3.0,3.0,4.0,1.0,2.0,3.0,1.0,1.0,1.0,3.0,1.0,1.0,0.0,0.0,3.0,6.0,2.0,3.0,3.0,1.0,4.0,3.0,4.0,0.0,2.0,5.0,4.0,8.0,4.0,3.0,3.0,1.0,4.0
1576,2.0,0.0,0.0,2.0,1.0,1.0,0.0,0.0,1.0,0.0,2.0,1.0,0.0,2.0,1.0,0.0,1.0,0.0,0.0,0.0,1.0,1.0,0.0,2.0,0.0,0.0,0.0,2.0,1.0,2.0,1.0,0.0,2.0,1.0,0.0,2.0,2.0,2.0,1.0,1.0,0.0,0.0,3.0,2.0,0.0
1577,2.0,0.0,0.0,3.0,2.0,3.0,2.0,0.0,1.0,1.0,2.0,1.0,1.0,2.0,2.0,1.0,3.0,1.0,0.0,0.0,1.0,1.0,0.0,2.0,1.0,1.0,2.0,3.0,1.0,2.0,1.0,0.0,3.0,1.0,0.0,3.0,3.0,2.0,2.0,2.0,1.0,1.0,3.0,2.0,0.0
1578,3.0,2.0,1.0,2.0,1.0,0.0,1.0,0.0,3.0,1.0,0.0,1.0,3.0,4.0,3.0,0.0,0.0,0.0,3.0,2.0,1.0,1.0,0.0,4.0,0.0,0.0,2.0,2.0,0.0,0.0,0.0,3.0,1.0,2.0,3.0,0.0,1.0,2.0,1.0,4.0,0.0,0.0,0.0,2.0,3.0
1579,4.0,3.0,1.0,5.0,4.0,2.0,0.0,5.0,6.0,2.0,4.0,1.0,4.0,5.0,3.0,2.0,3.0,1.0,3.0,2.0,6.0,2.0,2.0,5.0,2.0,3.0,1.0,3.0,5.0,5.0,4.0,3.0,5.0,5.0,0.0,6.0,6.0,5.0,3.0,4.0,1.0,6.0,7.0,2.0,1.0
1580,4.0,3.0,2.0,6.0,5.0,3.0,3.0,5.0,6.0,3.0,4.0,3.0,5.0,7.0,6.0,5.0,4.0,3.0,4.0,3.0,6.0,2.0,3.0,5.0,3.0,5.0,1.0,4.0,5.0,5.0,4.0,4.0,6.0,5.0,0.0,6.0,8.0,5.0,5.0,4.0,4.0,7.0,7.0,2.0,1.0
1581,3.0,2.0,1.0,1.0,1.0,0.0,1.0,0.0,2.0,1.0,0.0,1.0,3.0,4.0,3.0,0.0,0.0,0.0,1.0,2.0,1.0,1.0,0.0,3.0,0.0,0.0,2.0,2.0,0.0,0.0,0.0,2.0,2.0,1.0,1.0,0.0,1.0,2.0,1.0,3.0,0.0,0.0,0.0,2.0,3.0
1582,2.0,0.0,0.0,2.0,1.0,1.0,0.0,0.0,1.0,0.0,2.0,1.0,0.0,2.0,1.0,0.0,1.0,0.0,0.0,0.0,1.0,1.0,0.0,2.0,0.0,0.0,0.0,2.0,2.0,3.0,1.0,0.0,2.0,2.0,0.0,4.0,1.0,2.0,1.0,1.0,0.0,0.0,3.0,2.0,0.0
1583,2.0,0.0,0.0,3.0,2.0,3.0,2.0,0.0,1.0,1.0,2.0,2.0,1.0,3.0,3.0,1.0,3.0,1.0,0.0,0.0,1.0,1.0,0.0,2.0,2.0,2.0,1.0,3.0,2.0,3.0,1.0,0.0,3.0,2.0,0.0,5.0,3.0,2.0,3.0,1.0,1.0,1.0,4.0,2.0,0.0
1584,3.0,2.0,1.0,2.0,0.0,0.0,4.0,0.0,1.0,0.0,1.0,0.0,2.0,1.0,1.0,0.0,0.0,0.0,3.0,2.0,0.0,1.0,0.0,0.0,0.0,1.0,3.0,1.0,0.0,0.0,1.0,0.0,1.0,2.0,2.0,0.0,1.0,1.0,1.0,4.0,0.0,0.0,0.0,2.0,1.0
1585,4.0,3.0,1.0,5.0,4.0,2.0,0.0,5.0,6.0,2.0,4.0,1.0,4.0,4.0,3.0,2.0,3.0,1.0,3.0,2.0,6.0,2.0,2.0,5.0,2.0,3.0,1.0,3.0,5.0,5.0,4.0,3.0,4.0,5.0,0.0,6.0,6.0,5.0,3.0,4.0,1.0,6.0,7.0,2.0,1.0
1586,4.0,3.0,2.0,6.0,5.0,3.0,3.0,5.0,6.0,3.0,3.0,2.0,5.0,5.0,4.0,5.0,3.0,2.0,3.0,4.0,6.0,2.0,3.0,5.0,3.0,4.0,1.0,5.0,5.0,4.0,4.0,4.0,6.0,5.0,0.0,6.0,6.0,5.0,5.0,4.0,3.0,6.0,7.0,2.0,1.0
1587,3.0,2.0,1.0,1.0,0.0,0.0,4.0,0.0,1.0,0.0,1.0,0.0,2.0,1.0,1.0,0.0,0.0,0.0,1.0,2.0,0.0,1.0,0.0,0.0,0.0,1.0,3.0,1.0,0.0,0.0,1.0,0.0,1.0,2.0,2.0,0.0,1.0,1.0,1.0,3.0,0.0,0.0,0.0,2.0,1.0
1588,2.0,0.0,0.0,2.0,1.0,1.0,0.0,0.0,1.0,0.0,2.0,1.0,0.0,2.0,2.0,0.0,1.0,0.0,0.0,0.0,1.0,1.0,0.0,2.0,0.0,0.0,0.0,2.0,2.0,3.0,1.0,0.0,2.0,2.0,0.0,4.0,1.0,2.0,1.0,1.0,0.0,0.0,3.0,2.0,0.0
1589,2.0,0.0,0.0,3.0,2.0,3.0,2.0,0.0,1.0,1.0,2.0,1.0,1.0,3.0,3.0,1.0,3.0,1.0,0.0,0.0,1.0,1.0,0.0,2.0,1.0,2.0,1.0,4.0,2.0,3.0,1.0,0.0,3.0,2.0,0.0,5.0,3.0,2.0,3.0,1.0,1.0,1.0,4.0,2.0,0.0
1590,3.0,3.0,1.0,2.0,0.0,0.0,1.0,0.0,0.0,0.0,1.0,0.0,0.0,0.0,1.0,0.0,0.0,0.0,1.0,1.0,0.0,1.0,0.0,0.0,0.0,1.0,2.0,1.0,0.0,0.0,0.0,2.0,0.0,1.0,1.0,0.0,1.0,1.0,1.0,2.0,0.0,0.0,0.0,1.0,1.0
1591,4.0,3.0,1.0,5.0,3.0,2.0,0.0,5.0,6.0,2.0,3.0,1.0,3.0,2.0,2.0,1.0,3.0,1.0,3.0,2.0,6.0,2.0,2.0,4.0,3.0,3.0,1.0,3.0,4.0,4.0,4.0,3.0,4.0,3.0,0.0,5.0,6.0,4.0,2.0,4.0,1.0,6.0,7.0,1.0,1.0
1592,4.0,3.0,2.0,5.0,4.0,3.0,3.0,5.0,6.0,2.0,3.0,2.0,3.0,3.0,2.0,5.0,3.0,1.0,3.0,4.0,6.0,2.0,3.0,4.0,4.0,4.0,1.0,3.0,3.0,3.0,4.0,4.0,2.0,3.0,0.0,3.0,6.0,4.0,2.0,5.0,3.0,6.0,6.0,2.0,1.0
1593,3.0,2.0,1.0,1.0,0.0,0.0,1.0,0.0,0.0,0.0,1.0,0.0,0.0,0.0,1.0,0.0,0.0,0.0,1.0,1.0,0.0,1.0,0.0,0.0,0.0,1.0,2.0,1.0,0.0,0.0,0.0,1.0,1.0,0.0,0.0,0.0,1.0,1.0,0.0,2.0,0.0,0.0,0.0,1.0,1.0
1594,2.0,0.0,0.0,2.0,1.0,1.0,0.0,0.0,1.0,0.0,2.0,1.0,0.0,1.0,1.0,0.0,1.0,0.0,0.0,0.0,1.0,1.0,0.0,2.0,0.0,0.0,0.0,2.0,1.0,2.0,1.0,0.0,2.0,1.0,0.0,3.0,1.0,1.0,2.0,1.0,0.0,0.0,3.0,1.0,0.0
1595,2.0,0.0,0.0,2.0,2.0,3.0,2.0,0.0,1.0,1.0,2.0,1.0,1.0,2.0,1.0,1.0,3.0,0.0,1.0,0.0,1.0,1.0,0.0,2.0,1.0,1.0,1.0,4.0,1.0,2.0,1.0,0.0,3.0,1.0,0.0,3.0,2.0,1.0,2.0,1.0,1.0,1.0,3.0,2.0,0.0
1596,3.0,1.0,1.0,2.0,0.0,0.0,0.0,1.0,0.0,0.0,1.0,0.0,0.0,0.0,1.0,0.0,0.0,0.0,1.0,1.0,0.0,1.0,0.0,0.0,0.0,1.0,1.0,1.0,0.0,0.0,0.0,3.0,0.0,1.0,2.0,0.0,1.0,2.0,0.0,1.0,0.0,0.0,0.0,1.0,1.0
1597,4.0,3.0,1.0,5.0,3.0,2.0,0.0,5.0,6.0,2.0,3.0,1.0,3.0,2.0,2.0,1.0,3.0,1.0,2.0,2.0,6.0,2.0,2.0,3.0,3.0,3.0,1.0,3.0,3.0,4.0,4.0,3.0,2.0,3.0,0.0,4.0,7.0,4.0,2.0,4.0,1.0,6.0,7.0,1.0,1.0
1598,4.0,3.0,2.0,5.0,2.0,0.0,3.0,5.0,6.0,0.0,2.0,2.0,3.0,3.0,2.0,5.0,3.0,1.0,2.0,3.0,6.0,2.0,1.0,3.0,4.0,1.0,1.0,3.0,3.0,2.0,4.0,4.0,2.0,3.0,0.0,3.0,5.0,4.0,2.0,4.0,3.0,6.0,6.0,2.0,1.0
1599,3.0,1.0,1.0,1.0,0.0,0.0,0.0,1.0,0.0,0.0,1.0,0.0,0.0,0.0,1.0,0.0,0.0,0.0,1.0,1.0,0.0,1.0,0.0,0.0,0.0,1.0,1.0,1.0,0.0,0.0,0.0,2.0,1.0,0.0,1.0,0.0,1.0,1.0,0.0,1.0,0.0,0.0,0.0,1.0,1.0
1600,2.0,0.0,0.0,2.0,1.0,1.0,0.0,0.0,1.0,0.0,2.0,1.0,0.0,1.0,1.0,0.0,1.0,0.0,0.0,0.0,1.0,1.0,0.0,2.0,0.0,0.0,0.0,2.0,1.0,2.0,1.0,0.0,2.0,1.0,0.0,2.0,2.0,1.0,2.0,1.0,0.0,0.0,3.0,1.0,0.0
1601,2.0,0.0,0.0,2.0,1.0,0.0,2.0,0.0,1.0,0.0,1.0,1.0,1.0,2.0,1.0,1.0,3.0,0.0,1.0,0.0,1.0,1.0,0.0,2.0,1.0,1.0,1.0,4.0,1.0,2.0,1.0,0.0,3.0,1.0,0.0,2.0,2.0,2.0,2.0,1.0,1.0,1.0,3.0,2.0,0.0
1602,6.0,7.0,2.0,2.0,7.0,0.0,10.0,8.0,7.0,7.0,5.0,4.0,10.0,5.0,6.0,5.0,4.0,3.0,1.0,2.0,3.0,4.0,5.0,4.0,0.0,0.0,5.0,6.0,2.0,6.0,10.0,2.0,8.0,5.0,5.0,0.0,3.0,11.0,8.0,7.0,0.0,0.0,0.0,5.0,6.0
1603,4.0,3.0,1.0,5.0,3.0,2.0,0.0,5.0,6.0,2.0,4.0,1.0,4.0,5.0,4.0,2.0,3.0,1.0,2.0,2.0,6.0,2.0,2.0,3.0,3.0,3.0,1.0,3.0,5.0,5.0,4.0,3.0,5.0,4.0,0.0,6.0,6.0,5.0,3.0,4.0,1.0,5.0,8.0,2.0,1.0
1604,4.0,3.0,3.0,5.0,4.0,4.0,2.0,5.0,6.0,3.0,4.0,4.0,5.0,7.0,6.0,6.0,3.0,3.0,3.0,3.0,6.0,2.0,3.0,3.0,5.0,6.0,1.0,5.0,5.0,5.0,4.0,4.0,8.0,4.0,0.0,6.0,8.0,5.0,5.0,4.0,4.0,6.0,9.0,2.0,1.0
1605,5.0,5.0,2.0,1.0,5.0,0.0,10.0,7.0,5.0,7.0,4.0,4.0,8.0,4.0,6.0,4.0,4.0,3.0,1.0,2.0,3.0,4.0,4.0,6.0,0.0,0.0,7.0,6.0,2.0,6.0,8.0,2.0,7.0,5.0,5.0,0.0,3.0,8.0,6.0,6.0,0.0,0.0,0.0,5.0,6.0
1606,2.0,0.0,0.0,2.0,1.0,1.0,0.0,0.0,1.0,0.0,2.0,1.0,0.0,2.0,2.0,0.0,1.0,0.0,0.0,0.0,1.0,1.0,0.0,2.0,0.0,0.0,0.0,2.0,2.0,3.0,1.0,0.0,2.0,2.0,0.0,4.0,1.0,2.0,1.0,1.0,0.0,0.0,3.0,2.0,0.0
1607,2.0,0.0,1.0,2.0,2.0,4.0,1.0,0.0,1.0,1.0,2.0,3.0,1.0,3.0,3.0,1.0,3.0,1.0,0.0,0.0,1.0,1.0,0.0,2.0,2.0,3.0,1.0,3.0,2.0,3.0,1.0,0.0,4.0,2.0,0.0,5.0,3.0,2.0,3.0,1.0,1.0,1.0,4.0,2.0,0.0
1608,4.0,5.0,2.0,1.0,6.0,0.0,5.0,7.0,2.0,1.0,2.0,3.0,7.0,5.0,4.0,1.0,3.0,2.0,1.0,2.0,2.0,4.0,5.0,1.0,0.0,0.0,3.0,2.0,2.0,3.0,4.0,2.0,5.0,3.0,3.0,0.0,3.0,6.0,4.0,8.0,1.0,2.0,4.0,1.0,4.0
1609,4.0,3.0,1.0,4.0,4.0,2.0,0.0,5.0,6.0,2.0,3.0,1.0,3.0,3.0,3.0,2.0,3.0,1.0,2.0,2.0,6.0,2.0,2.0,3.0,3.0,3.0,1.0,3.0,4.0,4.0,4.0,3.0,4.0,4.0,0.0,5.0,7.0,5.0,2.0,4.0,1.0,5.0,6.0,1.0,1.0
1610,4.0,3.0,2.0,4.0,5.0,3.0,3.0,5.0,6.0,3.0,3.0,2.0,4.0,4.0,4.0,5.0,3.0,3.0,2.0,4.0,6.0,2.0,3.0,3.0,4.0,4.0,2.0,4.0,4.0,3.0,4.0,4.0,6.0,4.0,0.0,6.0,9.0,5.0,4.0,4.0,4.0,5.0,6.0,1.0,1.0
1611,4.0,4.0,2.0,1.0,4.0,0.0,5.0,5.0,2.0,1.0,2.0,3.0,5.0,5.0,4.0,1.0,3.0,2.0,1.0,2.0,2.0,4.0,4.0,1.0,0.0,0.0,3.0,2.0,2.0,3.0,4.0,1.0,5.0,3.0,3.0,0.0,3.0,4.0,4.0,5.0,1.0,2.0,3.0,1.0,4.0
1612,2.0,0.0,0.0,2.0,1.0,1.0,0.0,0.0,1.0,0.0,2.0,1.0,0.0,2.0,1.0,0.0,1.0,0.0,0.0,0.0,1.0,1.0,0.0,2.0,0.0,0.0,0.0,2.0,1.0,2.0,1.0,0.0,2.0,2.0,0.0,3.0,2.0,2.0,1.0,1.0,0.0,0.0,3.0,1.0,0.0
1613,2.0,0.0,0.0,3.0,2.0,3.0,2.0,0.0,1.0,1.0,2.0,1.0,1.0,3.0,2.0,1.0,3.0,1.0,0.0,0.0,1.0,1.0,0.0,2.0,2.0,1.0,2.0,3.0,1.0,2.0,1.0,0.0,3.0,2.0,0.0,4.0,4.0,2.0,3.0,1.0,1.0,1.0,3.0,1.0,0.0
1614,3.0,3.0,1.0,1.0,2.0,0.0,2.0,0.0,2.0,1.0,1.0,1.0,3.0,4.0,2.0,1.0,3.0,1.0,1.0,1.0,1.0,3.0,1.0,1.0,0.0,0.0,1.0,2.0,0.0,0.0,1.0,1.0,3.0,1.0,2.0,0.0,2.0,2.0,2.0,5.0,0.0,0.0,0.0,3.0,2.0
1615,4.0,3.0,1.0,4.0,4.0,2.0,0.0,5.0,5.0,3.0,3.0,1.0,3.0,2.0,2.0,1.0,3.0,1.0,2.0,2.0,6.0,2.0,2.0,2.0,3.0,3.0,1.0,2.0,4.0,4.0,4.0,3.0,2.0,3.0,0.0,3.0,6.0,4.0,2.0,4.0,1.0,5.0,5.0,1.0,1.0
1616,4.0,3.0,2.0,4.0,5.0,3.0,3.0,5.0,5.0,4.0,3.0,2.0,4.0,3.0,2.0,4.0,3.0,2.0,2.0,4.0,6.0,2.0,3.0,1.0,3.0,4.0,1.0,3.0,5.0,3.0,4.0,4.0,2.0,3.0,0.0,3.0,6.0,4.0,2.0,5.0,3.0,5.0,5.0,1.0,1.0
1617,3.0,3.0,1.0,1.0,1.0,0.0,2.0,0.0,2.0,1.0,1.0,1.0,3.0,4.0,2.0,1.0,3.0,1.0,1.0,1.0,1.0,3.0,1.0,1.0,0.0,0.0,1.0,2.0,0.0,0.0,1.0,1.0,3.0,1.0,2.0,0.0,2.0,2.0,2.0,4.0,0.0,0.0,0.0,3.0,2.0
1618,2.0,0.0,0.0,2.0,1.0,1.0,0.0,0.0,1.0,0.0,2.0,1.0,0.0,1.0,1.0,0.0,1.0,0.0,0.0,0.0,1.0,1.0,0.0,2.0,0.0,0.0,0.0,1.0,2.0,2.0,1.0,0.0,2.0,1.0,0.0,2.0,2.0,1.0,2.0,1.0,0.0,0.0,3.0,1.0,0.0
1619,2.0,0.0,0.0,2.0,2.0,3.0,2.0,0.0,1.0,1.0,2.0,1.0,1.0,2.0,1.0,1.0,3.0,1.0,0.0,0.0,1.0,1.0,0.0,2.0,1.0,1.0,1.0,3.0,2.0,2.0,1.0,0.0,3.0,1.0,0.0,2.0,3.0,1.0,2.0,1.0,1.0,1.0,3.0,1.0,0.0
1620,3.0,7.0,4.0,2.0,9.0,0.0,9.0,6.0,4.0,2.0,3.0,3.0,9.0,7.0,7.0,3.0,3.0,3.0,1.0,2.0,3.0,4.0,5.0,7.0,0.0,0.0,8.0,11.0,9.0,6.0,14.0,3.0,8.0,7.0,13.0,0.0,4.0,14.0,10.0,11.0,15.0,9.0,6.0,1.0,7.0
1621,4.0,3.0,2.0,4.0,3.0,2.0,0.0,5.0,4.0,2.0,4.0,1.0,3.0,4.0,3.0,2.0,3.0,1.0,2.0,1.0,6.0,2.0,2.0,4.0,2.0,3.0,1.0,3.0,4.0,4.0,3.0,3.0,4.0,4.0,0.0,6.0,6.0,4.0,3.0,5.0,1.0,6.0,7.0,2.0,1.0
1622,4.0,3.0,4.0,4.0,4.0,5.0,2.0,5.0,5.0,3.0,4.0,5.0,3.0,6.0,5.0,6.0,3.0,3.0,2.0,4.0,6.0,2.0,3.0,4.0,3.0,4.0,1.0,4.0,5.0,5.0,4.0,4.0,5.0,5.0,0.0,5.0,8.0,5.0,5.0,6.0,3.0,7.0,8.0,2.0,1.0
1623,3.0,5.0,10.0,5.0,5.0,0.0,9.0,6.0,4.0,2.0,3.0,3.0,8.0,6.0,7.0,3.0,3.0,3.0,1.0,2.0,3.0,4.0,4.0,6.0,0.0,0.0,8.0,9.0,7.0,6.0,10.0,3.0,7.0,7.0,11.0,0.0,4.0,10.0,8.0,7.0,11.0,5.0,4.0,1.0,6.0
1624,2.0,0.0,1.0,1.0,1.0,1.0,0.0,0.0,0.0,0.0,2.0,1.0,0.0,1.0,1.0,0.0,1.0,0.0,0.0,0.0,1.0,1.0,0.0,2.0,0.0,0.0,0.0,2.0,1.0,2.0,0.0,0.0,1.0,1.0,0.0,4.0,1.0,2.0,0.0,1.0,0.0,0.0,3.0,2.0,0.0
1625,2.0,0.0,2.0,1.0,2.0,4.0,1.0,0.0,1.0,1.0,2.0,4.0,0.0,4.0,2.0,1.0,2.0,1.0,0.0,0.0,1.0,1.0,0.0,2.0,1.0,2.0,1.0,3.0,2.0,3.0,1.0,0.0,2.0,2.0,0.0,4.0,3.0,3.0,2.0,2.0,1.0,1.0,4.0,2.0,0.0
1626,3.0,4.0,9.0,4.0,3.0,0.0,6.0,4.0,4.0,2.0,2.0,1.0,4.0,5.0,4.0,1.0,3.0,1.0,1.0,1.0,2.0,4.0,5.0,1.0,0.0,0.0,5.0,8.0,2.0,3.0,4.0,2.0,6.0,4.0,12.0,3.0,5.0,9.0,5.0,12.0,10.0,6.0,6.0,1.0,6.0
1627,4.0,3.0,1.0,4.0,4.0,2.0,0.0,5.0,3.0,3.0,3.0,1.0,3.0,3.0,3.0,1.0,3.0,1.0,2.0,1.0,6.0,2.0,2.0,3.0,2.0,2.0,1.0,3.0,4.0,4.0,3.0,3.0,3.0,3.0,0.0,5.0,7.0,4.0,3.0,5.0,1.0,5.0,8.0,2.0,1.0
1628,4.0,3.0,3.0,4.0,5.0,3.0,2.0,5.0,4.0,4.0,3.0,2.0,4.0,6.0,5.0,4.0,3.0,3.0,2.0,3.0,6.0,2.0,3.0,3.0,3.0,3.0,1.0,4.0,5.0,4.0,4.0,4.0,3.0,4.0,0.0,5.0,8.0,4.0,5.0,6.0,3.0,6.0,9.0,2.0,1.0
1629,3.0,4.0,6.0,4.0,3.0,0.0,6.0,4.0,4.0,5.0,2.0,2.0,4.0,5.0,4.0,1.0,3.0,1.0,1.0,1.0,2.0,4.0,4.0,1.0,0.0,0.0,5.0,6.0,2.0,3.0,4.0,2.0,5.0,4.0,10.0,2.0,4.0,6.0,5.0,8.0,8.0,5.0,3.0,1.0,6.0
1630,2.0,0.0,0.0,2.0,1.0,1.0,0.0,0.0,0.0,0.0,2.0,1.0,0.0,1.0,1.0,0.0,1.0,0.0,0.0,0.0,1.0,1.0,0.0,2.0,0.0,0.0,0.0,2.0,1.0,2.0,0.0,0.0,1.0,1.0,0.0,3.0,2.0,2.0,0.0,1.0,0.0,0.0,3.0,2.0,0.0
1631,2.0,0.0,1.0,2.0,2.0,3.0,1.0,0.0,1.0,1.0,2.0,1.0,1.0,3.0,2.0,1.0,2.0,1.0,0.0,0.0,1.0,1.0,0.0,2.0,1.0,2.0,1.0,3.0,2.0,3.0,1.0,0.0,3.0,2.0,0.0,3.0,3.0,2.0,3.0,2.0,1.0,1.0,4.0,2.0,0.0
1632,3.0,3.0,2.0,1.0,7.0,0.0,5.0,3.0,2.0,1.0,2.0,1.0,3.0,3.0,4.0,1.0,2.0,3.0,1.0,1.0,1.0,4.0,1.0,1.0,0.0,0.0,3.0,6.0,2.0,2.0,4.0,1.0,3.0,2.0,2.0,0.0,2.0,6.0,4.0,11.0,6.0,6.0,4.0,1.0,4.0
1633,4.0,3.0,1.0,4.0,4.0,2.0,0.0,5.0,3.0,3.0,3.0,1.0,3.0,2.0,3.0,1.0,3.0,1.0,2.0,1.0,3.0,2.0,2.0,2.0,2.0,2.0,1.0,3.0,4.0,3.0,4.0,3.0,2.0,3.0,0.0,3.0,6.0,3.0,2.0,4.0,1.0,5.0,5.0,2.0,1.0
1634,4.0,3.0,2.0,4.0,5.0,2.0,3.0,5.0,4.0,4.0,3.0,2.0,4.0,3.0,4.0,3.0,3.0,2.0,2.0,3.0,3.0,2.0,3.0,2.0,3.0,3.0,1.0,4.0,4.0,3.0,4.0,4.0,2.0,4.0,0.0,3.0,6.0,4.0,4.0,5.0,3.0,6.0,5.0,2.0,1.0
1635,3.0,3.0,2.0,1.0,4.0,0.0,5.0,3.0,2.0,1.0,2.0,1.0,3.0,3.0,4.0,1.0,2.0,3.0,1.0,1.0,1.0,3.0,1.0,1.0,0.0,0.0,3.0,6.0,2.0,2.0,4.0,1.0,3.0,2.0,2.0,0.0,2.0,5.0,4.0,8.0,4.0,3.0,3.0,1.0,4.0
1636,2.0,0.0,0.0,2.0,1.0,1.0,0.0,0.0,0.0,0.0,2.0,1.0,0.0,1.0,1.0,0.0,1.0,0.0,0.0,0.0,1.0,1.0,0.0,2.0,0.0,0.0,0.0,2.0,1.0,1.0,1.0,0.0,1.0,1.0,0.0,2.0,2.0,2.0,0.0,1.0,0.0,0.0,3.0,2.0,0.0
1637,2.0,0.0,0.0,3.0,2.0,2.0,2.0,0.0,1.0,1.0,2.0,1.0,1.0,2.0,2.0,1.0,2.0,1.0,0.0,0.0,1.0,1.0,0.0,2.0,0.0,1.0,2.0,3.0,1.0,2.0,1.0,0.0,1.0,1.0,0.0,2.0,3.0,2.0,2.0,2.0,1.0,1.0,3.0,2.0,0.0
1638,3.0,2.0,1.0,2.0,1.0,0.0,1.0,0.0,3.0,1.0,0.0,1.0,2.0,1.0,2.0,0.0,0.0,0.0,3.0,2.0,1.0,1.0,0.0,4.0,0.0,0.0,2.0,2.0,0.0,0.0,0.0,2.0,2.0,1.0,1.0,0.0,1.0,3.0,1.0,4.0,0.0,0.0,0.0,2.0,2.0
1639,4.0,3.0,1.0,5.0,4.0,2.0,0.0,5.0,4.0,2.0,4.0,1.0,4.0,4.0,3.0,2.0,3.0,1.0,3.0,1.0,6.0,2.0,2.0,5.0,1.0,3.0,1.0,3.0,4.0,4.0,3.0,3.0,4.0,4.0,0.0,6.0,6.0,4.0,3.0,4.0,1.0,6.0,7.0,2.0,1.0
1640,4.0,3.0,2.0,6.0,5.0,2.0,3.0,5.0,5.0,3.0,4.0,3.0,5.0,7.0,4.0,4.0,3.0,3.0,3.0,4.0,6.0,2.0,3.0,5.0,2.0,5.0,1.0,4.0,5.0,5.0,4.0,4.0,3.0,5.0,0.0,5.0,8.0,4.0,5.0,4.0,3.0,7.0,7.0,2.0,1.0
1641,3.0,2.0,1.0,1.0,1.0,0.0,1.0,0.0,2.0,1.0,0.0,1.0,2.0,1.0,2.0,0.0,0.0,0.0,1.0,2.0,1.0,1.0,0.0,3.0,0.0,0.0,2.0,2.0,0.0,0.0,0.0,2.0,2.0,1.0,1.0,0.0,1.0,2.0,1.0,3.0,0.0,0.0,0.0,2.0,2.0
1642,2.0,0.0,0.0,2.0,1.0,1.0,0.0,0.0,0.0,0.0,2.0,1.0,0.0,1.0,1.0,0.0,1.0,0.0,0.0,0.0,1.0,1.0,0.0,2.0,0.0,0.0,0.0,2.0,1.0,2.0,0.0,0.0,1.0,1.0,0.0,4.0,1.0,2.0,0.0,1.0,0.0,0.0,3.0,2.0,0.0
1643,2.0,0.0,0.0,3.0,2.0,2.0,2.0,0.0,1.0,1.0,2.0,2.0,1.0,3.0,3.0,1.0,2.0,1.0,0.0,0.0,1.0,1.0,0.0,2.0,1.0,2.0,1.0,3.0,2.0,3.0,1.0,0.0,3.0,2.0,0.0,4.0,3.0,2.0,3.0,1.0,1.0,1.0,4.0,2.0,0.0
1644,3.0,2.0,1.0,2.0,0.0,0.0,4.0,0.0,1.0,0.0,1.0,0.0,2.0,1.0,1.0,0.0,0.0,0.0,3.0,2.0,1.0,1.0,0.0,1.0,0.0,0.0,0.0,2.0,0.0,0.0,0.0,2.0,1.0,1.0,1.0,0.0,1.0,1.0,1.0,2.0,0.0,0.0,0.0,2.0,1.0
1645,4.0,3.0,1.0,5.0,4.0,2.0,0.0,5.0,4.0,2.0,3.0,1.0,4.0,3.0,3.0,2.0,3.0,1.0,3.0,1.0,6.0,2.0,2.0,5.0,1.0,3.0,1.0,3.0,4.0,4.0,3.0,3.0,3.0,4.0,0.0,6.0,6.0,4.0,3.0,4.0,1.0,6.0,7.0,2.0,1.0
1646,4.0,3.0,2.0,6.0,5.0,2.0,3.0,5.0,5.0,3.0,3.0,2.0,5.0,5.0,4.0,4.0,3.0,2.0,3.0,4.0,6.0,2.0,3.0,5.0,2.0,4.0,1.0,5.0,4.0,4.0,4.0,4.0,3.0,5.0,0.0,5.0,6.0,4.0,5.0,4.0,3.0,6.0,7.0,2.0,1.0
1647,3.0,2.0,1.0,1.0,0.0,0.0,4.0,0.0,1.0,0.0,1.0,0.0,2.0,1.0,1.0,0.0,0.0,0.0,1.0,1.0,1.0,1.0,0.0,1.0,0.0,0.0,0.0,2.0,0.0,0.0,0.0,1.0,2.0,0.0,1.0,0.0,1.0,1.0,1.0,2.0,0.0,0.0,0.0,2.0,1.0
1648,2.0,0.0,0.0,2.0,1.0,1.0,0.0,0.0,0.0,0.0,2.0,1.0,0.0,1.0,1.0,0.0,1.0,0.0,0.0,0.0,1.0,1.0,0.0,2.0,0.0,0.0,0.0,2.0,1.0,2.0,0.0,0.0,1.0,1.0,0.0,4.0,1.0,2.0,0.0,1.0,0.0,0.0,3.0,2.0,0.0
1649,2.0,0.0,0.0,3.0,2.0,2.0,2.0,0.0,1.0,1.0,2.0,1.0,1.0,3.0,2.0,1.0,2.0,1.0,0.0,0.0,1.0,1.0,0.0,2.0,0.0,2.0,1.0,4.0,1.0,3.0,1.0,0.0,1.0,2.0,0.0,4.0,3.0,2.0,3.0,1.0,1.0,1.0,4.0,2.0,0.0
1650,3.0,1.0,1.0,2.0,0.0,0.0,1.0,0.0,0.0,0.0,1.0,0.0,0.0,0.0,1.0,0.0,0.0,0.0,1.0,1.0,0.0,1.0,0.0,0.0,0.0,1.0,2.0,1.0,0.0,0.0,1.0,0.0,1.0,0.0,1.0,0.0,1.0,2.0,0.0,3.0,0.0,0.0,0.0,1.0,1.0
1651,4.0,3.0,1.0,5.0,3.0,2.0,0.0,5.0,4.0,2.0,3.0,1.0,3.0,1.0,2.0,1.0,3.0,1.0,3.0,1.0,6.0,2.0,2.0,4.0,2.0,3.0,1.0,3.0,4.0,3.0,4.0,3.0,3.0,4.0,0.0,4.0,7.0,3.0,3.0,4.0,1.0,6.0,7.0,1.0,1.0
1652,4.0,3.0,2.0,5.0,4.0,2.0,3.0,5.0,5.0,2.0,3.0,2.0,3.0,3.0,2.0,4.0,3.0,1.0,3.0,3.0,6.0,2.0,3.0,4.0,3.0,4.0,1.0,5.0,4.0,3.0,4.0,4.0,2.0,3.0,0.0,4.0,6.0,3.0,2.0,5.0,3.0,6.0,6.0,2.0,1.0
1653,3.0,1.0,1.0,1.0,0.0,0.0,1.0,0.0,0.0,0.0,1.0,0.0,0.0,0.0,1.0,0.0,0.0,0.0,1.0,1.0,0.0,1.0,0.0,0.0,0.0,1.0,2.0,1.0,0.0,0.0,1.0,0.0,1.0,0.0,1.0,0.0,1.0,1.0,0.0,2.0,0.0,0.0,0.0,1.0,1.0
1654,2.0,0.0,0.0,2.0,1.0,1.0,0.0,0.0,0.0,0.0,2.0,1.0,0.0,0.0,1.0,0.0,1.0,0.0,0.0,0.0,1.0,1.0,0.0,2.0,0.0,0.0,0.0,2.0,1.0,1.0,1.0,0.0,1.0,1.0,0.0,2.0,2.0,1.0,1.0,1.0,0.0,0.0,3.0,1.0,0.0
1655,2.0,0.0,0.0,2.0,2.0,2.0,2.0,0.0,1.0,1.0,2.0,1.0,1.0,2.0,1.0,1.0,2.0,0.0,1.0,0.0,1.0,1.0,0.0,2.0,0.0,1.0,1.0,4.0,1.0,2.0,1.0,0.0,1.0,1.0,0.0,2.0,3.0,1.0,2.0,1.0,1.0,1.0,3.0,2.0,0.0
1656,3.0,1.0,1.0,2.0,0.0,0.0,0.0,1.0,0.0,0.0,1.0,0.0,0.0,0.0,1.0,0.0,0.0,0.0,2.0,1.0,1.0,1.0,0.0,0.0,0.0,1.0,1.0,1.0,0.0,0.0,0.0,3.0,0.0,1.0,2.0,0.0,1.0,0.0,1.0,1.0,0.0,0.0,0.0,1.0,1.0
1657,4.0,3.0,1.0,5.0,3.0,2.0,0.0,5.0,4.0,2.0,3.0,1.0,3.0,1.0,2.0,1.0,3.0,1.0,2.0,1.0,6.0,2.0,2.0,3.0,2.0,3.0,1.0,2.0,4.0,3.0,4.0,3.0,2.0,3.0,0.0,4.0,7.0,3.0,3.0,4.0,1.0,6.0,7.0,0.0,2.0
1658,4.0,3.0,2.0,5.0,4.0,2.0,3.0,5.0,5.0,0.0,2.0,2.0,3.0,2.0,2.0,4.0,3.0,2.0,2.0,3.0,6.0,2.0,1.0,3.0,3.0,1.0,1.0,4.0,4.0,2.0,4.0,4.0,2.0,3.0,0.0,4.0,5.0,3.0,4.0,4.0,3.0,6.0,7.0,0.0,2.0
1659,3.0,1.0,1.0,1.0,0.0,0.0,0.0,1.0,0.0,0.0,1.0,0.0,0.0,0.0,1.0,0.0,0.0,0.0,2.0,0.0,1.0,1.0,0.0,0.0,0.0,1.0,1.0,1.0,0.0,0.0,0.0,2.0,1.0,0.0,1.0,0.0,1.0,0.0,1.0,1.0,0.0,0.0,0.0,2.0,1.0
1660,2.0,0.0,0.0,2.0,1.0,1.0,0.0,0.0,0.0,0.0,2.0,1.0,0.0,0.0,1.0,0.0,1.0,0.0,0.0,0.0,1.0,1.0,0.0,2.0,0.0,0.0,0.0,1.0,1.0,1.0,1.0,0.0,1.0,1.0,0.0,2.0,2.0,1.0,1.0,1.0,0.0,0.0,3.0,0.0,1.0
1661,2.0,0.0,0.0,2.0,2.0,2.0,2.0,0.0,1.0,0.0,1.0,1.0,1.0,1.0,1.0,1.0,2.0,0.0,1.0,0.0,1.0,1.0,0.0,2.0,0.0,1.0,1.0,3.0,2.0,2.0,1.0,0.0,1.0,1.0,0.0,2.0,2.0,2.0,2.0,1.0,1.0,1.0,3.0,0.0,1.0
1662,6.0,7.0,2.0,2.0,8.0,0.0,10.0,8.0,7.0,7.0,5.0,4.0,10.0,5.0,6.0,3.0,4.0,3.0,1.0,2.0,3.0,4.0,5.0,4.0,0.0,0.0,5.0,6.0,2.0,6.0,10.0,2.0,8.0,5.0,5.0,0.0,3.0,10.0,8.0,7.0,0.0,0.0,0.0,5.0,6.0
1663,4.0,3.0,1.0,5.0,3.0,2.0,0.0,5.0,4.0,2.0,4.0,1.0,4.0,4.0,3.0,2.0,3.0,1.0,2.0,1.0,6.0,2.0,2.0,3.0,2.0,3.0,1.0,3.0,4.0,4.0,3.0,3.0,4.0,3.0,0.0,6.0,6.0,4.0,3.0,4.0,1.0,5.0,8.0,2.0,1.0
1664,4.0,3.0,3.0,5.0,4.0,3.0,2.0,5.0,5.0,3.0,4.0,4.0,4.0,7.0,6.0,6.0,3.0,3.0,3.0,3.0,6.0,2.0,3.0,3.0,4.0,5.0,1.0,4.0,5.0,5.0,4.0,4.0,5.0,4.0,0.0,5.0,8.0,4.0,5.0,4.0,3.0,6.0,9.0,2.0,1.0
1665,5.0,5.0,2.0,1.0,6.0,0.0,10.0,7.0,5.0,7.0,4.0,4.0,8.0,4.0,6.0,3.0,4.0,3.0,1.0,2.0,3.0,4.0,4.0,6.0,0.0,0.0,7.0,6.0,2.0,6.0,8.0,2.0,7.0,5.0,5.0,0.0,3.0,8.0,6.0,6.0,0.0,0.0,0.0,5.0,6.0
1666,2.0,0.0,0.0,2.0,1.0,1.0,0.0,0.0,0.0,0.0,2.0,1.0,0.0,1.0,1.0,0.0,1.0,0.0,0.0,0.0,1.0,1.0,0.0,2.0,0.0,0.0,0.0,2.0,1.0,2.0,0.0,0.0,1.0,1.0,0.0,4.0,1.0,2.0,0.0,1.0,0.0,0.0,3.0,2.0,0.0
1667,2.0,0.0,1.0,2.0,2.0,3.0,1.0,0.0,1.0,1.0,2.0,3.0,0.0,3.0,3.0,1.0,2.0,1.0,0.0,0.0,1.0,1.0,0.0,2.0,1.0,2.0,1.0,3.0,2.0,3.0,1.0,0.0,2.0,2.0,0.0,4.0,3.0,2.0,3.0,1.0,1.0,1.0,4.0,2.0,0.0
1668,4.0,5.0,2.0,1.0,6.0,0.0,5.0,7.0,2.0,1.0,2.0,3.0,7.0,5.0,4.0,1.0,3.0,2.0,1.0,2.0,2.0,4.0,5.0,1.0,0.0,0.0,3.0,2.0,2.0,2.0,5.0,2.0,5.0,3.0,3.0,0.0,2.0,6.0,4.0,8.0,1.0,2.0,4.0,1.0,4.0
1669,4.0,3.0,1.0,4.0,4.0,2.0,0.0,5.0,4.0,2.0,3.0,1.0,3.0,2.0,3.0,2.0,3.0,1.0,2.0,1.0,6.0,2.0,2.0,3.0,2.0,3.0,1.0,3.0,4.0,3.0,4.0,3.0,3.0,3.0,0.0,5.0,7.0,3.0,2.0,4.0,1.0,5.0,6.0,1.0,1.0
1670,4.0,3.0,2.0,4.0,5.0,2.0,3.0,5.0,5.0,3.0,3.0,2.0,4.0,4.0,4.0,4.0,3.0,3.0,2.0,4.0,6.0,2.0,3.0,3.0,3.0,4.0,2.0,4.0,4.0,3.0,4.0,4.0,3.0,4.0,0.0,5.0,8.0,4.0,4.0,4.0,3.0,5.0,6.0,1.0,1.0
1671,4.0,4.0,2.0,1.0,4.0,0.0,5.0,5.0,2.0,1.0,2.0,3.0,5.0,5.0,4.0,1.0,3.0,2.0,1.0,2.0,2.0,4.0,4.0,1.0,0.0,0.0,3.0,2.0,2.0,2.0,5.0,1.0,5.0,3.0,3.0,0.0,2.0,5.0,4.0,5.0,1.0,2.0,3.0,1.0,4.0
1672,2.0,0.0,0.0,2.0,1.0,1.0,0.0,0.0,0.0,0.0,2.0,1.0,0.0,1.0,1.0,0.0,1.0,0.0,0.0,0.0,1.0,1.0,0.0,2.0,0.0,0.0,0.0,2.0,1.0,1.0,1.0,0.0,1.0,1.0,0.0,3.0,2.0,2.0,0.0,1.0,0.0,0.0,3.0,1.0,0.0
1673,2.0,0.0,0.0,3.0,2.0,2.0,2.0,0.0,1.0,1.0,2.0,1.0,1.0,3.0,2.0,1.0,2.0,1.0,0.0,0.0,1.0,1.0,0.0,2.0,1.0,1.0,2.0,3.0,1.0,2.0,1.0,0.0,1.0,2.0,0.0,3.0,3.0,2.0,3.0,1.0,1.0,1.0,3.0,1.0,0.0
1674,3.0,3.0,1.0,1.0,2.0,0.0,2.0,0.0,2.0,1.0,1.0,1.0,3.0,4.0,2.0,1.0,3.0,1.0,1.0,1.0,1.0,3.0,1.0,1.0,0.0,0.0,1.0,2.0,0.0,0.0,1.0,1.0,3.0,1.0,2.0,0.0,2.0,2.0,2.0,5.0,0.0,0.0,0.0,3.0,2.0
1675,4.0,3.0,1.0,4.0,4.0,2.0,0.0,5.0,3.0,3.0,3.0,1.0,3.0,1.0,2.0,1.0,3.0,1.0,2.0,1.0,6.0,2.0,2.0,2.0,2.0,3.0,1.0,2.0,4.0,3.0,4.0,3.0,2.0,3.0,0.0,3.0,6.0,3.0,2.0,4.0,1.0,5.0,5.0,1.0,1.0
1676,4.0,3.0,2.0,4.0,5.0,2.0,3.0,5.0,4.0,4.0,3.0,2.0,4.0,3.0,2.0,3.0,3.0,2.0,2.0,4.0,6.0,2.0,3.0,1.0,3.0,4.0,0.0,4.0,4.0,3.0,4.0,4.0,2.0,3.0,0.0,3.0,6.0,3.0,2.0,5.0,3.0,5.0,5.0,1.0,1.0
1677,3.0,3.0,1.0,1.0,1.0,0.0,2.0,0.0,2.0,1.0,1.0,1.0,3.0,4.0,2.0,1.0,3.0,1.0,1.0,1.0,1.0,3.0,1.0,1.0,0.0,0.0,1.0,2.0,0.0,0.0,1.0,1.0,3.0,1.0,2.0,0.0,2.0,2.0,2.0,4.0,0.0,0.0,0.0,3.0,2.0
1678,2.0,0.0,0.0,2.0,1.0,1.0,0.0,0.0,0.0,0.0,2.0,1.0,0.0,0.0,1.0,0.0,1.0,0.0,0.0,0.0,1.0,1.0,0.0,2.0,0.0,0.0,0.0,1.0,1.0,1.0,1.0,0.0,1.0,1.0,0.0,2.0,2.0,1.0,1.0,1.0,0.0,0.0,3.0,1.0,0.0
1679,2.0,0.0,0.0,2.0,2.0,2.0,2.0,0.0,1.0,1.0,2.0,1.0,1.0,2.0,1.0,1.0,2.0,1.0,0.0,0.0,1.0,1.0,0.0,2.0,0.0,1.0,1.0,3.0,2.0,2.0,1.0,0.0,1.0,1.0,0.0,2.0,3.0,1.0,2.0,1.0,1.0,1.0,3.0,1.0,0.0
1680,7.0,14.0,18.0,14.0,16.0,18.0,13.0,16.0,15.0,11.0,12.0,15.0,13.0,16.0,17.0,16.0,15.0,16.0,11.0,10.0,13.0,14.0,14.0,15.0,15.0,12.0,12.0,18.0,15.0,16.0,18.0,17.0,16.0,17.0,17.0,17.0,19.0,20.0,17.0,15.0,17.0,16.0,17.0,19.0,7.0
1681,7.0,13.0,18.0,14.0,16.0,18.0,13.0,16.0,15.0,11.0,12.0,15.0,13.0,16.0,17.0,16.0,15.0,16.0,11.0,10.0,13.0,14.0,14.0,14.0,15.0,12.0,13.0,18.0,15.0,16.0,18.0,17.0,16.0,17.0,17.0,16.0,19.0,20.0,17.0,15.0,16.0,16.0,17.0,19.0,7.0
1682,7.0,14.0,18.0,14.0,16.0,18.0,13.0,16.0,15.0,11.0,12.0,15.0,13.0,16.0,17.0,16.0,15.0,16.0,11.0,10.0,13.0,14.0,14.0,15.0,15.0,12.0,12.0,18.0,15.0,16.0,18.0,17.0,16.0,17.0,17.0,17.0,19.0,20.0,17.0,15.0,17.0,16.0,17.0,19.0,7.0
1683,5.0,10.0,13.0,11.0,12.0,16.0,13.0,12.0,10.0,9.0,12.0,14.0,10.0,12.0,13.0,10.0,11.0,13.0,9.0,8.0,9.0,12.0,11.0,12.0,11.0,9.0,9.0,15.0,12.0,13.0,13.0,11.0,12.0,13.0,14.0,13.0,13.0,16.0,13.0,11.0,13.0,10.0,12.0,18.0,6.0
1684,5.0,9.0,13.0,11.0,12.0,16.0,13.0,12.0,10.0,9.0,12.0,14.0,10.0,12.0,13.0,10.0,11.0,13.0,9.0,8.0,9.0,12.0,11.0,11.0,11.0,9.0,9.0,15.0,12.0,13.0,13.0,11.0,12.0,13.0,14.0,12.0,13.0,16.0,13.0,11.0,13.0,10.0,12.0,18.0,6.0
1685,5.0,10.0,13.0,11.0,12.0,16.0,13.0,12.0,10.0,9.0,12.0,14.0,10.0,12.0,13.0,10.0,11.0,13.0,9.0,8.0,9.0,12.0,11.0,12.0,11.0,9.0,9.0,15.0,12.0,13.0,13.0,11.0,12.0,13.0,14.0,13.0,13.0,16.0,13.0,11.0,13.0,10.0,12.0,18.0,6.0
1686,6.0,11.0,15.0,12.0,15.0,18.0,13.0,13.0,12.0,10.0,9.0,14.0,10.0,13.0,18.0,16.0,13.0,11.0,11.0,9.0,10.0,12.0,12.0,10.0,15.0,9.0,10.0,13.0,16.0,16.0,16.0,17.0,14.0,15.0,15.0,8.0,17.0,16.0,17.0,14.0,16.0,14.0,18.0,17.0,7.0
1687,6.0,10.0,15.0,12.0,15.0,18.0,13.0,13.0,12.0,10.0,9.0,14.0,10.0,13.0,18.0,16.0,13.0,11.0,11.0,9.0,10.0,12.0,12.0,9.0,15.0,9.0,11.0,13.0,16.0,15.0,16.0,17.0,14.0,15.0,15.0,11.0,18.0,16.0,16.0,14.0,16.0,14.0,18.0,17.0,7.0
1688,6.0,11.0,15.0,12.0,15.0,18.0,13.0,13.0,12.0,10.0,9.0,14.0,10.0,13.0,18.0,16.0,13.0,11.0,11.0,9.0,10.0,12.0,12.0,10.0,15.0,9.0,10.0,13.0,16.0,16.0,16.0,17.0,14.0,15.0,15.0,8.0,17.0,16.0,17.0,14.0,16.0,14.0,18.0,17.0,7.0
1689,4.0,9.0,11.0,11.0,10.0,16.0,13.0,9.0,9.0,8.0,10.0,13.0,8.0,10.0,11.0,11.0,10.0,9.0,9.0,8.0,8.0,11.0,9.0,9.0,11.0,7.0,8.0,11.0,13.0,13.0,12.0,11.0,11.0,10.0,13.0,6.0,12.0,12.0,13.0,10.0,15.0,9.0,12.0,16.0,6.0
1690,4.0,8.0,11.0,11.0,10.0,16.0,13.0,9.0,9.0,8.0,10.0,13.0,8.0,10.0,11.0,11.0,10.0,9.0,9.0,8.0,8.0,11.0,9.0,8.0,11.0,7.0,8.0,11.0,13.0,12.0,12.0,11.0,11.0,10.0,13.0,7.0,12.0,12.0,12.0,10.0,15.0,9.0,12.0,16.0,6.0
1691,4.0,9.0,11.0,11.0,10.0,16.0,13.0,9.0,9.0,8.0,10.0,13.0,8.0,10.0,11.0,11.0,10.0,9.0,9.0,8.0,8.0,11.0,9.0,9.0,11.0,7.0,8.0,11.0,13.0,13.0,12.0,11.0,11.0,10.0,13.0,6.0,12.0,12.0,13.0,10.0,15.0,9.0,12.0,16.0,6.0
1692,5.0,9.0,13.0,9.0,16.0,8.0,7.0,14.0,10.0,7.0,9.0,13.0,4.0,9.0,12.0,11.0,13.0,11.0,8.0,4.0,7.0,9.0,11.0,4.0,14.0,10.0,8.0,11.0,10.0,4.0,12.0,18.0,10.0,8.0,10.0,4.0,11.0,12.0,12.0,14.0,14.0,12.0,12.0,11.0,7.0
1693,5.0,8.0,13.0,9.0,16.0,8.0,7.0,14.0,10.0,7.0,9.0,13.0,4.0,9.0,12.0,11.0,13.0,11.0,8.0,4.0,7.0,9.0,11.0,6.0,14.0,10.0,10.0,11.0,10.0,12.0,13.0,18.0,10.0,8.0,10.0,5.0,7.0,12.0,12.0,14.0,14.0,12.0,12.0,11.0,7.0
1694,5.0,9.0,13.0,9.0,16.0,8.0,7.0,14.0,10.0,7.0,9.0,13.0,4.0,9.0,12.0,11.0,13.0,11.0,8.0,4.0,7.0,9.0,11.0,4.0,14.0,10.0,8.0,11.0,10.0,4.0,12.0,18.0,10.0,8.0,10.0,4.0,11.0,12.0,12.0,14.0,14.0,12.0,12.0,11.0,7.0
1695,3.0,7.0,9.0,6.0,10.0,8.0,7.0,9.0,10.0,6.0,9.0,13.0,3.0,8.0,10.0,7.0,10.0,9.0,7.0,3.0,8.0,8.0,8.0,5.0,11.0,6.0,7.0,11.0,8.0,9.0,9.0,12.0,8.0,8.0,10.0,3.0,9.0,9.0,8.0,11.0,13.0,8.0,9.0,10.0,6.0
1696,3.0,6.0,11.0,10.0,10.0,8.0,7.0,9.0,10.0,6.0,9.0,13.0,3.0,8.0,10.0,7.0,10.0,9.0,7.0,3.0,8.0,8.0,8.0,6.0,11.0,6.0,8.0,11.0,8.0,11.0,9.0,12.0,8.0,8.0,10.0,4.0,8.0,9.0,8.0,11.0,13.0,8.0,9.0,10.0,6.0
1697,3.0,7.0,9.0,6.0,10.0,8.0,7.0,9.0,10.0,6.0,9.0,13.0,3.0,8.0,10.0,7.0,10.0,9.0,7.0,3.0,8.0,8.0,8.0,5.0,11.0,6.0,7.0,11.0,8.0,9.0,9.0,12.0,8.0,8.0,10.0,3.0,9.0,9.0,8.0,11.0,13.0,8.0,9.0,10.0,6.0
1698,7.0,15.0,18.0,15.0,17.0,19.0,15.0,18.0,17.0,13.0,16.0,18.0,15.0,17.0,20.0,16.0,17.0,15.0,13.0,11.0,17.0,15.0,14.0,16.0,15.0,14.0,12.0,17.0,15.0,14.0,18.0,17.0,18.0,16.0,17.0,11.0,21.0,19.0,16.0,14.0,12.0,16.0,17.0,21.0,7.0
1699,7.0,15.0,18.0,15.0,17.0,19.0,15.0,18.0,17.0,13.0,16.0,18.0,15.0,17.0,20.0,16.0,17.0,15.0,13.0,12.0,17.0,15.0,14.0,15.0,15.0,14.0,14.0,16.0,15.0,17.0,19.0,17.0,18.0,16.0,17.0,16.0,21.0,19.0,16.0,14.0,12.0,16.0,17.0,21.0,7.0
1700,7.0,15.0,18.0,15.0,17.0,19.0,15.0,18.0,17.0,13.0,16.0,18.0,15.0,17.0,20.0,16.0,17.0,15.0,13.0,11.0,17.0,15.0,14.0,16.0,15.0,14.0,12.0,17.0,15.0,14.0,18.0,17.0,18.0,16.0,17.0,11.0,21.0,19.0,16.0,14.0,12.0,16.0,17.0,21.0,7.0
1701,5.0,10.0,13.0,11.0,12.0,17.0,14.0,14.0,11.0,10.0,13.0,17.0,11.0,12.0,15.0,10.0,13.0,12.0,9.0,10.0,12.0,14.0,11.0,13.0,11.0,11.0,9.0,15.0,12.0,11.0,12.0,11.0,13.0,13.0,14.0,9.0,15.0,15.0,12.0,11.0,11.0,10.0,12.0,20.0,6.0
1702,5.0,10.0,13.0,11.0,12.0,17.0,14.0,14.0,11.0,10.0,13.0,17.0,11.0,12.0,15.0,10.0,13.0,12.0,9.0,11.0,11.0,14.0,11.0,12.0,11.0,11.0,10.0,14.0,12.0,14.0,13.0,11.0,13.0,13.0,14.0,12.0,15.0,15.0,12.0,11.0,11.0,10.0,12.0,20.0,6.0
1703,5.0,10.0,13.0,11.0,12.0,17.0,14.0,14.0,11.0,10.0,13.0,17.0,11.0,12.0,15.0,10.0,13.0,12.0,9.0,10.0,12.0,14.0,11.0,13.0,11.0,11.0,9.0,15.0,12.0,11.0,12.0,11.0,13.0,13.0,14.0,9.0,15.0,15.0,12.0,11.0,11.0,10.0,12.0,20.0,6.0
1704,7.0,14.0,17.0,15.0,17.0,19.0,13.0,18.0,16.0,13.0,15.0,17.0,11.0,17.0,20.0,16.0,16.0,16.0,12.0,13.0,17.0,14.0,14.0,10.0,15.0,14.0,12.0,15.0,15.0,13.0,18.0,17.0,17.0,17.0,14.0,6.0,20.0,18.0,17.0,10.0,12.0,16.0,17.0,18.0,7.0
1705,7.0,14.0,17.0,15.0,17.0,19.0,13.0,18.0,16.0,13.0,15.0,17.0,11.0,17.0,20.0,16.0,16.0,16.0,12.0,13.0,17.0,14.0,14.0,14.0,15.0,14.0,14.0,14.0,15.0,16.0,19.0,17.0,17.0,17.0,14.0,11.0,20.0,18.0,17.0,10.0,12.0,16.0,17.0,18.0,7.0
1706,7.0,14.0,17.0,15.0,17.0,19.0,13.0,18.0,16.0,13.0,15.0,17.0,11.0,17.0,20.0,16.0,16.0,16.0,12.0,13.0,17.0,14.0,14.0,10.0,15.0,14.0,12.0,15.0,15.0,13.0,18.0,17.0,17.0,17.0,14.0,6.0,20.0,18.0,17.0,10.0,12.0,16.0,17.0,18.0,7.0
1707,5.0,10.0,12.0,11.0,12.0,17.0,13.0,14.0,11.0,10.0,12.0,16.0,9.0,12.0,15.0,10.0,12.0,13.0,9.0,12.0,11.0,13.0,11.0,9.0,11.0,11.0,9.0,13.0,12.0,10.0,12.0,11.0,13.0,13.0,12.0,4.0,14.0,14.0,13.0,11.0,10.0,10.0,12.0,17.0,6.0
1708,5.0,10.0,12.0,11.0,12.0,17.0,13.0,14.0,11.0,10.0,12.0,16.0,9.0,12.0,15.0,10.0,12.0,13.0,9.0,12.0,11.0,13.0,11.0,11.0,11.0,11.0,10.0,12.0,12.0,13.0,13.0,11.0,13.0,13.0,12.0,7.0,14.0,14.0,13.0,11.0,10.0,10.0,12.0,17.0,6.0
1709,5.0,10.0,12.0,11.0,12.0,17.0,13.0,14.0,11.0,10.0,12.0,16.0,9.0,12.0,15.0,10.0,12.0,13.0,9.0,12.0,11.0,13.0,11.0,9.0,11.0,11.0,9.0,13.0,12.0,10.0,12.0,11.0,13.0,13.0,12.0,4.0,14.0,14.0,13.0,11.0,10.0,10.0,12.0,17.0,6.0
1710,7.0,12.0,9.0,10.0,15.0,18.0,10.0,17.0,14.0,12.0,12.0,16.0,9.0,16.0,17.0,16.0,15.0,16.0,12.0,12.0,15.0,12.0,14.0,9.0,15.0,10.0,10.0,13.0,14.0,13.0,17.0,17.0,16.0,14.0,11.0,6.0,16.0,16.0,15.0,10.0,9.0,13.0,17.0,17.0,7.0
1711,7.0,11.0,15.0,14.0,15.0,18.0,10.0,17.0,14.0,12.0,12.0,16.0,9.0,16.0,17.0,16.0,15.0,16.0,12.0,12.0,15.0,12.0,14.0,14.0,15.0,10.0,14.0,13.0,14.0,16.0,18.0,17.0,16.0,14.0,11.0,11.0,15.0,16.0,15.0,10.0,13.0,12.0,17.0,17.0,7.0
1712,7.0,12.0,9.0,10.0,15.0,18.0,10.0,17.0,14.0,12.0,12.0,16.0,9.0,16.0,17.0,16.0,15.0,16.0,12.0,12.0,15.0,12.0,14.0,9.0,15.0,10.0,10.0,13.0,14.0,13.0,17.0,17.0,16.0,14.0,11.0,6.0,16.0,16.0,15.0,10.0,9.0,13.0,17.0,17.0,7.0
1713,5.0,9.0,7.0,8.0,11.0,16.0,10.0,13.0,10.0,9.0,10.0,15.0,8.0,12.0,14.0,10.0,11.0,13.0,9.0,11.0,9.0,11.0,11.0,8.0,11.0,7.0,8.0,11.0,11.0,10.0,12.0,11.0,12.0,10.0,10.0,4.0,12.0,13.0,11.0,11.0,10.0,8.0,12.0,16.0,6.0
1714,5.0,8.0,11.0,11.0,11.0,16.0,10.0,13.0,10.0,9.0,10.0,15.0,8.0,12.0,14.0,10.0,11.0,13.0,9.0,11.0,9.0,11.0,11.0,11.0,11.0,7.0,11.0,11.0,11.0,13.0,13.0,11.0,12.0,10.0,10.0,7.0,11.0,13.0,11.0,11.0,10.0,8.0,12.0,16.0,6.0
1715,5.0,9.0,7.0,8.0,11.0,16.0,10.0,13.0,10.0,9.0,10.0,15.0,8.0,12.0,14.0,10.0,11.0,13.0,9.0,11.0,9.0,11.0,11.0,8.0,11.0,7.0,8.0,11.0,11.0,10.0,12.0,11.0,12.0,10.0,10.0,4.0,12.0,13.0,11.0,11.0,10.0,8.0,12.0,16.0,6.0
1716,7.0,12.0,13.0,8.0,15.0,18.0,9.0,15.0,13.0,9.0,11.0,15.0,10.0,16.0,15.0,16.0,14.0,16.0,10.0,11.0,10.0,4.0,3.0,7.0,15.0,10.0,9.0,6.0,15.0,13.0,16.0,17.0,15.0,14.0,9.0,4.0,14.0,15.0,13.0,7.0,0.0,7.0,16.0,14.0,7.0
1717,7.0,11.0,15.0,13.0,15.0,18.0,9.0,15.0,13.0,9.0,11.0,15.0,10.0,16.0,15.0,16.0,14.0,16.0,10.0,11.0,10.0,11.0,12.0,13.0,15.0,10.0,12.0,7.0,15.0,15.0,17.0,17.0,15.0,14.0,9.0,7.0,15.0,15.0,13.0,7.0,0.0,7.0,16.0,14.0,7.0
1718,7.0,12.0,13.0,8.0,15.0,18.0,9.0,15.0,13.0,9.0,11.0,15.0,10.0,16.0,15.0,16.0,14.0,16.0,10.0,11.0,10.0,11.0,12.0,7.0,15.0,10.0,9.0,6.0,15.0,13.0,16.0,17.0,15.0,14.0,9.0,4.0,14.0,15.0,13.0,7.0,0.0,7.0,16.0,14.0,7.0
1719,5.0,8.0,9.0,7.0,11.0,16.0,9.0,11.0,9.0,8.0,10.0,14.0,8.0,12.0,13.0,10.0,10.0,13.0,8.0,9.0,9.0,4.0,3.0,7.0,11.0,7.0,7.0,6.0,12.0,10.0,11.0,11.0,11.0,10.0,8.0,3.0,12.0,11.0,9.0,8.0,7.0,7.0,12.0,13.0,6.0
1720,5.0,7.0,11.0,11.0,11.0,16.0,9.0,11.0,9.0,8.0,10.0,14.0,8.0,12.0,13.0,10.0,10.0,13.0,8.0,9.0,9.0,10.0,9.0,11.0,11.0,7.0,9.0,7.0,12.0,12.0,12.0,11.0,11.0,10.0,8.0,4.0,12.0,11.0,9.0,8.0,7.0,7.0,12.0,13.0,6.0
1721,5.0,8.0,9.0,7.0,11.0,16.0,9.0,11.0,9.0,8.0,10.0,14.0,8.0,12.0,13.0,10.0,10.0,13.0,8.0,9.0,9.0,10.0,9.0,7.0,11.0,7.0,7.0,6.0,12.0,10.0,11.0,11.0,11.0,10.0,8.0,3.0,12.0,11.0,9.0,8.0,7.0,7.0,12.0,13.0,6.0
1722,7.0,14.0,16.0,14.0,16.0,18.0,12.0,18.0,15.0,9.0,11.0,16.0,13.0,15.0,20.0,16.0,16.0,15.0,12.0,13.0,15.0,12.0,14.0,13.0,15.0,14.0,12.0,12.0,15.0,16.0,18.0,17.0,16.0,16.0,13.0,12.0,19.0,17.0,16.0,9.0,16.0,12.0,18.0,14.0,7.0
1723,7.0,13.0,16.0,14.0,16.0,18.0,12.0,18.0,15.0,9.0,11.0,16.0,13.0,15.0,20.0,16.0,16.0,15.0,12.0,12.0,15.0,12.0,14.0,12.0,15.0,14.0,13.0,12.0,15.0,16.0,18.0,17.0,16.0,16.0,13.0,11.0,19.0,17.0,16.0,9.0,16.0,12.0,18.0,14.0,7.0
1724,7.0,14.0,16.0,14.0,16.0,18.0,12.0,18.0,15.0,9.0,11.0,16.0,13.0,15.0,20.0,16.0,16.0,15.0,12.0,13.0,15.0,12.0,14.0,13.0,15.0,14.0,12.0,12.0,15.0,16.0,18.0,17.0,16.0,16.0,13.0,12.0,19.0,17.0,16.0,9.0,16.0,12.0,18.0,14.0,7.0
1725,5.0,10.0,12.0,11.0,12.0,16.0,12.0,14.0,10.0,8.0,11.0,15.0,9.0,11.0,15.0,10.0,12.0,12.0,9.0,12.0,9.0,11.0,11.0,12.0,11.0,11.0,9.0,12.0,12.0,13.0,13.0,11.0,12.0,11.0,12.0,8.0,13.0,13.0,12.0,10.0,14.0,8.0,12.0,13.0,6.0
1726,5.0,9.0,12.0,11.0,12.0,16.0,12.0,14.0,10.0,8.0,11.0,15.0,9.0,11.0,15.0,10.0,12.0,12.0,9.0,11.0,9.0,11.0,11.0,11.0,11.0,11.0,9.0,12.0,12.0,13.0,13.0,11.0,12.0,11.0,12.0,7.0,13.0,13.0,12.0,10.0,14.0,8.0,12.0,13.0,6.0
1727,5.0,10.0,12.0,11.0,12.0,16.0,12.0,14.0,10.0,8.0,11.0,15.0,9.0,11.0,15.0,10.0,12.0,12.0,9.0,12.0,9.0,11.0,11.0,12.0,11.0,11.0,9.0,12.0,12.0,13.0,13.0,11.0,12.0,11.0,12.0,8.0,13.0,13.0,12.0,10.0,14.0,8.0,12.0,13.0,6.0
1728,6.0,11.0,13.0,12.0,15.0,18.0,13.0,15.0,14.0,6.0,9.0,15.0,13.0,9.0,15.0,15.0,14.0,16.0,11.0,11.0,14.0,11.0,14.0,12.0,15.0,9.0,9.0,9.0,13.0,13.0,14.0,18.0,13.0,13.0,10.0,4.0,14.0,13.0,13.0,8.0,9.0,9.0,13.0,11.0,7.0
1729,6.0,10.0,13.0,12.0,15.0,18.0,13.0,15.0,14.0,6.0,9.0,15.0,13.0,9.0,15.0,15.0,14.0,16.0,11.0,11.0,14.0,11.0,14.0,11.0,15.0,9.0,12.0,8.0,13.0,15.0,15.0,18.0,13.0,13.0,10.0,5.0,15.0,13.0,13.0,8.0,9.0,9.0,13.0,11.0,7.0
1730,6.0,11.0,13.0,12.0,15.0,18.0,13.0,15.0,14.0,6.0,9.0,15.0,13.0,9.0,15.0,15.0,14.0,16.0,11.0,11.0,14.0,11.0,14.0,12.0,15.0,9.0,9.0,9.0,13.0,13.0,14.0,18.0,13.0,13.0,10.0,4.0,14.0,13.0,13.0,8.0,9.0,9.0,13.0,11.0,7.0
1731,4.0,9.0,11.0,11.0,10.0,16.0,13.0,10.0,10.0,6.0,9.0,14.0,9.0,8.0,11.0,9.0,10.0,13.0,9.0,9.0,8.0,10.0,11.0,10.0,11.0,6.0,7.0,9.0,10.0,10.0,10.0,12.0,11.0,10.0,10.0,3.0,11.0,10.0,10.0,9.0,9.0,7.0,10.0,10.0,6.0
1732,4.0,8.0,11.0,11.0,10.0,16.0,13.0,10.0,10.0,6.0,9.0,14.0,9.0,8.0,11.0,9.0,10.0,13.0,9.0,9.0,8.0,10.0,11.0,9.0,11.0,6.0,9.0,8.0,10.0,12.0,11.0,12.0,11.0,10.0,10.0,4.0,11.0,10.0,10.0,9.0,9.0,7.0,10.0,10.0,6.0
1733,4.0,9.0,11.0,11.0,10.0,16.0,13.0,10.0,10.0,6.0,9.0,14.0,9.0,8.0,11.0,9.0,10.0,13.0,9.0,9.0,8.0,10.0,11.0,10.0,11.0,6.0,7.0,9.0,10.0,10.0,10.0,12.0,11.0,10.0,10.0,3.0,11.0,10.0,10.0,9.0,9.0,7.0,10.0,10.0,6.0
1734,5.0,9.0,11.0,7.0,14.0,7.0,7.0,13.0,13.0,5.0,9.0,13.0,8.0,7.0,14.0,14.0,13.0,13.0,11.0,7.0,11.0,10.0,12.0,7.0,15.0,10.0,8.0,6.0,9.0,9.0,11.0,17.0,10.0,8.0,7.0,4.0,10.0,10.0,3.0,6.0,0.0,4.0,12.0,11.0,3.0
1735,5.0,8.0,10.0,7.0,14.0,7.0,7.0,13.0,13.0,5.0,9.0,13.0,8.0,7.0,14.0,14.0,13.0,13.0,11.0,7.0,11.0,10.0,12.0,7.0,15.0,10.0,11.0,5.0,9.0,11.0,11.0,17.0,10.0,8.0,7.0,5.0,8.0,10.0,3.0,6.0,0.0,4.0,12.0,11.0,3.0
1736,5.0,9.0,11.0,7.0,14.0,7.0,7.0,13.0,13.0,5.0,9.0,13.0,8.0,7.0,14.0,14.0,13.0,13.0,11.0,7.0,11.0,10.0,12.0,7.0,15.0,10.0,8.0,6.0,9.0,9.0,11.0,17.0,10.0,8.0,7.0,4.0,10.0,10.0,3.0,6.0,0.0,4.0,12.0,11.0,3.0
1737,3.0,7.0,5.0,4.0,10.0,7.0,7.0,9.0,11.0,6.0,9.0,13.0,5.0,6.0,11.0,9.0,10.0,10.0,9.0,6.0,9.0,9.0,9.0,5.0,11.0,6.0,6.0,6.0,8.0,7.0,9.0,11.0,8.0,6.0,6.0,3.0,8.0,7.0,3.0,7.0,4.0,5.0,10.0,10.0,3.0
1738,3.0,6.0,6.0,8.0,10.0,7.0,7.0,9.0,11.0,6.0,9.0,13.0,5.0,6.0,11.0,9.0,10.0,10.0,9.0,6.0,9.0,9.0,9.0,8.0,11.0,6.0,8.0,5.0,8.0,9.0,9.0,11.0,8.0,6.0,6.0,4.0,7.0,7.0,3.0,7.0,4.0,5.0,10.0,10.0,3.0
1739,3.0,7.0,5.0,4.0,10.0,7.0,7.0,9.0,11.0,6.0,9.0,13.0,5.0,6.0,11.0,9.0,10.0,10.0,9.0,6.0,9.0,9.0,9.0,5.0,11.0,6.0,6.0,6.0,8.0,7.0,9.0,11.0,8.0,6.0,6.0,3.0,8.0,7.0,3.0,7.0,4.0,5.0,10.0,10.0,3.0
1740,7.0,14.0,18.0,14.0,16.0,18.0,13.0,16.0,15.0,11.0,12.0,15.0,13.0,16.0,17.0,16.0,15.0,16.0,11.0,10.0,13.0,14.0,14.0,15.0,15.0,12.0,12.0,18.0,15.0,16.0,18.0,17.0,16.0,17.0,17.0,17.0,19.0,20.0,17.0,15.0,17.0,16.0,17.0,19.0,7.0
1741,7.0,13.0,18.0,14.0,16.0,18.0,13.0,16.0,15.0,11.0,12.0,15.0,13.0,16.0,17.0,16.0,15.0,16.0,11.0,10.0,13.0,14.0,14.0,14.0,15.0,12.0,13.0,18.0,15.0,16.0,18.0,17.0,16.0,17.0,17.0,16.0,19.0,20.0,17.0,15.0,16.0,16.0,17.0,19.0,7.0
1742,7.0,14.0,18.0,14.0,16.0,18.0,13.0,16.0,15.0,11.0,12.0,15.0,13.0,16.0,17.0,16.0,15.0,16.0,11.0,10.0,13.0,14.0,14.0,15.0,15.0,12.0,12.0,18.0,15.0,16.0,18.0,17.0,16.0,17.0,17.0,17.0,19.0,20.0,17.0,15.0,17.0,16.0,17.0,19.0,7.0
1743,5.0,10.0,13.0,11.0,12.0,16.0,13.0,12.0,10.0,9.0,12.0,14.0,10.0,12.0,13.0,10.0,11.0,13.0,9.0,8.0,9.0,12.0,11.0,12.0,11.0,9.0,9.0,15.0,12.0,13.0,13.0,11.0,12.0,13.0,14.0,13.0,13.0,16.0,13.0,11.0,13.0,10.0,12.0,18.0,6.0
1744,5.0,9.0,13.0,11.0,12.0,16.0,13.0,12.0,10.0,9.0,12.0,14.0,10.0,12.0,13.0,10.0,11.0,13.0,9.0,8.0,9.0,12.0,11.0,11.0,11.0,9.0,9.0,15.0,12.0,13.0,13.0,11.0,12.0,13.0,14.0,12.0,13.0,16.0,13.0,11.0,13.0,10.0,12.0,18.0,6.0
1745,5.0,10.0,13.0,11.0,12.0,16.0,13.0,12.0,10.0,9.0,12.0,14.0,10.0,12.0,13.0,10.0,11.0,13.0,9.0,8.0,9.0,12.0,11.0,12.0,11.0,9.0,9.0,15.0,12.0,13.0,13.0,11.0,12.0,13.0,14.0,13.0,13.0,16.0,13.0,11.0,13.0,10.0,12.0,18.0,6.0
1746,6.0,11.0,15.0,12.0,15.0,18.0,13.0,13.0,12.0,10.0,9.0,14.0,10.0,13.0,18.0,16.0,13.0,11.0,11.0,9.0,10.0,12.0,12.0,10.0,15.0,9.0,10.0,13.0,16.0,16.0,16.0,17.0,14.0,15.0,15.0,8.0,17.0,16.0,17.0,14.0,16.0,14.0,18.0,17.0,7.0
1747,6.0,10.0,15.0,12.0,15.0,18.0,13.0,13.0,12.0,10.0,9.0,14.0,10.0,13.0,18.0,16.0,13.0,11.0,11.0,9.0,10.0,12.0,12.0,9.0,15.0,9.0,11.0,13.0,16.0,15.0,16.0,17.0,14.0,15.0,15.0,11.0,18.0,16.0,16.0,14.0,16.0,14.0,18.0,17.0,7.0
1748,6.0,11.0,15.0,12.0,15.0,18.0,13.0,13.0,12.0,10.0,9.0,14.0,10.0,13.0,18.0,16.0,13.0,11.0,11.0,9.0,10.0,12.0,12.0,10.0,15.0,9.0,10.0,13.0,16.0,16.0,16.0,17.0,14.0,15.0,15.0,8.0,17.0,16.0,17.0,14.0,16.0,14.0,18.0,17.0,7.0
1749,4.0,9.0,11.0,11.0,10.0,16.0,13.0,9.0,9.0,8.0,10.0,13.0,8.0,10.0,11.0,11.0,10.0,9.0,9.0,8.0,8.0,11.0,9.0,9.0,11.0,7.0,8.0,11.0,13.0,13.0,12.0,11.0,11.0,10.0,13.0,6.0,12.0,12.0,13.0,10.0,15.0,9.0,12.0,16.0,6.0
1750,4.0,8.0,11.0,11.0,10.0,16.0,13.0,9.0,9.0,8.0,10.0,13.0,8.0,10.0,11.0,11.0,10.0,9.0,9.0,8.0,8.0,11.0,9.0,8.0,11.0,7.0,8.0,11.0,13.0,12.0,12.0,11.0,11.0,10.0,13.0,7.0,12.0,12.0,12.0,10.0,15.0,9.0,12.0,16.0,6.0
1751,4.0,9.0,11.0,11.0,10.0,16.0,13.0,9.0,9.0,8.0,10.0,13.0,8.0,10.0,11.0,11.0,10.0,9.0,9.0,8.0,8.0,11.0,9.0,9.0,11.0,7.0,8.0,11.0,13.0,13.0,12.0,11.0,11.0,10.0,13.0,6.0,12.0,12.0,13.0,10.0,15.0,9.0,12.0,16.0,6.0
1752,5.0,9.0,13.0,9.0,16.0,8.0,7.0,14.0,10.0,7.0,9.0,13.0,4.0,9.0,12.0,11.0,13.0,11.0,8.0,4.0,7.0,9.0,11.0,4.0,14.0,10.0,8.0,11.0,10.0,4.0,12.0,18.0,10.0,8.0,10.0,4.0,11.0,12.0,12.0,14.0,14.0,12.0,12.0,11.0,7.0
1753,5.0,8.0,13.0,9.0,16.0,8.0,7.0,14.0,10.0,7.0,9.0,13.0,4.0,9.0,12.0,11.0,13.0,11.0,8.0,4.0,7.0,9.0,11.0,6.0,14.0,10.0,10.0,11.0,10.0,12.0,13.0,18.0,10.0,8.0,10.0,5.0,7.0,12.0,12.0,14.0,14.0,12.0,12.0,11.0,7.0
1754,5.0,9.0,13.0,9.0,16.0,8.0,7.0,14.0,10.0,7.0,9.0,13.0,4.0,9.0,12.0,11.0,13.0,11.0,8.0,4.0,7.0,9.0,11.0,4.0,14.0,10.0,8.0,11.0,10.0,4.0,12.0,18.0,10.0,8.0,10.0,4.0,11.0,12.0,12.0,14.0,14.0,12.0,12.0,11.0,7.0
1755,3.0,7.0,9.0,6.0,10.0,8.0,7.0,9.0,10.0,6.0,9.0,13.0,3.0,8.0,10.0,7.0,10.0,9.0,7.0,3.0,8.0,8.0,8.0,5.0,11.0,6.0,7.0,11.0,8.0,9.0,9.0,12.0,8.0,8.0,10.0,3.0,9.0,9.0,8.0,11.0,13.0,8.0,9.0,10.0,6.0
1756,3.0,6.0,11.0,10.0,10.0,8.0,7.0,9.0,10.0,6.0,9.0,13.0,3.0,8.0,10.0,7.0,10.0,9.0,7.0,3.0,8.0,8.0,8.0,6.0,11.0,6.0,8.0,11.0,8.0,11.0,9.0,12.0,8.0,8.0,10.0,4.0,8.0,9.0,8.0,11.0,13.0,8.0,9.0,10.0,6.0
1757,3.0,7.0,9.0,6.0,10.0,8.0,7.0,9.0,10.0,6.0,9.0,13.0,3.0,8.0,10.0,7.0,10.0,9.0,7.0,3.0,8.0,8.0,8.0,5.0,11.0,6.0,7.0,11.0,8.0,9.0,9.0,12.0,8.0,8.0,10.0,3.0,9.0,9.0,8.0,11.0,13.0,8.0,9.0,10.0,6.0
1758,7.0,15.0,18.0,15.0,17.0,19.0,15.0,18.0,17.0,13.0,16.0,18.0,15.0,17.0,20.0,16.0,17.0,15.0,13.0,11.0,17.0,15.0,14.0,16.0,15.0,14.0,12.0,17.0,15.0,14.0,18.0,17.0,18.0,16.0,17.0,11.0,21.0,19.0,16.0,14.0,12.0,16.0,17.0,21.0,7.0
1759,7.0,15.0,18.0,15.0,17.0,19.0,15.0,18.0,17.0,13.0,16.0,18.0,15.0,17.0,20.0,16.0,17.0,15.0,13.0,12.0,17.0,15.0,14.0,15.0,15.0,14.0,14.0,16.0,15.0,17.0,19.0,17.0,18.0,16.0,17.0,16.0,21.0,19.0,16.0,14.0,12.0,16.0,17.0,21.0,7.0
1760,7.0,15.0,18.0,15.0,17.0,19.0,15.0,18.0,17.0,13.0,16.0,18.0,15.0,17.0,20.0,16.0,17.0,15.0,13.0,11.0,17.0,15.0,14.0,16.0,15.0,14.0,12.0,17.0,15.0,14.0,18.0,17.0,18.0,16.0,17.0,11.0,21.0,19.0,16.0,14.0,12.0,16.0,17.0,21.0,7.0
1761,5.0,10.0,13.0,11.0,12.0,17.0,14.0,14.0,11.0,10.0,13.0,17.0,11.0,12.0,15.0,10.0,13.0,12.0,9.0,10.0,12.0,14.0,11.0,13.0,11.0,11.0,9.0,15.0,12.0,11.0,12.0,11.0,13.0,13.0,14.0,9.0,15.0,15.0,12.0,11.0,11.0,10.0,12.0,20.0,6.0
1762,5.0,10.0,13.0,11.0,12.0,17.0,14.0,14.0,11.0,10.0,13.0,17.0,11.0,12.0,15.0,10.0,13.0,12.0,9.0,11.0,11.0,14.0,11.0,12.0,11.0,11.0,10.0,14.0,12.0,14.0,13.0,11.0,13.0,13.0,14.0,12.0,15.0,15.0,12.0,11.0,11.0,10.0,12.0,20.0,6.0
1763,5.0,10.0,13.0,11.0,12.0,17.0,14.0,14.0,11.0,10.0,13.0,17.0,11.0,12.0,15.0,10.0,13.0,12.0,9.0,10.0,12.0,14.0,11.0,13.0,11.0,11.0,9.0,15.0,12.0,11.0,12.0,11.0,13.0,13.0,14.0,9.0,15.0,15.0,12.0,11.0,11.0,10.0,12.0,20.0,6.0
1764,7.0,14.0,17.0,15.0,17.0,19.0,13.0,18.0,16.0,13.0,15.0,17.0,11.0,17.0,20.0,16.0,16.0,16.0,12.0,13.0,17.0,14.0,14.0,10.0,15.0,14.0,12.0,15.0,15.0,13.0,18.0,17.0,17.0,17.0,14.0,6.0,20.0,18.0,17.0,10.0,12.0,16.0,17.0,18.0,7.0
1765,7.0,14.0,17.0,15.0,17.0,19.0,13.0,18.0,16.0,13.0,15.0,17.0,11.0,17.0,20.0,16.0,16.0,16.0,12.0,13.0,17.0,14.0,14.0,14.0,15.0,14.0,14.0,14.0,15.0,16.0,19.0,17.0,17.0,17.0,14.0,11.0,20.0,18.0,17.0,10.0,12.0,16.0,17.0,18.0,7.0
1766,7.0,14.0,17.0,15.0,17.0,19.0,13.0,18.0,16.0,13.0,15.0,17.0,11.0,17.0,20.0,16.0,16.0,16.0,12.0,13.0,17.0,14.0,14.0,10.0,15.0,14.0,12.0,15.0,15.0,13.0,18.0,17.0,17.0,17.0,14.0,6.0,20.0,18.0,17.0,10.0,12.0,16.0,17.0,18.0,7.0
1767,5.0,10.0,12.0,11.0,12.0,17.0,13.0,14.0,11.0,10.0,12.0,16.0,9.0,12.0,15.0,10.0,12.0,13.0,9.0,12.0,11.0,13.0,11.0,9.0,11.0,11.0,9.0,13.0,12.0,10.0,12.0,11.0,13.0,13.0,12.0,4.0,14.0,14.0,13.0,11.0,10.0,10.0,12.0,17.0,6.0
1768,5.0,10.0,12.0,11.0,12.0,17.0,13.0,14.0,11.0,10.0,12.0,16.0,9.0,12.0,15.0,10.0,12.0,13.0,9.0,12.0,11.0,13.0,11.0,11.0,11.0,11.0,10.0,12.0,12.0,13.0,13.0,11.0,13.0,13.0,12.0,7.0,14.0,14.0,13.0,11.0,10.0,10.0,12.0,17.0,6.0
1769,5.0,10.0,12.0,11.0,12.0,17.0,13.0,14.0,11.0,10.0,12.0,16.0,9.0,12.0,15.0,10.0,12.0,13.0,9.0,12.0,11.0,13.0,11.0,9.0,11.0,11.0,9.0,13.0,12.0,10.0,12.0,11.0,13.0,13.0,12.0,4.0,14.0,14.0,13.0,11.0,10.0,10.0,12.0,17.0,6.0
1770,7.0,12.0,9.0,10.0,15.0,18.0,10.0,17.0,14.0,12.0,12.0,16.0,9.0,16.0,17.0,16.0,15.0,16.0,12.0,12.0,15.0,12.0,14.0,9.0,15.0,10.0,10.0,13.0,14.0,13.0,17.0,17.0,16.0,14.0,11.0,6.0,16.0,16.0,15.0,10.0,9.0,13.0,17.0,17.0,7.0
1771,7.0,11.0,15.0,14.0,15.0,18.0,10.0,17.0,14.0,12.0,12.0,16.0,9.0,16.0,17.0,16.0,15.0,16.0,12.0,12.0,15.0,12.0,14.0,14.0,15.0,10.0,14.0,13.0,14.0,16.0,18.0,17.0,16.0,14.0,11.0,11.0,15.0,16.0,15.0,10.0,13.0,12.0,17.0,17.0,7.0
1772,7.0,12.0,9.0,10.0,15.0,18.0,10.0,17.0,14.0,12.0,12.0,16.0,9.0,16.0,17.0,16.0,15.0,16.0,12.0,12.0,15.0,12.0,14.0,9.0,15.0,10.0,10.0,13.0,14.0,13.0,17.0,17.0,16.0,14.0,11.0,6.0,16.0,16.0,15.0,10.0,9.0,13.0,17.0,17.0,7.0
1773,5.0,9.0,7.0,8.0,11.0,16.0,10.0,13.0,10.0,9.0,10.0,15.0,8.0,12.0,14.0,10.0,11.0,13.0,9.0,11.0,9.0,11.0,11.0,8.0,11.0,7.0,8.0,11.0,11.0,10.0,12.0,11.0,12.0,10.0,10.0,4.0,12.0,13.0,11.0,11.0,10.0,8.0,12.0,16.0,6.0
1774,5.0,8.0,11.0,11.0,11.0,16.0,10.0,13.0,10.0,9.0,10.0,15.0,8.0,12.0,14.0,10.0,11.0,13.0,9.0,11.0,9.0,11.0,11.0,11.0,11.0,7.0,11.0,11.0,11.0,13.0,13.0,11.0,12.0,10.0,10.0,7.0,11.0,13.0,11.0,11.0,10.0,8.0,12.0,16.0,6.0
1775,5.0,9.0,7.0,8.0,11.0,16.0,10.0,13.0,10.0,9.0,10.0,15.0,8.0,12.0,14.0,10.0,11.0,13.0,9.0,11.0,9.0,11.0,11.0,8.0,11.0,7.0,8.0,11.0,11.0,10.0,12.0,11.0,12.0,10.0,10.0,4.0,12.0,13.0,11.0,11.0,10.0,8.0,12.0,16.0,6.0
1776,7.0,12.0,13.0,8.0,15.0,18.0,9.0,15.0,13.0,9.0,11.0,15.0,10.0,16.0,15.0,16.0,14.0,16.0,10.0,11.0,10.0,4.0,3.0,7.0,15.0,10.0,9.0,6.0,15.0,13.0,16.0,17.0,15.0,14.0,9.0,4.0,14.0,15.0,13.0,7.0,0.0,7.0,16.0,14.0,7.0
1777,7.0,11.0,15.0,13.0,15.0,18.0,9.0,15.0,13.0,9.0,11.0,15.0,10.0,16.0,15.0,16.0,14.0,16.0,10.0,11.0,10.0,11.0,12.0,13.0,15.0,10.0,12.0,7.0,15.0,15.0,17.0,17.0,15.0,14.0,9.0,7.0,15.0,15.0,13.0,7.0,0.0,7.0,16.0,14.0,7.0
1778,7.0,12.0,13.0,8.0,15.0,18.0,9.0,15.0,13.0,9.0,11.0,15.0,10.0,16.0,15.0,16.0,14.0,16.0,10.0,11.0,10.0,11.0,12.0,7.0,15.0,10.0,9.0,6.0,15.0,13.0,16.0,17.0,15.0,14.0,9.0,4.0,14.0,15.0,13.0,7.0,0.0,7.0,16.0,14.0,7.0
1779,5.0,8.0,9.0,7.0,11.0,16.0,9.0,11.0,9.0,8.0,10.0,14.0,8.0,12.0,13.0,10.0,10.0,13.0,8.0,9.0,9.0,4.0,3.0,7.0,11.0,7.0,7.0,6.0,12.0,10.0,11.0,11.0,11.0,10.0,8.0,3.0,12.0,11.0,9.0,8.0,7.0,7.0,12.0,13.0,6.0
1780,5.0,7.0,11.0,11.0,11.0,16.0,9.0,11.0,9.0,8.0,10.0,14.0,8.0,12.0,13.0,10.0,10.0,13.0,8.0,9.0,9.0,10.0,9.0,11.0,11.0,7.0,9.0,7.0,12.0,12.0,12.0,11.0,11.0,10.0,8.0,4.0,12.0,11.0,9.0,8.0,7.0,7.0,12.0,13.0,6.0
1781,5.0,8.0,9.0,7.0,11.0,16.0,9.0,11.0,9.0,8.0,10.0,14.0,8.0,12.0,13.0,10.0,10.0,13.0,8.0,9.0,9.0,10.0,9.0,7.0,11.0,7.0,7.0,6.0,12.0,10.0,11.0,11.0,11.0,10.0,8.0,3.0,12.0,11.0,9.0,8.0,7.0,7.0,12.0,13.0,6.0
1782,7.0,14.0,16.0,14.0,16.0,18.0,12.0,18.0,15.0,9.0,11.0,16.0,13.0,15.0,20.0,16.0,16.0,15.0,12.0,13.0,15.0,12.0,14.0,13.0,15.0,14.0,12.0,12.0,15.0,16.0,18.0,17.0,16.0,16.0,13.0,12.0,19.0,17.0,16.0,9.0,16.0,12.0,18.0,14.0,7.0
1783,7.0,13.0,16.0,14.0,16.0,18.0,12.0,18.0,15.0,9.0,11.0,16.0,13.0,15.0,20.0,16.0,16.0,15.0,12.0,12.0,15.0,12.0,14.0,12.0,15.0,14.0,13.0,12.0,15.0,16.0,18.0,17.0,16.0,16.0,13.0,11.0,19.0,17.0,16.0,9.0,16.0,12.0,18.0,14.0,7.0
1784,7.0,14.0,16.0,14.0,16.0,18.0,12.0,18.0,15.0,9.0,11.0,16.0,13.0,15.0,20.0,16.0,16.0,15.0,12.0,13.0,15.0,12.0,14.0,13.0,15.0,14.0,12.0,12.0,15.0,16.0,18.0,17.0,16.0,16.0,13.0,12.0,19.0,17.0,16.0,9.0,16.0,12.0,18.0,14.0,7.0
1785,5.0,10.0,12.0,11.0,12.0,16.0,12.0,14.0,10.0,8.0,11.0,15.0,9.0,11.0,15.0,10.0,12.0,12.0,9.0,12.0,9.0,11.0,11.0,12.0,11.0,11.0,9.0,12.0,12.0,13.0,13.0,11.0,12.0,11.0,12.0,8.0,13.0,13.0,12.0,10.0,14.0,8.0,12.0,13.0,6.0
1786,5.0,9.0,12.0,11.0,12.0,16.0,12.0,14.0,10.0,8.0,11.0,15.0,9.0,11.0,15.0,10.0,12.0,12.0,9.0,11.0,9.0,11.0,11.0,11.0,11.0,11.0,9.0,12.0,12.0,13.0,13.0,11.0,12.0,11.0,12.0,7.0,13.0,13.0,12.0,10.0,14.0,8.0,12.0,13.0,6.0
1787,5.0,10.0,12.0,11.0,12.0,16.0,12.0,14.0,10.0,8.0,11.0,15.0,9.0,11.0,15.0,10.0,12.0,12.0,9.0,12.0,9.0,11.0,11.0,12.0,11.0,11.0,9.0,12.0,12.0,13.0,13.0,11.0,12.0,11.0,12.0,8.0,13.0,13.0,12.0,10.0,14.0,8.0,12.0,13.0,6.0
1788,6.0,11.0,13.0,12.0,15.0,18.0,13.0,15.0,14.0,6.0,9.0,15.0,13.0,9.0,15.0,15.0,14.0,16.0,11.0,11.0,14.0,11.0,14.0,12.0,15.0,9.0,9.0,9.0,13.0,13.0,14.0,18.0,13.0,13.0,10.0,4.0,14.0,13.0,13.0,8.0,9.0,9.0,13.0,11.0,7.0
1789,6.0,10.0,13.0,12.0,15.0,18.0,13.0,15.0,14.0,6.0,9.0,15.0,13.0,9.0,15.0,15.0,14.0,16.0,11.0,11.0,14.0,11.0,14.0,11.0,15.0,9.0,12.0,8.0,13.0,15.0,15.0,18.0,13.0,13.0,10.0,5.0,15.0,13.0,13.0,8.0,9.0,9.0,13.0,11.0,7.0
1790,6.0,11.0,13.0,12.0,15.0,18.0,13.0,15.0,14.0,6.0,9.0,15.0,13.0,9.0,15.0,15.0,14.0,16.0,11.0,11.0,14.0,11.0,14.0,12.0,15.0,9.0,9.0,9.0,13.0,13.0,14.0,18.0,13.0,13.0,10.0,4.0,14.0,13.0,13.0,8.0,9.0,9.0,13.0,11.0,7.0
1791,4.0,9.0,11.0,11.0,10.0,16.0,13.0,10.0,10.0,6.0,9.0,14.0,9.0,8.0,11.0,9.0,10.0,13.0,9.0,9.0,8.0,10.0,11.0,10.0,11.0,6.0,7.0,9.0,10.0,10.0,10.0,12.0,11.0,10.0,10.0,3.0,11.0,10.0,10.0,9.0,9.0,7.0,10.0,10.0,6.0
1792,4.0,8.0,11.0,11.0,10.0,16.0,13.0,10.0,10.0,6.0,9.0,14.0,9.0,8.0,11.0,9.0,10.0,13.0,9.0,9.0,8.0,10.0,11.0,9.0,11.0,6.0,9.0,8.0,10.0,12.0,11.0,12.0,11.0,10.0,10.0,4.0,11.0,10.0,10.0,9.0,9.0,7.0,10.0,10.0,6.0
1793,4.0,9.0,11.0,11.0,10.0,16.0,13.0,10.0,10.0,6.0,9.0,14.0,9.0,8.0,11.0,9.0,10.0,13.0,9.0,9.0,8.0,10.0,11.0,10.0,11.0,6.0,7.0,9.0,10.0,10.0,10.0,12.0,11.0,10.0,10.0,3.0,11.0,10.0,10.0,9.0,9.0,7.0,10.0,10.0,6.0
1794,5.0,9.0,11.0,7.0,14.0,7.0,7.0,13.0,13.0,5.0,9.0,13.0,8.0,7.0,14.0,14.0,13.0,13.0,11.0,7.0,11.0,10.0,12.0,7.0,15.0,10.0,8.0,6.0,9.0,9.0,11.0,17.0,10.0,8.0,7.0,4.0,10.0,10.0,3.0,6.0,0.0,4.0,12.0,11.0,3.0
1795,5.0,8.0,10.0,7.0,14.0,7.0,7.0,13.0,13.0,5.0,9.0,13.0,8.0,7.0,14.0,14.0,13.0,13.0,11.0,7.0,11.0,10.0,12.0,7.0,15.0,10.0,11.0,5.0,9.0,11.0,11.0,17.0,10.0,8.0,7.0,5.0,8.0,10.0,3.0,6.0,0.0,4.0,12.0,11.0,3.0
1796,5.0,9.0,11.0,7.0,14.0,7.0,7.0,13.0,13.0,5.0,9.0,13.0,8.0,7.0,14.0,14.0,13.0,13.0,11.0,7.0,11.0,10.0,12.0,7.0,15.0,10.0,8.0,6.0,9.0,9.0,11.0,17.0,10.0,8.0,7.0,4.0,10.0,10.0,3.0,6.0,0.0,4.0,12.0,11.0,3.0
1797,3.0,7.0,5.0,4.0,10.0,7.0,7.0,9.0,11.0,6.0,9.0,13.0,5.0,6.0,11.0,9.0,10.0,10.0,9.0,6.0,9.0,9.0,9.0,5.0,11.0,6.0,6.0,6.0,8.0,7.0,9.0,11.0,8.0,6.0,6.0,3.0,8.0,7.0,3.0,7.0,4.0,5.0,10.0,10.0,3.0
1798,3.0,6.0,6.0,8.0,10.0,7.0,7.0,9.0,11.0,6.0,9.0,13.0,5.0,6.0,11.0,9.0,10.0,10.0,9.0,6.0,9.0,9.0,9.0,8.0,11.0,6.0,8.0,5.0,8.0,9.0,9.0,11.0,8.0,6.0,6.0,4.0,7.0,7.0,3.0,7.0,4.0,5.0,10.0,10.0,3.0
1799,3.0,7.0,5.0,4.0,10.0,7.0,7.0,9.0,11.0,6.0,9.0,13.0,5.0,6.0,11.0,9.0,10.0,10.0,9.0,6.0,9.0,9.0,9.0,5.0,11.0,6.0,6.0,6.0,8.0,7.0,9.0,11.0,8.0,6.0,6.0,3.0,8.0,7.0,3.0,7.0,4.0,5.0,10.0,10.0,3.0
1800,4.0,5.0,12.0,8.0,7.0,9.0,8.0,11.0,8.0,9.0,10.0,7.0,10.0,9.0,10.0,7.0,9.0,6.0,5.0,7.0,7.0,10.0,9.0,12.0,4.0,4.0,10.0,9.0,8.0,3.0,9.0,9.0,6.0,10.0,12.0,10.0,11.0,11.0,10.0,10.0,12.0,11.0,11.0,14.0,4.0
1801,3.0,3.0,7.0,4.0,2.0,6.0,4.0,8.0,6.0,5.0,5.0,4.0,7.0,6.0,4.0,2.0,4.0,6.0,3.0,7.0,4.0,5.0,6.0,5.0,4.0,2.0,7.0,4.0,3.0,3.0,2.0,5.0,6.0,3.0,5.0,7.0,8.0,6.0,6.0,3.0,4.0,6.0,6.0,10.0,1.0
1802,3.0,4.0,10.0,7.0,8.0,8.0,6.0,8.0,8.0,6.0,7.0,7.0,7.0,6.0,5.0,5.0,7.0,7.0,6.0,7.0,6.0,8.0,8.0,7.0,5.0,5.0,8.0,7.0,4.0,6.0,7.0,7.0,9.0,7.0,9.0,9.0,9.0,11.0,9.0,6.0,10.0,11.0,9.0,13.0,2.0
1803,3.0,6.0,10.0,7.0,6.0,9.0,8.0,9.0,7.0,7.0,8.0,6.0,8.0,9.0,10.0,5.0,9.0,6.0,6.0,7.0,7.0,9.0,7.0,12.0,4.0,4.0,8.0,8.0,6.0,3.0,8.0,8.0,5.0,9.0,10.0,9.0,10.0,10.0,9.0,8.0,10.0,8.0,8.0,13.0,4.0
1804,1.0,2.0,5.0,3.0,2.0,6.0,4.0,6.0,3.0,2.0,4.0,4.0,5.0,5.0,3.0,2.0,2.0,5.0,2.0,5.0,3.0,4.0,5.0,5.0,3.0,1.0,4.0,3.0,2.0,3.0,1.0,4.0,3.0,3.0,4.0,5.0,6.0,6.0,6.0,2.0,3.0,4.0,4.0,9.0,0.0
1805,2.0,3.0,8.0,6.0,6.0,8.0,6.0,6.0,6.0,4.0,5.0,6.0,7.0,5.0,5.0,3.0,7.0,6.0,5.0,6.0,4.0,7.0,6.0,7.0,5.0,4.0,5.0,6.0,3.0,5.0,6.0,5.0,7.0,6.0,7.0,7.0,7.0,9.0,8.0,4.0,8.0,6.0,6.0,12.0,1.0
1806,4.0,5.0,8.0,6.0,4.0,4.0,6.0,6.0,4.0,8.0,8.0,4.0,7.0,6.0,4.0,2.0,5.0,1.0,4.0,5.0,5.0,8.0,6.0,5.0,3.0,4.0,8.0,8.0,3.0,2.0,7.0,6.0,4.0,7.0,8.0,4.0,9.0,7.0,8.0,9.0,10.0,8.0,8.0,11.0,4.0
1807,3.0,3.0,7.0,4.0,1.0,6.0,4.0,5.0,6.0,5.0,4.0,3.0,7.0,5.0,3.0,3.0,3.0,5.0,2.0,5.0,4.0,3.0,7.0,5.0,3.0,2.0,5.0,4.0,3.0,3.0,2.0,5.0,4.0,3.0,4.0,5.0,8.0,5.0,6.0,3.0,4.0,6.0,6.0,8.0,1.0
1808,3.0,4.0,10.0,6.0,5.0,9.0,4.0,6.0,7.0,5.0,5.0,5.0,4.0,6.0,4.0,3.0,6.0,5.0,3.0,5.0,4.0,6.0,7.0,7.0,3.0,6.0,6.0,6.0,4.0,4.0,5.0,6.0,6.0,6.0,7.0,4.0,8.0,8.0,8.0,6.0,8.0,10.0,9.0,11.0,2.0
1809,2.0,4.0,9.0,6.0,4.0,4.0,6.0,6.0,5.0,6.0,7.0,3.0,6.0,6.0,4.0,2.0,5.0,1.0,3.0,5.0,5.0,8.0,6.0,5.0,3.0,4.0,7.0,7.0,2.0,2.0,6.0,6.0,3.0,7.0,8.0,2.0,8.0,7.0,8.0,7.0,9.0,7.0,5.0,11.0,4.0
1810,1.0,2.0,5.0,3.0,1.0,6.0,4.0,5.0,3.0,2.0,3.0,3.0,5.0,4.0,2.0,3.0,2.0,4.0,2.0,4.0,3.0,2.0,5.0,5.0,3.0,1.0,3.0,3.0,2.0,3.0,1.0,4.0,3.0,3.0,4.0,3.0,7.0,5.0,5.0,2.0,3.0,4.0,4.0,8.0,0.0
1811,2.0,3.0,9.0,5.0,3.0,9.0,4.0,5.0,5.0,4.0,4.0,4.0,4.0,5.0,4.0,3.0,6.0,4.0,3.0,4.0,4.0,5.0,5.0,7.0,4.0,4.0,4.0,5.0,3.0,4.0,4.0,4.0,4.0,5.0,7.0,3.0,7.0,6.0,8.0,4.0,7.0,6.0,6.0,11.0,1.0
1812,3.0,4.0,7.0,3.0,3.0,4.0,5.0,2.0,6.0,4.0,3.0,3.0,4.0,4.0,3.0,2.0,4.0,1.0,3.0,2.0,2.0,3.0,1.0,5.0,3.0,4.0,6.0,7.0,3.0,2.0,7.0,5.0,3.0,5.0,7.0,3.0,8.0,4.0,6.0,9.0,10.0,4.0,4.0,8.0,4.0
1813,3.0,2.0,7.0,4.0,1.0,6.0,4.0,4.0,4.0,4.0,4.0,3.0,3.0,4.0,1.0,3.0,3.0,3.0,3.0,3.0,3.0,3.0,5.0,4.0,3.0,1.0,5.0,4.0,3.0,3.0,3.0,5.0,4.0,2.0,3.0,2.0,6.0,3.0,6.0,3.0,3.0,6.0,5.0,5.0,2.0
1814,3.0,3.0,7.0,5.0,4.0,9.0,4.0,4.0,7.0,3.0,4.0,3.0,8.0,3.0,2.0,3.0,5.0,3.0,3.0,5.0,3.0,3.0,5.0,3.0,4.0,3.0,5.0,5.0,4.0,4.0,7.0,4.0,3.0,5.0,5.0,2.0,6.0,6.0,8.0,6.0,7.0,8.0,9.0,8.0,5.0
1815,2.0,4.0,8.0,3.0,3.0,4.0,5.0,2.0,4.0,4.0,6.0,2.0,3.0,4.0,3.0,2.0,4.0,1.0,5.0,3.0,1.0,4.0,1.0,5.0,4.0,4.0,5.0,7.0,3.0,2.0,5.0,4.0,3.0,5.0,7.0,2.0,7.0,4.0,6.0,7.0,8.0,4.0,2.0,7.0,4.0
1816,1.0,2.0,5.0,4.0,1.0,6.0,4.0,4.0,3.0,2.0,3.0,3.0,2.0,3.0,1.0,3.0,2.0,2.0,3.0,3.0,2.0,2.0,3.0,4.0,3.0,0.0,3.0,3.0,2.0,3.0,2.0,4.0,3.0,2.0,4.0,2.0,5.0,3.0,5.0,2.0,2.0,4.0,4.0,5.0,1.0
1817,2.0,3.0,6.0,4.0,2.0,9.0,4.0,4.0,3.0,3.0,4.0,3.0,4.0,3.0,2.0,3.0,5.0,3.0,2.0,4.0,3.0,2.0,3.0,4.0,5.0,4.0,4.0,4.0,4.0,4.0,6.0,4.0,4.0,4.0,5.0,1.0,5.0,3.0,7.0,4.0,6.0,5.0,6.0,7.0,4.0
1818,4.0,4.0,8.0,7.0,3.0,4.0,5.0,6.0,5.0,7.0,4.0,2.0,6.0,2.0,1.0,2.0,8.0,7.0,2.0,6.0,8.0,7.0,1.0,2.0,0.0,0.0,6.0,6.0,3.0,2.0,5.0,4.0,3.0,6.0,7.0,3.0,7.0,4.0,8.0,6.0,0.0,0.0,0.0,3.0,4.0
1819,3.0,3.0,7.0,4.0,1.0,7.0,4.0,7.0,7.0,6.0,5.0,3.0,7.0,8.0,5.0,2.0,5.0,7.0,3.0,7.0,6.0,6.0,6.0,6.0,4.0,3.0,5.0,4.0,3.0,3.0,2.0,6.0,5.0,3.0,4.0,7.0,7.0,5.0,7.0,3.0,3.0,6.0,6.0,8.0,1.0
1820,4.0,4.0,9.0,7.0,5.0,10.0,4.0,8.0,5.0,7.0,7.0,5.0,6.0,7.0,7.0,4.0,9.0,8.0,5.0,7.0,7.0,8.0,7.0,7.0,5.0,5.0,6.0,6.0,4.0,5.0,5.0,5.0,3.0,6.0,5.0,2.0,7.0,7.0,9.0,4.0,4.0,7.0,9.0,3.0,2.0
1821,2.0,4.0,9.0,6.0,3.0,4.0,5.0,7.0,5.0,5.0,4.0,2.0,5.0,2.0,1.0,2.0,8.0,7.0,2.0,6.0,7.0,7.0,1.0,2.0,0.0,0.0,5.0,5.0,3.0,2.0,4.0,4.0,3.0,6.0,6.0,2.0,7.0,4.0,8.0,5.0,0.0,0.0,0.0,3.0,4.0
1822,1.0,2.0,5.0,3.0,1.0,7.0,4.0,6.0,4.0,2.0,4.0,3.0,5.0,5.0,4.0,2.0,3.0,6.0,2.0,5.0,4.0,5.0,5.0,6.0,3.0,2.0,2.0,3.0,2.0,3.0,1.0,4.0,3.0,3.0,4.0,5.0,5.0,5.0,7.0,2.0,2.0,4.0,4.0,8.0,0.0
1823,2.0,3.0,8.0,5.0,3.0,10.0,4.0,7.0,5.0,4.0,5.0,4.0,6.0,5.0,6.0,3.0,9.0,7.0,4.0,6.0,5.0,7.0,5.0,7.0,5.0,4.0,3.0,5.0,4.0,4.0,4.0,5.0,4.0,5.0,5.0,1.0,6.0,5.0,7.0,3.0,5.0,5.0,6.0,3.0,1.0
1824,4.0,4.0,3.0,0.0,3.0,2.0,3.0,6.0,8.0,6.0,3.0,4.0,4.0,2.0,1.0,3.0,5.0,2.0,4.0,5.0,6.0,5.0,0.0,2.0,0.0,0.0,5.0,6.0,6.0,3.0,4.0,5.0,2.0,4.0,6.0,3.0,5.0,5.0,5.0,5.0,0.0,0.0,0.0,3.0,2.0
1825,3.0,3.0,7.0,4.0,1.0,6.0,4.0,6.0,6.0,6.0,5.0,3.0,7.0,6.0,4.0,3.0,4.0,6.0,3.0,6.0,5.0,3.0,7.0,5.0,4.0,3.0,4.0,4.0,3.0,3.0,2.0,5.0,5.0,3.0,3.0,5.0,6.0,4.0,6.0,3.0,3.0,6.0,5.0,5.0,1.0
1826,4.0,4.0,7.0,6.0,4.0,9.0,4.0,7.0,7.0,6.0,6.0,2.0,4.0,6.0,4.0,3.0,6.0,7.0,4.0,6.0,5.0,5.0,6.0,5.0,4.0,6.0,5.0,6.0,3.0,5.0,5.0,4.0,3.0,6.0,5.0,2.0,7.0,6.0,8.0,4.0,3.0,3.0,3.0,2.0,2.0
1827,2.0,4.0,3.0,0.0,3.0,4.0,3.0,6.0,6.0,5.0,3.0,4.0,4.0,2.0,1.0,2.0,5.0,2.0,3.0,5.0,5.0,5.0,0.0,2.0,0.0,0.0,4.0,5.0,5.0,3.0,3.0,5.0,2.0,4.0,5.0,2.0,5.0,5.0,5.0,4.0,0.0,0.0,0.0,3.0,2.0
1828,1.0,2.0,5.0,3.0,1.0,6.0,4.0,5.0,3.0,2.0,4.0,3.0,5.0,5.0,2.0,3.0,2.0,5.0,2.0,4.0,4.0,2.0,5.0,5.0,3.0,2.0,2.0,3.0,2.0,3.0,1.0,4.0,3.0,3.0,4.0,5.0,5.0,4.0,6.0,2.0,2.0,4.0,4.0,5.0,0.0
1829,2.0,3.0,6.0,5.0,2.0,9.0,4.0,6.0,5.0,4.0,5.0,2.0,4.0,5.0,3.0,3.0,6.0,6.0,3.0,5.0,5.0,4.0,5.0,5.0,4.0,5.0,3.0,5.0,3.0,5.0,4.0,4.0,3.0,5.0,5.0,1.0,6.0,3.0,8.0,3.0,3.0,4.0,1.0,2.0,2.0
1830,3.0,4.0,3.0,0.0,1.0,0.0,4.0,3.0,1.0,6.0,4.0,1.0,2.0,5.0,3.0,0.0,4.0,1.0,3.0,4.0,1.0,6.0,6.0,2.0,0.0,0.0,5.0,2.0,0.0,0.0,2.0,3.0,2.0,3.0,1.0,0.0,1.0,3.0,5.0,4.0,0.0,0.0,0.0,3.0,2.0
1831,3.0,3.0,7.0,3.0,1.0,6.0,4.0,4.0,6.0,4.0,4.0,4.0,7.0,5.0,2.0,3.0,3.0,4.0,2.0,6.0,5.0,3.0,7.0,4.0,5.0,1.0,5.0,5.0,3.0,3.0,2.0,5.0,4.0,3.0,2.0,4.0,5.0,3.0,6.0,4.0,2.0,4.0,5.0,5.0,2.0
1832,3.0,4.0,7.0,5.0,3.0,0.0,5.0,4.0,5.0,4.0,4.0,4.0,4.0,2.0,4.0,3.0,5.0,1.0,3.0,6.0,5.0,3.0,6.0,4.0,4.0,5.0,6.0,2.0,0.0,0.0,4.0,4.0,3.0,5.0,4.0,2.0,6.0,3.0,5.0,5.0,0.0,0.0,0.0,3.0,2.0
1833,2.0,4.0,3.0,0.0,1.0,4.0,3.0,3.0,1.0,5.0,5.0,0.0,2.0,5.0,3.0,0.0,4.0,1.0,5.0,3.0,1.0,5.0,5.0,2.0,0.0,0.0,4.0,2.0,0.0,0.0,2.0,3.0,2.0,3.0,1.0,0.0,1.0,3.0,5.0,4.0,0.0,0.0,0.0,2.0,2.0
1834,1.0,2.0,5.0,3.0,1.0,6.0,4.0,4.0,3.0,2.0,3.0,4.0,5.0,4.0,2.0,3.0,2.0,3.0,2.0,4.0,4.0,2.0,5.0,4.0,4.0,1.0,3.0,4.0,2.0,3.0,1.0,4.0,3.0,2.0,3.0,3.0,4.0,3.0,5.0,2.0,2.0,2.0,4.0,5.0,1.0
1835,2.0,3.0,6.0,5.0,2.0,9.0,4.0,4.0,3.0,3.0,4.0,1.0,5.0,0.0,3.0,3.0,5.0,1.0,3.0,5.0,5.0,2.0,5.0,4.0,4.0,5.0,4.0,2.0,0.0,0.0,3.0,4.0,3.0,4.0,4.0,1.0,6.0,2.0,7.0,3.0,3.0,2.0,4.0,1.0,2.0
1836,3.0,3.0,3.0,0.0,0.0,0.0,1.0,3.0,5.0,5.0,3.0,3.0,1.0,1.0,1.0,0.0,0.0,2.0,2.0,3.0,1.0,2.0,1.0,2.0,0.0,0.0,3.0,3.0,2.0,0.0,2.0,3.0,2.0,5.0,4.0,2.0,2.0,4.0,1.0,2.0,0.0,0.0,0.0,2.0,2.0
1837,3.0,3.0,7.0,2.0,2.0,6.0,4.0,4.0,6.0,4.0,4.0,3.0,7.0,3.0,3.0,2.0,3.0,3.0,2.0,5.0,4.0,3.0,6.0,5.0,3.0,1.0,4.0,4.0,3.0,3.0,3.0,5.0,4.0,2.0,2.0,2.0,5.0,3.0,6.0,3.0,2.0,2.0,5.0,4.0,3.0
1838,3.0,3.0,3.0,2.0,1.0,0.0,4.0,1.0,6.0,3.0,4.0,3.0,2.0,2.0,4.0,3.0,5.0,4.0,2.0,5.0,4.0,3.0,2.0,3.0,0.0,0.0,4.0,1.0,0.0,0.0,0.0,4.0,1.0,2.0,4.0,2.0,5.0,3.0,5.0,3.0,0.0,0.0,0.0,2.0,4.0
1839,2.0,2.0,2.0,0.0,0.0,0.0,1.0,3.0,3.0,4.0,2.0,3.0,1.0,1.0,1.0,0.0,0.0,2.0,2.0,3.0,1.0,2.0,1.0,2.0,0.0,0.0,3.0,1.0,0.0,0.0,0.0,4.0,1.0,1.0,1.0,0.0,1.0,1.0,1.0,3.0,5.0,0.0,0.0,0.0,2.0
1840,1.0,2.0,5.0,2.0,2.0,6.0,4.0,4.0,3.0,2.0,3.0,3.0,5.0,2.0,1.0,2.0,2.0,2.0,2.0,4.0,3.0,2.0,4.0,5.0,3.0,1.0,3.0,3.0,2.0,3.0,2.0,4.0,3.0,2.0,3.0,2.0,4.0,3.0,5.0,2.0,2.0,2.0,4.0,4.0,2.0
1841,2.0,2.0,3.0,2.0,1.0,9.0,4.0,1.0,4.0,3.0,4.0,3.0,2.0,1.0,3.0,3.0,5.0,3.0,2.0,4.0,4.0,2.0,4.0,2.0,0.0,0.0,3.0,1.0,0.0,0.0,0.0,4.0,3.0,3.0,5.0,1.0,4.0,2.0,6.0,3.0,1.0,2.0,5.0,1.0,2.0
1842,5.0,8.0,9.0,8.0,7.0,3.0,9.0,13.0,8.0,9.0,10.0,6.0,12.0,10.0,6.0,4.0,11.0,7.0,9.0,8.0,10.0,9.0,9.0,12.0,4.0,7.0,8.0,7.0,3.0,3.0,7.0,6.0,6.0,10.0,8.0,6.0,11.0,9.0,9.0,7.0,8.0,4.0,8.0,11.0,3.0
1843,3.0,3.0,7.0,4.0,2.0,6.0,4.0,7.0,7.0,5.0,5.0,5.0,6.0,8.0,5.0,3.0,4.0,7.0,3.0,7.0,5.0,5.0,6.0,5.0,4.0,3.0,5.0,4.0,3.0,3.0,2.0,5.0,6.0,3.0,4.0,7.0,8.0,5.0,6.0,3.0,3.0,6.0,6.0,9.0,1.0
1844,4.0,4.0,10.0,7.0,7.0,8.0,6.0,8.0,7.0,6.0,7.0,7.0,7.0,7.0,7.0,5.0,8.0,8.0,7.0,8.0,7.0,8.0,8.0,7.0,5.0,7.0,6.0,6.0,4.0,6.0,5.0,7.0,9.0,7.0,5.0,6.0,9.0,8.0,9.0,4.0,6.0,8.0,9.0,10.0,2.0
1845,3.0,7.0,9.0,7.0,6.0,3.0,9.0,11.0,6.0,7.0,9.0,5.0,8.0,9.0,6.0,3.0,11.0,7.0,7.0,8.0,8.0,9.0,8.0,12.0,4.0,7.0,7.0,7.0,2.0,3.0,6.0,6.0,5.0,9.0,8.0,5.0,10.0,8.0,8.0,6.0,4.0,4.0,5.0,11.0,3.0
1846,1.0,2.0,5.0,3.0,2.0,6.0,4.0,6.0,4.0,2.0,4.0,5.0,4.0,5.0,4.0,3.0,2.0,6.0,2.0,5.0,4.0,4.0,5.0,5.0,3.0,2.0,2.0,3.0,2.0,3.0,1.0,4.0,3.0,3.0,4.0,5.0,6.0,5.0,5.0,2.0,2.0,4.0,4.0,9.0,0.0
1847,2.0,3.0,8.0,6.0,5.0,8.0,6.0,7.0,5.0,4.0,5.0,6.0,6.0,5.0,6.0,3.0,8.0,7.0,6.0,7.0,4.0,7.0,6.0,7.0,5.0,6.0,3.0,5.0,3.0,5.0,4.0,5.0,7.0,6.0,5.0,4.0,7.0,6.0,8.0,3.0,5.0,5.0,6.0,10.0,1.0
1848,5.0,6.0,7.0,6.0,4.0,4.0,6.0,8.0,5.0,7.0,9.0,6.0,8.0,7.0,5.0,2.0,7.0,6.0,5.0,7.0,8.0,8.0,8.0,6.0,4.0,4.0,8.0,3.0,7.0,2.0,7.0,4.0,3.0,9.0,7.0,4.0,9.0,4.0,8.0,7.0,4.0,5.0,4.0,3.0,3.0
1849,3.0,3.0,7.0,4.0,1.0,6.0,4.0,7.0,6.0,4.0,4.0,3.0,7.0,3.0,2.0,3.0,3.0,6.0,3.0,6.0,4.0,3.0,7.0,5.0,4.0,2.0,5.0,4.0,3.0,3.0,2.0,5.0,4.0,3.0,3.0,3.0,7.0,4.0,6.0,3.0,4.0,5.0,5.0,5.0,2.0
1850,4.0,4.0,7.0,6.0,5.0,9.0,4.0,7.0,7.0,4.0,6.0,6.0,4.0,6.0,4.0,3.0,6.0,7.0,3.0,6.0,6.0,5.0,9.0,7.0,5.0,5.0,6.0,4.0,4.0,4.0,5.0,4.0,3.0,6.0,5.0,2.0,7.0,6.0,8.0,4.0,5.0,5.0,9.0,3.0,2.0
1851,3.0,5.0,8.0,6.0,4.0,4.0,6.0,6.0,4.0,6.0,7.0,5.0,7.0,7.0,4.0,2.0,7.0,6.0,6.0,7.0,7.0,8.0,6.0,6.0,4.0,4.0,7.0,3.0,6.0,2.0,6.0,4.0,3.0,7.0,6.0,2.0,9.0,4.0,8.0,6.0,1.0,5.0,2.0,3.0,3.0
1852,1.0,2.0,5.0,3.0,1.0,6.0,4.0,5.0,3.0,2.0,3.0,3.0,5.0,2.0,2.0,3.0,2.0,5.0,2.0,4.0,3.0,2.0,5.0,5.0,3.0,1.0,3.0,3.0,2.0,3.0,1.0,4.0,3.0,3.0,4.0,2.0,6.0,4.0,5.0,2.0,2.0,3.0,4.0,5.0,1.0
1853,2.0,3.0,6.0,5.0,3.0,9.0,4.0,5.0,5.0,4.0,4.0,5.0,4.0,5.0,3.0,3.0,6.0,6.0,2.0,5.0,4.0,4.0,6.0,7.0,5.0,4.0,4.0,4.0,4.0,4.0,4.0,4.0,4.0,5.0,5.0,1.0,6.0,3.0,8.0,3.0,4.0,5.0,6.0,3.0,1.0
1854,3.0,4.0,3.0,0.0,3.0,4.0,5.0,4.0,2.0,5.0,3.0,4.0,8.0,5.0,5.0,3.0,4.0,3.0,1.0,3.0,7.0,4.0,1.0,5.0,2.0,4.0,5.0,2.0,0.0,0.0,2.0,5.0,3.0,3.0,6.0,3.0,6.0,3.0,6.0,5.0,0.0,0.0,0.0,2.0,3.0
1855,3.0,3.0,7.0,2.0,2.0,6.0,4.0,4.0,6.0,4.0,4.0,3.0,3.0,3.0,2.0,3.0,3.0,3.0,3.0,5.0,4.0,3.0,7.0,4.0,4.0,1.0,4.0,3.0,4.0,3.0,2.0,5.0,4.0,2.0,2.0,2.0,4.0,2.0,5.0,3.0,2.0,4.0,5.0,5.0,2.0
1856,3.0,4.0,7.0,2.0,6.0,8.0,4.0,5.0,5.0,4.0,4.0,4.0,4.0,2.0,4.0,3.0,5.0,3.0,1.0,5.0,4.0,3.0,6.0,4.0,3.0,5.0,4.0,1.0,0.0,0.0,4.0,4.0,3.0,4.0,4.0,2.0,5.0,3.0,5.0,3.0,0.0,0.0,0.0,3.0,3.0
1857,2.0,4.0,3.0,0.0,3.0,4.0,5.0,4.0,2.0,5.0,6.0,1.0,3.0,5.0,4.0,2.0,4.0,3.0,1.0,3.0,6.0,4.0,1.0,5.0,2.0,4.0,5.0,1.0,0.0,0.0,2.0,5.0,3.0,5.0,6.0,2.0,5.0,3.0,6.0,5.0,0.0,0.0,0.0,2.0,3.0
1858,1.0,2.0,5.0,2.0,2.0,6.0,4.0,4.0,3.0,2.0,3.0,3.0,2.0,2.0,2.0,3.0,2.0,2.0,3.0,4.0,3.0,2.0,5.0,4.0,4.0,1.0,3.0,2.0,3.0,3.0,1.0,4.0,3.0,2.0,3.0,2.0,4.0,2.0,4.0,2.0,2.0,2.0,4.0,5.0,1.0
1859,2.0,3.0,6.0,2.0,3.0,9.0,4.0,5.0,3.0,3.0,4.0,3.0,4.0,1.0,3.0,3.0,5.0,3.0,1.0,4.0,4.0,2.0,5.0,4.0,4.0,5.0,4.0,1.0,0.0,0.0,3.0,4.0,5.0,4.0,4.0,1.0,4.0,2.0,7.0,3.0,3.0,2.0,5.0,2.0,2.0
1860,4.0,5.0,12.0,8.0,7.0,7.0,8.0,11.0,8.0,9.0,10.0,7.0,10.0,9.0,10.0,7.0,9.0,6.0,5.0,6.0,7.0,10.0,9.0,12.0,7.0,4.0,10.0,9.0,8.0,3.0,9.0,9.0,6.0,9.0,12.0,9.0,11.0,11.0,10.0,10.0,12.0,11.0,11.0,13.0,4.0
1861,1.0,3.0,7.0,4.0,2.0,3.0,2.0,4.0,6.0,5.0,4.0,3.0,6.0,5.0,4.0,1.0,3.0,5.0,3.0,7.0,4.0,4.0,5.0,2.0,4.0,1.0,4.0,4.0,2.0,3.0,2.0,5.0,5.0,3.0,5.0,7.0,7.0,4.0,5.0,3.0,4.0,5.0,6.0,9.0,1.0
1862,3.0,3.0,11.0,7.0,8.0,6.0,5.0,8.0,6.0,6.0,7.0,7.0,6.0,6.0,4.0,4.0,5.0,7.0,6.0,7.0,5.0,7.0,7.0,7.0,5.0,3.0,7.0,7.0,4.0,7.0,6.0,6.0,9.0,6.0,8.0,8.0,9.0,11.0,9.0,6.0,10.0,11.0,8.0,12.0,2.0
1863,3.0,6.0,10.0,7.0,6.0,7.0,8.0,9.0,7.0,7.0,8.0,6.0,8.0,9.0,10.0,5.0,9.0,6.0,6.0,6.0,7.0,9.0,7.0,12.0,6.0,4.0,8.0,8.0,6.0,3.0,8.0,8.0,5.0,8.0,10.0,10.0,10.0,10.0,9.0,8.0,10.0,8.0,8.0,12.0,4.0
1864,0.0,2.0,5.0,3.0,2.0,3.0,2.0,4.0,3.0,2.0,3.0,3.0,4.0,4.0,2.0,1.0,2.0,4.0,2.0,5.0,3.0,3.0,4.0,2.0,3.0,1.0,2.0,3.0,2.0,3.0,1.0,4.0,3.0,3.0,4.0,5.0,6.0,4.0,5.0,2.0,3.0,4.0,4.0,8.0,0.0
1865,2.0,2.0,8.0,6.0,6.0,6.0,5.0,6.0,5.0,4.0,5.0,6.0,6.0,5.0,4.0,3.0,5.0,6.0,5.0,6.0,4.0,6.0,5.0,7.0,5.0,2.0,4.0,6.0,3.0,5.0,5.0,5.0,7.0,5.0,6.0,6.0,7.0,9.0,8.0,4.0,8.0,6.0,5.0,11.0,1.0
1866,4.0,5.0,8.0,6.0,4.0,4.0,6.0,6.0,4.0,8.0,8.0,4.0,7.0,6.0,4.0,2.0,5.0,1.0,3.0,5.0,4.0,7.0,6.0,5.0,4.0,6.0,7.0,8.0,3.0,2.0,7.0,6.0,4.0,8.0,8.0,3.0,9.0,7.0,8.0,9.0,10.0,8.0,7.0,10.0,4.0
1867,1.0,3.0,7.0,4.0,1.0,3.0,2.0,4.0,6.0,5.0,3.0,2.0,7.0,5.0,3.0,2.0,3.0,5.0,2.0,5.0,3.0,4.0,5.0,2.0,3.0,1.0,3.0,4.0,2.0,3.0,2.0,5.0,4.0,3.0,4.0,5.0,8.0,4.0,5.0,3.0,4.0,5.0,6.0,7.0,1.0
1868,3.0,3.0,10.0,6.0,5.0,5.0,4.0,6.0,5.0,5.0,5.0,5.0,3.0,6.0,3.0,2.0,4.0,5.0,3.0,5.0,3.0,7.0,7.0,7.0,1.0,4.0,5.0,6.0,4.0,4.0,4.0,5.0,6.0,5.0,7.0,6.0,8.0,8.0,8.0,6.0,8.0,10.0,9.0,10.0,2.0
1869,2.0,4.0,9.0,6.0,4.0,4.0,6.0,6.0,5.0,6.0,7.0,3.0,6.0,6.0,4.0,2.0,5.0,1.0,3.0,5.0,4.0,7.0,6.0,5.0,6.0,6.0,7.0,7.0,2.0,2.0,6.0,6.0,3.0,7.0,8.0,3.0,8.0,7.0,8.0,7.0,9.0,7.0,4.0,10.0,4.0
1870,0.0,2.0,5.0,3.0,1.0,3.0,2.0,4.0,4.0,2.0,2.0,2.0,5.0,4.0,1.0,2.0,2.0,4.0,2.0,4.0,2.0,2.0,4.0,2.0,3.0,1.0,1.0,3.0,2.0,3.0,1.0,4.0,3.0,3.0,4.0,3.0,7.0,4.0,5.0,2.0,3.0,4.0,4.0,7.0,0.0
1871,2.0,2.0,9.0,5.0,3.0,5.0,4.0,5.0,4.0,3.0,4.0,4.0,3.0,5.0,3.0,3.0,4.0,4.0,3.0,4.0,3.0,5.0,5.0,7.0,2.0,3.0,3.0,5.0,3.0,4.0,3.0,4.0,4.0,4.0,6.0,4.0,7.0,6.0,8.0,4.0,7.0,6.0,5.0,10.0,1.0
1872,3.0,4.0,7.0,3.0,3.0,4.0,4.0,2.0,4.0,4.0,3.0,3.0,4.0,4.0,3.0,2.0,4.0,1.0,3.0,2.0,2.0,3.0,1.0,5.0,4.0,3.0,5.0,7.0,3.0,2.0,7.0,5.0,3.0,6.0,7.0,3.0,8.0,4.0,6.0,9.0,10.0,4.0,4.0,7.0,3.0
1873,1.0,3.0,7.0,4.0,1.0,2.0,2.0,3.0,5.0,4.0,3.0,2.0,3.0,4.0,1.0,2.0,3.0,3.0,3.0,3.0,3.0,3.0,4.0,2.0,3.0,0.0,4.0,4.0,2.0,3.0,3.0,5.0,3.0,2.0,3.0,2.0,6.0,3.0,5.0,3.0,3.0,5.0,4.0,5.0,1.0
1874,3.0,3.0,7.0,5.0,4.0,4.0,4.0,4.0,3.0,3.0,4.0,3.0,3.0,4.0,1.0,2.0,3.0,3.0,3.0,5.0,3.0,5.0,5.0,4.0,2.0,3.0,5.0,5.0,4.0,4.0,5.0,5.0,3.0,4.0,4.0,2.0,6.0,6.0,8.0,6.0,7.0,8.0,7.0,6.0,5.0
1875,2.0,4.0,8.0,3.0,3.0,4.0,4.0,2.0,4.0,4.0,6.0,2.0,3.0,4.0,3.0,2.0,4.0,1.0,5.0,3.0,1.0,4.0,1.0,5.0,6.0,6.0,5.0,7.0,3.0,2.0,5.0,4.0,3.0,5.0,7.0,3.0,7.0,4.0,6.0,7.0,8.0,4.0,2.0,7.0,3.0
1876,0.0,2.0,5.0,4.0,1.0,2.0,2.0,3.0,4.0,2.0,2.0,2.0,2.0,3.0,1.0,2.0,2.0,2.0,3.0,3.0,2.0,1.0,3.0,2.0,3.0,0.0,2.0,3.0,2.0,3.0,2.0,4.0,3.0,2.0,4.0,2.0,5.0,3.0,5.0,2.0,2.0,4.0,3.0,5.0,0.0
1877,2.0,3.0,6.0,4.0,2.0,4.0,4.0,4.0,2.0,3.0,4.0,3.0,3.0,3.0,1.0,3.0,3.0,3.0,2.0,4.0,3.0,3.0,3.0,4.0,3.0,2.0,3.0,4.0,4.0,4.0,4.0,4.0,4.0,3.0,4.0,2.0,5.0,3.0,5.0,4.0,6.0,5.0,4.0,6.0,4.0
1878,4.0,4.0,8.0,5.0,3.0,4.0,5.0,6.0,5.0,7.0,4.0,2.0,3.0,2.0,1.0,2.0,7.0,7.0,2.0,6.0,7.0,6.0,1.0,2.0,0.0,0.0,4.0,6.0,3.0,2.0,5.0,4.0,3.0,6.0,6.0,3.0,7.0,4.0,8.0,6.0,0.0,0.0,0.0,3.0,4.0
1879,1.0,3.0,7.0,4.0,1.0,4.0,2.0,4.0,6.0,5.0,4.0,2.0,7.0,6.0,3.0,2.0,3.0,6.0,3.0,7.0,4.0,4.0,5.0,2.0,4.0,2.0,3.0,4.0,2.0,3.0,2.0,5.0,5.0,3.0,4.0,7.0,6.0,4.0,6.0,3.0,3.0,5.0,6.0,7.0,1.0
1880,4.0,4.0,9.0,7.0,5.0,8.0,4.0,8.0,5.0,7.0,7.0,5.0,3.0,7.0,6.0,2.0,4.0,8.0,3.0,7.0,6.0,6.0,7.0,7.0,1.0,5.0,5.0,6.0,4.0,4.0,4.0,6.0,5.0,6.0,5.0,5.0,8.0,6.0,9.0,4.0,4.0,7.0,9.0,3.0,2.0
1881,2.0,4.0,9.0,5.0,3.0,4.0,5.0,7.0,5.0,5.0,4.0,2.0,3.0,2.0,1.0,2.0,7.0,7.0,2.0,6.0,6.0,6.0,1.0,2.0,0.0,0.0,4.0,5.0,3.0,2.0,4.0,4.0,3.0,5.0,6.0,3.0,7.0,4.0,8.0,5.0,0.0,0.0,0.0,3.0,4.0
1882,0.0,2.0,5.0,3.0,1.0,4.0,2.0,4.0,3.0,2.0,3.0,2.0,5.0,4.0,2.0,1.0,2.0,5.0,2.0,5.0,3.0,3.0,4.0,2.0,3.0,2.0,1.0,3.0,2.0,3.0,1.0,4.0,3.0,3.0,4.0,5.0,5.0,4.0,6.0,2.0,2.0,4.0,4.0,7.0,0.0
1883,2.0,3.0,8.0,5.0,3.0,8.0,4.0,7.0,5.0,4.0,5.0,4.0,3.0,6.0,5.0,3.0,4.0,7.0,2.0,6.0,5.0,5.0,5.0,7.0,2.0,4.0,2.0,5.0,4.0,4.0,3.0,5.0,4.0,5.0,4.0,3.0,6.0,3.0,7.0,3.0,5.0,5.0,5.0,3.0,1.0
1884,4.0,4.0,3.0,0.0,2.0,4.0,3.0,6.0,5.0,6.0,3.0,4.0,8.0,3.0,3.0,3.0,5.0,2.0,4.0,5.0,1.0,5.0,0.0,2.0,0.0,0.0,3.0,5.0,6.0,3.0,4.0,5.0,2.0,3.0,6.0,3.0,5.0,4.0,5.0,5.0,0.0,0.0,0.0,3.0,2.0
1885,1.0,3.0,7.0,4.0,1.0,3.0,2.0,4.0,6.0,5.0,3.0,3.0,7.0,5.0,3.0,2.0,3.0,5.0,3.0,6.0,3.0,4.0,5.0,2.0,4.0,1.0,4.0,4.0,2.0,3.0,2.0,5.0,4.0,3.0,3.0,5.0,6.0,3.0,6.0,3.0,4.0,5.0,5.0,5.0,1.0
1886,4.0,3.0,7.0,6.0,5.0,6.0,4.0,6.0,3.0,6.0,4.0,4.0,3.0,5.0,1.0,2.0,4.0,7.0,4.0,6.0,4.0,6.0,6.0,4.0,1.0,4.0,4.0,5.0,3.0,6.0,4.0,4.0,3.0,5.0,5.0,5.0,7.0,6.0,8.0,4.0,4.0,3.0,3.0,2.0,4.0
1887,2.0,4.0,3.0,0.0,2.0,4.0,3.0,6.0,5.0,5.0,3.0,4.0,6.0,3.0,3.0,2.0,5.0,2.0,3.0,5.0,1.0,5.0,0.0,2.0,0.0,0.0,3.0,5.0,5.0,3.0,3.0,5.0,2.0,3.0,5.0,3.0,5.0,4.0,5.0,4.0,0.0,0.0,0.0,3.0,2.0
1888,0.0,2.0,5.0,3.0,1.0,3.0,2.0,4.0,3.0,2.0,2.0,3.0,5.0,4.0,1.0,2.0,2.0,4.0,2.0,4.0,2.0,2.0,4.0,2.0,3.0,1.0,2.0,3.0,2.0,3.0,1.0,4.0,3.0,3.0,4.0,5.0,5.0,3.0,6.0,2.0,2.0,4.0,4.0,5.0,0.0
1889,2.0,2.0,6.0,5.0,2.0,6.0,4.0,5.0,4.0,3.0,4.0,3.0,3.0,4.0,1.0,3.0,4.0,6.0,3.0,5.0,4.0,4.0,5.0,4.0,2.0,4.0,2.0,5.0,3.0,5.0,3.0,4.0,3.0,4.0,4.0,3.0,6.0,3.0,6.0,3.0,3.0,4.0,1.0,2.0,3.0
1890,3.0,3.0,3.0,0.0,0.0,0.0,3.0,4.0,4.0,6.0,4.0,4.0,1.0,4.0,3.0,0.0,4.0,1.0,2.0,4.0,1.0,4.0,1.0,2.0,0.0,0.0,3.0,5.0,2.0,1.0,4.0,3.0,2.0,3.0,4.0,4.0,5.0,2.0,5.0,4.0,0.0,0.0,0.0,3.0,2.0
1891,1.0,3.0,7.0,3.0,1.0,3.0,2.0,4.0,6.0,4.0,3.0,3.0,7.0,4.0,3.0,2.0,3.0,5.0,2.0,6.0,3.0,4.0,5.0,2.0,4.0,1.0,3.0,4.0,2.0,3.0,2.0,5.0,4.0,2.0,2.0,3.0,5.0,3.0,6.0,4.0,2.0,4.0,5.0,5.0,1.0
1892,3.0,3.0,5.0,3.0,4.0,0.0,4.0,5.0,3.0,4.0,4.0,4.0,6.0,1.0,3.0,2.0,3.0,1.0,3.0,6.0,3.0,6.0,6.0,4.0,1.0,3.0,4.0,6.0,3.0,3.0,4.0,5.0,4.0,4.0,3.0,3.0,5.0,3.0,5.0,5.0,0.0,0.0,0.0,3.0,2.0
1893,2.0,3.0,3.0,0.0,0.0,0.0,3.0,3.0,4.0,5.0,5.0,0.0,2.0,1.0,1.0,0.0,4.0,1.0,4.0,3.0,1.0,4.0,1.0,2.0,0.0,0.0,3.0,5.0,2.0,1.0,3.0,3.0,2.0,3.0,4.0,4.0,4.0,2.0,5.0,4.0,0.0,0.0,0.0,2.0,2.0
1894,0.0,2.0,5.0,3.0,1.0,3.0,2.0,4.0,3.0,2.0,2.0,3.0,5.0,3.0,1.0,2.0,2.0,4.0,2.0,4.0,2.0,2.0,4.0,2.0,3.0,1.0,2.0,3.0,2.0,3.0,1.0,4.0,3.0,2.0,3.0,2.0,4.0,3.0,6.0,2.0,2.0,2.0,4.0,5.0,0.0
1895,2.0,2.0,5.0,4.0,2.0,6.0,4.0,5.0,3.0,3.0,4.0,4.0,5.0,0.0,3.0,3.0,3.0,1.0,2.0,5.0,3.0,4.0,5.0,4.0,2.0,3.0,3.0,6.0,3.0,4.0,3.0,4.0,3.0,4.0,3.0,2.0,4.0,2.0,4.0,3.0,3.0,2.0,4.0,1.0,2.0
1896,3.0,3.0,3.0,0.0,0.0,0.0,1.0,5.0,1.0,2.0,1.0,2.0,1.0,1.0,1.0,0.0,0.0,2.0,2.0,3.0,1.0,2.0,1.0,2.0,0.0,0.0,3.0,3.0,2.0,0.0,2.0,3.0,1.0,2.0,1.0,0.0,1.0,1.0,1.0,3.0,5.0,0.0,0.0,0.0,2.0
1897,1.0,3.0,7.0,2.0,2.0,3.0,2.0,4.0,6.0,4.0,3.0,2.0,6.0,3.0,3.0,2.0,3.0,4.0,3.0,5.0,3.0,4.0,4.0,2.0,3.0,1.0,3.0,3.0,3.0,3.0,3.0,5.0,3.0,2.0,2.0,2.0,5.0,3.0,5.0,3.0,2.0,2.0,4.0,4.0,2.0
1898,3.0,3.0,3.0,2.0,2.0,0.0,4.0,4.0,1.0,4.0,4.0,4.0,3.0,2.0,3.0,2.0,3.0,3.0,2.0,5.0,3.0,6.0,1.0,2.0,0.0,0.0,4.0,1.0,0.0,0.0,0.0,5.0,2.0,4.0,3.0,2.0,5.0,3.0,5.0,2.0,0.0,0.0,0.0,2.0,1.0
1899,1.0,3.0,3.0,0.0,0.0,0.0,1.0,5.0,1.0,2.0,1.0,2.0,1.0,1.0,1.0,0.0,0.0,2.0,2.0,3.0,1.0,2.0,1.0,2.0,0.0,0.0,3.0,1.0,0.0,0.0,0.0,2.0,2.0,2.0,3.0,0.0,2.0,3.0,4.0,3.0,5.0,0.0,0.0,0.0,2.0
1900,0.0,2.0,5.0,2.0,2.0,3.0,2.0,4.0,4.0,2.0,2.0,2.0,4.0,2.0,1.0,2.0,2.0,3.0,3.0,4.0,2.0,2.0,3.0,2.0,3.0,1.0,2.0,2.0,3.0,3.0,2.0,4.0,3.0,2.0,3.0,2.0,4.0,3.0,5.0,2.0,2.0,2.0,3.0,4.0,1.0
1901,1.0,2.0,3.0,2.0,1.0,5.0,4.0,4.0,3.0,3.0,4.0,3.0,3.0,1.0,3.0,3.0,3.0,2.0,2.0,4.0,3.0,4.0,3.0,2.0,0.0,0.0,3.0,1.0,0.0,0.0,0.0,4.0,3.0,3.0,4.0,2.0,4.0,2.0,4.0,3.0,1.0,2.0,4.0,1.0,2.0
1902,5.0,8.0,9.0,8.0,7.0,3.0,9.0,13.0,8.0,9.0,10.0,6.0,12.0,10.0,6.0,4.0,11.0,7.0,9.0,8.0,10.0,9.0,9.0,12.0,8.0,7.0,7.0,7.0,3.0,3.0,7.0,6.0,6.0,9.0,8.0,5.0,11.0,9.0,9.0,7.0,8.0,4.0,7.0,10.0,3.0
1903,1.0,3.0,7.0,4.0,2.0,3.0,2.0,4.0,6.0,5.0,4.0,3.0,6.0,7.0,3.0,1.0,3.0,6.0,3.0,7.0,4.0,4.0,5.0,2.0,4.0,2.0,3.0,4.0,2.0,3.0,2.0,5.0,5.0,3.0,4.0,7.0,7.0,4.0,5.0,3.0,3.0,5.0,6.0,8.0,1.0
1904,4.0,4.0,11.0,7.0,6.0,7.0,5.0,8.0,7.0,6.0,7.0,6.0,6.0,7.0,6.0,4.0,5.0,8.0,6.0,8.0,5.0,7.0,7.0,7.0,5.0,5.0,5.0,6.0,4.0,7.0,4.0,6.0,9.0,6.0,5.0,5.0,9.0,8.0,9.0,4.0,6.0,8.0,9.0,9.0,2.0
1905,3.0,7.0,9.0,7.0,6.0,3.0,9.0,11.0,6.0,7.0,9.0,5.0,8.0,9.0,6.0,3.0,11.0,7.0,7.0,8.0,8.0,9.0,8.0,12.0,6.0,7.0,7.0,7.0,2.0,3.0,6.0,6.0,5.0,8.0,8.0,6.0,10.0,8.0,8.0,6.0,4.0,4.0,4.0,10.0,3.0
1906,0.0,2.0,5.0,3.0,2.0,3.0,2.0,4.0,3.0,2.0,3.0,3.0,4.0,4.0,2.0,1.0,2.0,5.0,2.0,5.0,3.0,3.0,4.0,2.0,3.0,2.0,1.0,3.0,2.0,3.0,1.0,4.0,3.0,3.0,4.0,5.0,6.0,4.0,5.0,2.0,2.0,4.0,4.0,8.0,0.0
1907,2.0,3.0,8.0,6.0,4.0,7.0,5.0,7.0,5.0,4.0,5.0,5.0,5.0,5.0,5.0,3.0,5.0,7.0,5.0,7.0,4.0,6.0,5.0,7.0,5.0,4.0,2.0,5.0,3.0,5.0,3.0,5.0,7.0,5.0,4.0,3.0,7.0,6.0,8.0,3.0,5.0,5.0,5.0,9.0,1.0
1908,5.0,6.0,7.0,6.0,4.0,4.0,6.0,8.0,5.0,7.0,9.0,7.0,8.0,7.0,5.0,2.0,7.0,6.0,5.0,7.0,8.0,8.0,8.0,6.0,7.0,6.0,6.0,4.0,7.0,2.0,7.0,4.0,3.0,5.0,7.0,3.0,9.0,4.0,8.0,7.0,4.0,5.0,4.0,3.0,3.0
1909,1.0,3.0,7.0,4.0,1.0,3.0,2.0,4.0,6.0,4.0,3.0,2.0,7.0,3.0,2.0,2.0,3.0,5.0,3.0,6.0,3.0,4.0,5.0,2.0,4.0,1.0,4.0,4.0,2.0,3.0,2.0,5.0,4.0,3.0,3.0,3.0,7.0,3.0,6.0,3.0,4.0,4.0,5.0,5.0,1.0
1910,4.0,4.0,7.0,6.0,5.0,6.0,4.0,7.0,4.0,4.0,6.0,5.0,3.0,6.0,3.0,2.0,4.0,7.0,3.0,6.0,4.0,6.0,7.0,7.0,1.0,4.0,5.0,4.0,4.0,4.0,4.0,5.0,5.0,5.0,4.0,3.0,7.0,6.0,8.0,4.0,5.0,5.0,7.0,3.0,2.0
1911,3.0,5.0,8.0,6.0,4.0,4.0,6.0,6.0,4.0,6.0,7.0,6.0,7.0,7.0,4.0,2.0,7.0,6.0,6.0,7.0,7.0,8.0,6.0,6.0,6.0,6.0,7.0,3.0,6.0,2.0,6.0,4.0,3.0,5.0,7.0,3.0,9.0,4.0,8.0,6.0,1.0,5.0,2.0,3.0,3.0
1912,0.0,2.0,5.0,3.0,1.0,3.0,2.0,4.0,3.0,2.0,2.0,2.0,5.0,2.0,1.0,2.0,2.0,4.0,2.0,4.0,2.0,2.0,4.0,2.0,3.0,1.0,2.0,3.0,2.0,3.0,1.0,4.0,3.0,3.0,4.0,2.0,6.0,3.0,6.0,2.0,2.0,3.0,4.0,5.0,0.0
1913,2.0,3.0,6.0,5.0,3.0,6.0,4.0,5.0,4.0,3.0,4.0,4.0,3.0,5.0,2.0,3.0,4.0,6.0,2.0,5.0,3.0,4.0,5.0,7.0,2.0,3.0,3.0,4.0,4.0,4.0,3.0,4.0,4.0,4.0,4.0,2.0,6.0,3.0,6.0,3.0,4.0,5.0,4.0,3.0,1.0
1914,3.0,4.0,3.0,0.0,3.0,4.0,5.0,4.0,2.0,5.0,3.0,4.0,5.0,5.0,5.0,3.0,4.0,3.0,1.0,3.0,6.0,5.0,1.0,5.0,4.0,6.0,5.0,2.0,0.0,0.0,2.0,5.0,3.0,3.0,6.0,3.0,6.0,3.0,6.0,5.0,0.0,0.0,0.0,2.0,3.0
1915,1.0,3.0,7.0,2.0,2.0,3.0,2.0,3.0,7.0,4.0,3.0,2.0,3.0,3.0,2.0,2.0,3.0,3.0,3.0,5.0,3.0,4.0,5.0,2.0,3.0,1.0,3.0,3.0,3.0,3.0,2.0,5.0,3.0,2.0,2.0,2.0,4.0,3.0,5.0,3.0,2.0,4.0,4.0,5.0,1.0
1916,3.0,3.0,7.0,2.0,6.0,5.0,4.0,5.0,3.0,4.0,4.0,4.0,6.0,1.0,3.0,2.0,3.0,3.0,1.0,5.0,3.0,6.0,6.0,4.0,1.0,3.0,4.0,1.0,0.0,0.0,4.0,5.0,4.0,4.0,3.0,2.0,5.0,3.0,5.0,3.0,0.0,0.0,0.0,3.0,3.0
1917,2.0,4.0,3.0,0.0,3.0,4.0,5.0,4.0,2.0,5.0,6.0,1.0,3.0,5.0,4.0,2.0,4.0,3.0,1.0,3.0,5.0,5.0,1.0,5.0,6.0,6.0,5.0,1.0,0.0,0.0,2.0,5.0,3.0,5.0,6.0,4.0,5.0,3.0,6.0,5.0,0.0,0.0,0.0,2.0,3.0
1918,0.0,2.0,5.0,2.0,2.0,3.0,2.0,3.0,4.0,2.0,2.0,2.0,2.0,2.0,2.0,2.0,2.0,2.0,3.0,4.0,2.0,2.0,4.0,2.0,3.0,1.0,2.0,2.0,3.0,3.0,1.0,4.0,3.0,2.0,3.0,2.0,4.0,3.0,5.0,2.0,2.0,2.0,3.0,5.0,0.0
1919,2.0,2.0,6.0,2.0,3.0,5.0,4.0,5.0,3.0,3.0,4.0,3.0,2.0,1.0,3.0,3.0,3.0,3.0,1.0,4.0,3.0,4.0,5.0,4.0,2.0,3.0,3.0,1.0,0.0,0.0,3.0,4.0,5.0,4.0,3.0,2.0,4.0,2.0,4.0,3.0,3.0,2.0,3.0,2.0,2.0
1920,5.0,7.0,2.0,1.0,7.0,6.0,8.0,8.0,5.0,6.0,3.0,7.0,9.0,5.0,7.0,5.0,3.0,3.0,4.0,5.0,2.0,4.0,5.0,6.0,0.0,0.0,10.0,8.0,7.0,5.0,5.0,2.0,6.0,7.0,11.0,7.0,9.0,9.0,8.0,10.0,10.0,7.0,10.0,1.0,5.0
1921,4.0,1.0,2.0,3.0,4.0,0.0,0.0,3.0,5.0,2.0,4.0,1.0,4.0,3.0,3.0,1.0,2.0,1.0,2.0,3.0,5.0,1.0,2.0,2.0,3.0,1.0,0.0,1.0,2.0,2.0,2.0,1.0,4.0,3.0,0.0,5.0,4.0,3.0,2.0,4.0,1.0,5.0,3.0,2.0,1.0
1922,4.0,1.0,3.0,4.0,5.0,3.0,1.0,3.0,5.0,3.0,4.0,4.0,4.0,4.0,4.0,3.0,2.0,2.0,2.0,3.0,5.0,1.0,3.0,2.0,4.0,3.0,2.0,3.0,4.0,3.0,2.0,2.0,6.0,3.0,0.0,5.0,5.0,4.0,2.0,5.0,3.0,6.0,5.0,2.0,1.0
1923,3.0,6.0,2.0,1.0,5.0,6.0,8.0,6.0,4.0,5.0,3.0,6.0,8.0,5.0,7.0,4.0,3.0,3.0,2.0,4.0,2.0,4.0,4.0,6.0,0.0,0.0,7.0,7.0,5.0,5.0,4.0,2.0,5.0,6.0,9.0,6.0,4.0,8.0,7.0,8.0,8.0,4.0,8.0,1.0,5.0
1924,2.0,0.0,1.0,1.0,0.0,0.0,0.0,0.0,1.0,0.0,2.0,1.0,1.0,2.0,1.0,0.0,1.0,1.0,0.0,1.0,2.0,0.0,0.0,2.0,0.0,0.0,0.0,1.0,0.0,1.0,0.0,0.0,1.0,2.0,0.0,3.0,0.0,1.0,1.0,2.0,0.0,0.0,1.0,2.0,0.0
1925,2.0,0.0,2.0,2.0,1.0,3.0,1.0,0.0,1.0,1.0,2.0,3.0,1.0,2.0,1.0,1.0,2.0,2.0,0.0,1.0,2.0,0.0,1.0,2.0,2.0,1.0,1.0,2.0,2.0,1.0,0.0,0.0,3.0,2.0,0.0,3.0,2.0,2.0,1.0,3.0,1.0,1.0,3.0,2.0,0.0
1926,4.0,3.0,2.0,1.0,5.0,0.0,6.0,7.0,4.0,5.0,2.0,3.0,4.0,3.0,3.0,1.0,3.0,1.0,1.0,1.0,2.0,4.0,5.0,1.0,0.0,0.0,6.0,7.0,3.0,3.0,4.0,2.0,4.0,4.0,4.0,0.0,4.0,6.0,6.0,10.0,6.0,6.0,6.0,1.0,4.0
1927,4.0,0.0,1.0,4.0,4.0,0.0,0.0,3.0,4.0,3.0,4.0,1.0,4.0,3.0,2.0,1.0,2.0,1.0,2.0,3.0,2.0,1.0,2.0,2.0,3.0,1.0,0.0,1.0,2.0,2.0,2.0,1.0,3.0,3.0,0.0,4.0,5.0,3.0,2.0,4.0,1.0,5.0,3.0,2.0,1.0
1928,4.0,0.0,2.0,4.0,5.0,3.0,1.0,3.0,4.0,4.0,3.0,2.0,5.0,4.0,3.0,3.0,2.0,2.0,2.0,3.0,2.0,1.0,3.0,2.0,4.0,2.0,2.0,3.0,4.0,2.0,2.0,2.0,5.0,3.0,0.0,4.0,6.0,3.0,2.0,5.0,3.0,6.0,5.0,2.0,1.0
1929,2.0,3.0,2.0,1.0,4.0,0.0,6.0,5.0,4.0,4.0,2.0,3.0,4.0,3.0,3.0,1.0,3.0,1.0,1.0,1.0,2.0,4.0,4.0,1.0,0.0,0.0,5.0,6.0,2.0,3.0,4.0,1.0,3.0,4.0,4.0,0.0,3.0,6.0,6.0,8.0,5.0,4.0,4.0,1.0,4.0
1930,2.0,0.0,0.0,2.0,0.0,0.0,0.0,0.0,0.0,1.0,2.0,1.0,1.0,2.0,1.0,0.0,1.0,1.0,0.0,1.0,1.0,0.0,0.0,2.0,0.0,0.0,0.0,1.0,0.0,1.0,0.0,0.0,1.0,2.0,0.0,2.0,1.0,1.0,1.0,2.0,0.0,0.0,1.0,2.0,0.0
1931,2.0,0.0,1.0,2.0,1.0,3.0,1.0,0.0,0.0,2.0,2.0,1.0,2.0,2.0,2.0,1.0,2.0,2.0,0.0,1.0,1.0,0.0,1.0,2.0,2.0,1.0,1.0,2.0,2.0,1.0,0.0,0.0,3.0,2.0,0.0,2.0,3.0,1.0,1.0,3.0,1.0,1.0,3.0,2.0,0.0
1932,4.0,3.0,2.0,1.0,4.0,0.0,5.0,1.0,2.0,1.0,1.0,3.0,4.0,3.0,3.0,1.0,2.0,3.0,1.0,1.0,1.0,4.0,1.0,1.0,0.0,0.0,4.0,6.0,2.0,3.0,3.0,1.0,3.0,3.0,4.0,0.0,2.0,3.0,3.0,10.0,7.0,4.0,3.0,1.0,4.0
1933,4.0,0.0,1.0,4.0,4.0,0.0,0.0,3.0,4.0,3.0,3.0,1.0,4.0,3.0,1.0,1.0,2.0,1.0,2.0,2.0,2.0,1.0,2.0,2.0,3.0,1.0,0.0,1.0,2.0,2.0,2.0,1.0,2.0,2.0,0.0,3.0,5.0,3.0,2.0,4.0,1.0,5.0,2.0,2.0,1.0
1934,4.0,0.0,1.0,4.0,5.0,2.0,1.0,3.0,4.0,4.0,3.0,2.0,5.0,3.0,2.0,4.0,2.0,1.0,2.0,2.0,2.0,1.0,3.0,2.0,4.0,1.0,2.0,2.0,4.0,2.0,2.0,2.0,2.0,2.0,0.0,3.0,5.0,3.0,2.0,5.0,3.0,6.0,3.0,2.0,1.0
1935,2.0,3.0,2.0,1.0,2.0,0.0,5.0,1.0,2.0,1.0,1.0,3.0,4.0,3.0,3.0,1.0,2.0,3.0,1.0,1.0,1.0,3.0,1.0,1.0,0.0,0.0,3.0,6.0,2.0,3.0,3.0,1.0,3.0,2.0,4.0,0.0,2.0,3.0,3.0,8.0,5.0,3.0,2.0,1.0,4.0
1936,2.0,0.0,0.0,2.0,0.0,0.0,0.0,0.0,0.0,1.0,2.0,1.0,1.0,2.0,1.0,0.0,1.0,1.0,0.0,1.0,1.0,0.0,0.0,2.0,0.0,0.0,0.0,1.0,0.0,1.0,0.0,0.0,1.0,1.0,0.0,1.0,1.0,1.0,1.0,2.0,0.0,0.0,1.0,2.0,0.0
1937,2.0,0.0,0.0,2.0,1.0,2.0,1.0,0.0,0.0,2.0,2.0,1.0,2.0,2.0,2.0,1.0,2.0,1.0,0.0,1.0,1.0,0.0,1.0,2.0,1.0,2.0,1.0,2.0,2.0,1.0,0.0,0.0,3.0,1.0,0.0,1.0,3.0,1.0,1.0,3.0,1.0,1.0,2.0,2.0,0.0
1938,4.0,3.0,1.0,1.0,3.0,0.0,4.0,3.0,3.0,1.0,1.0,0.0,2.0,1.0,2.0,0.0,0.0,0.0,2.0,2.0,0.0,2.0,0.0,1.0,0.0,0.0,1.0,1.0,0.0,0.0,0.0,3.0,1.0,1.0,1.0,0.0,1.0,3.0,1.0,2.0,0.0,0.0,0.0,2.0,2.0
1939,4.0,1.0,1.0,5.0,3.0,0.0,0.0,3.0,5.0,2.0,4.0,1.0,5.0,4.0,2.0,1.0,2.0,1.0,2.0,3.0,4.0,1.0,2.0,2.0,3.0,2.0,0.0,1.0,2.0,2.0,2.0,1.0,4.0,3.0,0.0,5.0,4.0,3.0,2.0,4.0,1.0,5.0,3.0,2.0,1.0
1940,4.0,1.0,1.0,5.0,4.0,3.0,1.0,3.0,5.0,3.0,3.0,3.0,6.0,5.0,3.0,3.0,2.0,2.0,2.0,3.0,4.0,1.0,3.0,2.0,4.0,3.0,2.0,2.0,4.0,2.0,2.0,2.0,6.0,2.0,0.0,5.0,5.0,3.0,2.0,4.0,3.0,6.0,5.0,2.0,1.0
1941,2.0,3.0,1.0,1.0,1.0,0.0,4.0,3.0,3.0,1.0,1.0,0.0,2.0,1.0,2.0,0.0,0.0,0.0,1.0,2.0,0.0,2.0,0.0,1.0,0.0,0.0,1.0,1.0,0.0,0.0,0.0,2.0,2.0,1.0,1.0,0.0,1.0,2.0,1.0,2.0,0.0,0.0,0.0,2.0,2.0
1942,2.0,0.0,0.0,2.0,0.0,0.0,0.0,0.0,1.0,0.0,2.0,1.0,1.0,2.0,1.0,0.0,1.0,1.0,0.0,1.0,2.0,0.0,0.0,2.0,0.0,0.0,0.0,1.0,0.0,1.0,0.0,0.0,1.0,2.0,0.0,3.0,0.0,1.0,1.0,2.0,0.0,0.0,1.0,2.0,0.0
1943,2.0,0.0,0.0,2.0,1.0,3.0,1.0,0.0,1.0,1.0,2.0,2.0,2.0,2.0,1.0,1.0,2.0,2.0,0.0,1.0,2.0,0.0,1.0,2.0,2.0,1.0,1.0,2.0,2.0,1.0,0.0,0.0,3.0,2.0,0.0,3.0,2.0,1.0,1.0,2.0,1.0,1.0,3.0,2.0,0.0
1944,4.0,2.0,1.0,1.0,0.0,0.0,1.0,0.0,1.0,0.0,1.0,0.0,2.0,1.0,1.0,0.0,0.0,0.0,2.0,1.0,1.0,1.0,0.0,1.0,0.0,0.0,0.0,2.0,0.0,0.0,0.0,2.0,1.0,1.0,1.0,0.0,1.0,1.0,1.0,4.0,0.0,0.0,0.0,1.0,2.0
1945,4.0,1.0,1.0,5.0,3.0,0.0,0.0,3.0,5.0,2.0,4.0,1.0,5.0,4.0,2.0,1.0,2.0,1.0,2.0,3.0,4.0,1.0,2.0,2.0,3.0,2.0,0.0,1.0,2.0,2.0,2.0,1.0,3.0,3.0,0.0,5.0,4.0,3.0,2.0,4.0,1.0,5.0,3.0,2.0,1.0
1946,4.0,1.0,1.0,5.0,4.0,3.0,1.0,3.0,5.0,3.0,3.0,2.0,6.0,4.0,2.0,4.0,2.0,1.0,2.0,3.0,4.0,1.0,3.0,2.0,4.0,3.0,2.0,2.0,4.0,2.0,2.0,2.0,5.0,2.0,0.0,5.0,5.0,3.0,2.0,4.0,3.0,4.0,4.0,2.0,1.0
1947,2.0,2.0,1.0,1.0,0.0,0.0,1.0,0.0,1.0,0.0,1.0,0.0,2.0,1.0,1.0,0.0,0.0,0.0,1.0,1.0,1.0,1.0,0.0,1.0,0.0,0.0,0.0,2.0,0.0,0.0,0.0,1.0,2.0,1.0,2.0,0.0,1.0,1.0,1.0,3.0,0.0,0.0,0.0,1.0,2.0
1948,2.0,0.0,0.0,2.0,0.0,0.0,0.0,0.0,1.0,0.0,2.0,1.0,1.0,2.0,1.0,0.0,1.0,1.0,0.0,1.0,2.0,0.0,0.0,2.0,0.0,0.0,0.0,1.0,0.0,1.0,0.0,0.0,1.0,2.0,0.0,3.0,0.0,1.0,1.0,2.0,0.0,0.0,1.0,2.0,0.0
1949,2.0,0.0,0.0,2.0,1.0,3.0,1.0,0.0,1.0,1.0,2.0,1.0,2.0,2.0,1.0,1.0,2.0,1.0,1.0,1.0,2.0,0.0,1.0,2.0,1.0,2.0,1.0,2.0,2.0,1.0,0.0,0.0,3.0,2.0,0.0,3.0,2.0,1.0,1.0,2.0,1.0,1.0,2.0,2.0,0.0
1950,4.0,2.0,1.0,1.0,0.0,0.0,2.0,0.0,1.0,0.0,1.0,0.0,1.0,1.0,3.0,0.0,0.0,0.0,2.0,2.0,0.0,1.0,0.0,0.0,0.0,2.0,2.0,1.0,0.0,0.0,0.0,3.0,0.0,1.0,1.0,0.0,1.0,1.0,0.0,3.0,0.0,0.0,0.0,2.0,1.0
1951,4.0,0.0,1.0,4.0,4.0,0.0,0.0,3.0,5.0,2.0,4.0,1.0,4.0,2.0,1.0,1.0,2.0,1.0,2.0,3.0,4.0,1.0,2.0,2.0,3.0,2.0,0.0,1.0,2.0,2.0,2.0,1.0,3.0,2.0,0.0,4.0,4.0,2.0,2.0,4.0,1.0,5.0,3.0,1.0,1.0
1952,4.0,0.0,1.0,4.0,5.0,1.0,2.0,3.0,5.0,2.0,3.0,2.0,4.0,2.0,1.0,4.0,2.0,2.0,2.0,3.0,4.0,1.0,3.0,2.0,4.0,3.0,2.0,0.0,5.0,2.0,2.0,2.0,5.0,2.0,0.0,4.0,4.0,2.0,2.0,4.0,3.0,5.0,4.0,1.0,1.0
1953,2.0,2.0,1.0,1.0,0.0,0.0,2.0,0.0,1.0,0.0,1.0,0.0,1.0,1.0,2.0,0.0,0.0,0.0,2.0,2.0,0.0,1.0,0.0,0.0,0.0,2.0,2.0,1.0,0.0,0.0,0.0,2.0,1.0,0.0,0.0,0.0,1.0,1.0,0.0,2.0,0.0,0.0,0.0,2.0,1.0
1954,2.0,0.0,0.0,2.0,0.0,0.0,0.0,0.0,1.0,0.0,2.0,1.0,1.0,1.0,1.0,0.0,1.0,1.0,0.0,1.0,2.0,0.0,0.0,2.0,0.0,0.0,0.0,1.0,0.0,1.0,0.0,0.0,1.0,1.0,0.0,2.0,0.0,0.0,2.0,2.0,0.0,0.0,1.0,1.0,0.0
1955,2.0,0.0,0.0,2.0,1.0,1.0,2.0,0.0,1.0,1.0,2.0,1.0,2.0,1.0,1.0,1.0,2.0,2.0,0.0,1.0,2.0,0.0,1.0,2.0,1.0,2.0,1.0,2.0,2.0,1.0,0.0,0.0,3.0,1.0,0.0,2.0,1.0,0.0,2.0,2.0,1.0,1.0,2.0,1.0,0.0
1956,4.0,1.0,1.0,1.0,0.0,0.0,0.0,1.0,1.0,0.0,1.0,0.0,0.0,0.0,1.0,0.0,0.0,0.0,2.0,1.0,1.0,1.0,0.0,0.0,0.0,2.0,2.0,1.0,0.0,0.0,0.0,1.0,1.0,1.0,1.0,0.0,1.0,0.0,1.0,1.0,0.0,0.0,0.0,1.0,1.0
1957,4.0,0.0,1.0,4.0,4.0,0.0,0.0,3.0,5.0,2.0,4.0,1.0,4.0,2.0,1.0,1.0,2.0,1.0,2.0,3.0,4.0,1.0,2.0,2.0,3.0,2.0,0.0,1.0,2.0,2.0,2.0,1.0,2.0,2.0,0.0,3.0,5.0,2.0,2.0,4.0,1.0,5.0,3.0,1.0,1.0
1958,4.0,0.0,1.0,4.0,5.0,1.0,2.0,3.0,5.0,0.0,2.0,2.0,4.0,2.0,1.0,4.0,2.0,1.0,2.0,3.0,4.0,1.0,1.0,2.0,4.0,3.0,2.0,0.0,3.0,1.0,3.0,2.0,2.0,2.0,0.0,3.0,5.0,2.0,2.0,4.0,3.0,5.0,4.0,1.0,1.0
1959,2.0,1.0,1.0,1.0,0.0,0.0,0.0,1.0,1.0,0.0,1.0,0.0,0.0,0.0,1.0,0.0,0.0,0.0,2.0,1.0,1.0,1.0,0.0,0.0,0.0,2.0,2.0,1.0,0.0,0.0,0.0,1.0,1.0,0.0,1.0,0.0,1.0,0.0,1.0,1.0,0.0,0.0,0.0,1.0,1.0
1960,2.0,0.0,0.0,2.0,0.0,0.0,0.0,0.0,1.0,0.0,2.0,1.0,1.0,1.0,1.0,0.0,1.0,1.0,0.0,1.0,2.0,0.0,0.0,2.0,0.0,0.0,0.0,1.0,0.0,1.0,0.0,0.0,1.0,1.0,0.0,1.0,1.0,0.0,2.0,2.0,0.0,0.0,1.0,1.0,0.0
1961,2.0,0.0,0.0,2.0,1.0,1.0,2.0,0.0,1.0,0.0,1.0,1.0,2.0,1.0,1.0,1.0,2.0,1.0,0.0,1.0,2.0,0.0,1.0,2.0,1.0,2.0,1.0,2.0,2.0,1.0,0.0,0.0,3.0,1.0,0.0,1.0,2.0,1.0,2.0,2.0,1.0,1.0,2.0,1.0,0.0
1962,5.0,7.0,2.0,1.0,7.0,4.0,9.0,9.0,7.0,6.0,2.0,6.0,10.0,6.0,5.0,5.0,4.0,3.0,3.0,5.0,2.0,5.0,6.0,6.0,0.0,0.0,8.0,6.0,3.0,5.0,5.0,2.0,6.0,6.0,4.0,0.0,3.0,8.0,6.0,9.0,7.0,4.0,6.0,1.0,4.0
1963,4.0,1.0,1.0,5.0,3.0,0.0,0.0,3.0,4.0,3.0,4.0,1.0,5.0,4.0,2.0,1.0,2.0,1.0,2.0,3.0,4.0,1.0,2.0,2.0,3.0,2.0,0.0,1.0,2.0,2.0,2.0,1.0,4.0,3.0,0.0,5.0,4.0,3.0,2.0,4.0,1.0,5.0,3.0,2.0,1.0
1964,4.0,1.0,2.0,5.0,4.0,3.0,1.0,3.0,5.0,4.0,4.0,3.0,5.0,5.0,3.0,3.0,2.0,2.0,2.0,3.0,4.0,1.0,3.0,2.0,5.0,4.0,1.0,3.0,4.0,3.0,2.0,2.0,6.0,3.0,0.0,5.0,5.0,3.0,2.0,4.0,3.0,6.0,5.0,2.0,1.0
1965,3.0,6.0,2.0,1.0,5.0,4.0,9.0,7.0,5.0,5.0,2.0,5.0,8.0,6.0,5.0,4.0,4.0,3.0,2.0,5.0,2.0,5.0,5.0,6.0,0.0,0.0,7.0,6.0,2.0,5.0,4.0,1.0,5.0,5.0,4.0,0.0,3.0,7.0,5.0,7.0,5.0,3.0,4.0,1.0,4.0
1966,2.0,0.0,0.0,2.0,0.0,0.0,0.0,0.0,0.0,1.0,2.0,1.0,1.0,2.0,1.0,0.0,1.0,1.0,0.0,1.0,2.0,0.0,0.0,2.0,0.0,0.0,0.0,1.0,0.0,1.0,0.0,0.0,1.0,2.0,0.0,3.0,0.0,1.0,1.0,2.0,0.0,0.0,1.0,2.0,0.0
1967,2.0,0.0,1.0,2.0,1.0,3.0,1.0,0.0,0.0,2.0,2.0,2.0,1.0,2.0,1.0,1.0,2.0,2.0,0.0,1.0,2.0,0.0,1.0,2.0,2.0,2.0,0.0,2.0,2.0,1.0,0.0,0.0,3.0,2.0,0.0,3.0,2.0,1.0,1.0,2.0,1.0,1.0,3.0,2.0,0.0
1968,5.0,5.0,2.0,1.0,3.0,0.0,6.0,7.0,4.0,4.0,2.0,5.0,6.0,3.0,3.0,4.0,3.0,3.0,1.0,2.0,2.0,4.0,5.0,1.0,0.0,0.0,5.0,2.0,2.0,3.0,4.0,1.0,3.0,4.0,3.0,0.0,2.0,3.0,4.0,4.0,0.0,0.0,0.0,3.0,4.0
1969,4.0,1.0,1.0,4.0,4.0,0.0,0.0,3.0,4.0,3.0,4.0,1.0,4.0,3.0,2.0,1.0,2.0,1.0,2.0,3.0,4.0,1.0,2.0,2.0,3.0,2.0,0.0,1.0,2.0,2.0,2.0,1.0,3.0,3.0,0.0,4.0,5.0,3.0,2.0,4.0,1.0,5.0,2.0,1.0,1.0
1970,4.0,1.0,1.0,4.0,5.0,3.0,1.0,3.0,4.0,4.0,3.0,2.0,5.0,3.0,3.0,4.0,2.0,2.0,2.0,3.0,4.0,1.0,3.0,2.0,4.0,3.0,2.0,2.0,4.0,2.0,2.0,2.0,5.0,2.0,0.0,4.0,6.0,3.0,2.0,4.0,3.0,5.0,4.0,1.0,1.0
1971,3.0,4.0,2.0,1.0,3.0,0.0,6.0,5.0,3.0,4.0,2.0,4.0,5.0,3.0,3.0,3.0,3.0,3.0,1.0,2.0,2.0,4.0,4.0,1.0,0.0,0.0,4.0,2.0,2.0,3.0,4.0,1.0,3.0,3.0,3.0,0.0,2.0,3.0,4.0,4.0,0.0,0.0,0.0,3.0,4.0
1972,2.0,0.0,0.0,2.0,0.0,0.0,0.0,0.0,0.0,1.0,2.0,1.0,1.0,2.0,1.0,0.0,1.0,1.0,0.0,1.0,2.0,0.0,0.0,2.0,0.0,0.0,0.0,1.0,0.0,1.0,0.0,0.0,1.0,2.0,0.0,2.0,1.0,1.0,1.0,2.0,0.0,0.0,1.0,1.0,0.0
1973,2.0,0.0,0.0,2.0,1.0,3.0,1.0,0.0,0.0,2.0,2.0,1.0,2.0,2.0,1.0,1.0,2.0,2.0,0.0,1.0,2.0,0.0,1.0,2.0,2.0,1.0,1.0,2.0,2.0,1.0,0.0,0.0,3.0,2.0,0.0,2.0,3.0,1.0,1.0,2.0,1.0,1.0,3.0,1.0,0.0
1974,4.0,3.0,1.0,1.0,1.0,0.0,4.0,3.0,2.0,1.0,1.0,2.0,5.0,3.0,2.0,1.0,3.0,1.0,1.0,1.0,2.0,2.0,1.0,1.0,0.0,0.0,1.0,2.0,0.0,0.0,1.0,0.0,3.0,3.0,3.0,0.0,2.0,2.0,3.0,4.0,0.0,0.0,0.0,3.0,2.0
1975,4.0,0.0,1.0,4.0,4.0,0.0,0.0,3.0,4.0,3.0,3.0,1.0,4.0,2.0,1.0,1.0,2.0,1.0,2.0,3.0,3.0,1.0,2.0,2.0,3.0,1.0,0.0,0.0,3.0,2.0,2.0,1.0,2.0,2.0,0.0,3.0,5.0,2.0,2.0,4.0,0.0,6.0,2.0,1.0,1.0
1976,4.0,0.0,1.0,4.0,5.0,1.0,2.0,3.0,4.0,4.0,3.0,2.0,5.0,2.0,1.0,4.0,2.0,1.0,2.0,3.0,3.0,1.0,3.0,2.0,4.0,1.0,2.0,1.0,5.0,2.0,2.0,2.0,2.0,2.0,0.0,3.0,5.0,2.0,2.0,4.0,1.0,6.0,3.0,1.0,1.0
1977,2.0,3.0,1.0,1.0,1.0,0.0,4.0,3.0,2.0,1.0,1.0,2.0,4.0,3.0,2.0,1.0,3.0,1.0,1.0,1.0,2.0,2.0,1.0,1.0,0.0,0.0,1.0,2.0,0.0,0.0,1.0,0.0,3.0,2.0,3.0,0.0,2.0,2.0,3.0,4.0,0.0,0.0,0.0,3.0,2.0
1978,2.0,0.0,0.0,2.0,0.0,0.0,0.0,0.0,0.0,1.0,2.0,1.0,1.0,1.0,1.0,0.0,1.0,1.0,0.0,1.0,1.0,0.0,0.0,2.0,0.0,0.0,0.0,0.0,1.0,1.0,0.0,0.0,1.0,1.0,0.0,1.0,1.0,0.0,2.0,2.0,0.0,0.0,1.0,1.0,0.0
1979,2.0,0.0,0.0,2.0,1.0,1.0,2.0,0.0,0.0,2.0,2.0,1.0,2.0,1.0,1.0,1.0,2.0,1.0,0.0,1.0,1.0,0.0,1.0,2.0,1.0,2.0,1.0,1.0,3.0,1.0,0.0,0.0,3.0,1.0,0.0,1.0,3.0,0.0,2.0,2.0,1.0,1.0,2.0,1.0,0.0
1980,4.0,5.0,2.0,2.0,10.0,6.0,8.0,8.0,5.0,6.0,3.0,7.0,9.0,5.0,7.0,4.0,3.0,3.0,3.0,4.0,2.0,4.0,5.0,6.0,0.0,0.0,10.0,8.0,7.0,5.0,5.0,2.0,6.0,7.0,11.0,7.0,9.0,9.0,8.0,10.0,10.0,7.0,10.0,1.0,5.0
1981,3.0,1.0,2.0,3.0,4.0,0.0,0.0,3.0,4.0,1.0,4.0,1.0,4.0,2.0,2.0,1.0,2.0,1.0,2.0,2.0,5.0,1.0,2.0,2.0,2.0,1.0,0.0,1.0,2.0,1.0,2.0,1.0,3.0,2.0,0.0,5.0,4.0,3.0,1.0,4.0,1.0,5.0,3.0,2.0,1.0
1982,3.0,1.0,3.0,4.0,5.0,3.0,1.0,3.0,5.0,3.0,4.0,3.0,4.0,4.0,4.0,2.0,2.0,1.0,2.0,3.0,5.0,1.0,2.0,2.0,3.0,3.0,1.0,3.0,4.0,3.0,2.0,2.0,5.0,3.0,0.0,5.0,5.0,3.0,2.0,5.0,3.0,6.0,5.0,2.0,1.0
1983,3.0,6.0,2.0,1.0,7.0,6.0,8.0,6.0,4.0,5.0,3.0,6.0,8.0,5.0,7.0,4.0,3.0,3.0,2.0,4.0,2.0,4.0,4.0,6.0,0.0,0.0,7.0,7.0,5.0,5.0,4.0,2.0,5.0,6.0,9.0,6.0,4.0,8.0,7.0,8.0,8.0,4.0,8.0,1.0,5.0
1984,2.0,0.0,1.0,1.0,0.0,0.0,0.0,0.0,1.0,0.0,2.0,1.0,1.0,1.0,0.0,0.0,1.0,1.0,0.0,1.0,2.0,0.0,0.0,2.0,0.0,0.0,0.0,1.0,0.0,0.0,0.0,0.0,1.0,1.0,0.0,3.0,0.0,1.0,0.0,2.0,0.0,0.0,1.0,2.0,0.0
1985,2.0,0.0,2.0,2.0,1.0,3.0,1.0,0.0,1.0,1.0,2.0,3.0,1.0,2.0,1.0,1.0,2.0,1.0,0.0,1.0,2.0,0.0,0.0,2.0,1.0,1.0,0.0,2.0,2.0,1.0,0.0,0.0,3.0,2.0,0.0,3.0,2.0,1.0,1.0,3.0,1.0,1.0,3.0,2.0,0.0
1986,4.0,4.0,2.0,2.0,5.0,0.0,6.0,4.0,4.0,5.0,2.0,3.0,4.0,3.0,3.0,1.0,3.0,1.0,1.0,1.0,2.0,4.0,5.0,1.0,0.0,0.0,6.0,7.0,3.0,3.0,4.0,2.0,4.0,4.0,4.0,0.0,4.0,5.0,4.0,10.0,6.0,6.0,6.0,1.0,4.0
1987,3.0,1.0,1.0,4.0,4.0,0.0,0.0,3.0,2.0,2.0,4.0,1.0,4.0,2.0,2.0,1.0,2.0,1.0,2.0,2.0,2.0,1.0,2.0,2.0,2.0,1.0,0.0,1.0,2.0,1.0,2.0,1.0,2.0,2.0,0.0,4.0,5.0,3.0,1.0,4.0,1.0,5.0,3.0,2.0,1.0
1988,3.0,1.0,2.0,4.0,5.0,3.0,1.0,3.0,3.0,4.0,3.0,1.0,5.0,4.0,3.0,2.0,2.0,1.0,2.0,3.0,2.0,1.0,2.0,2.0,3.0,2.0,1.0,2.0,4.0,2.0,2.0,2.0,4.0,3.0,0.0,4.0,5.0,3.0,2.0,5.0,3.0,6.0,5.0,2.0,1.0
1989,2.0,3.0,2.0,1.0,4.0,0.0,6.0,4.0,4.0,4.0,2.0,3.0,4.0,3.0,3.0,1.0,3.0,1.0,1.0,1.0,2.0,4.0,4.0,1.0,0.0,0.0,5.0,6.0,2.0,3.0,4.0,1.0,3.0,4.0,4.0,0.0,3.0,5.0,4.0,8.0,5.0,4.0,4.0,1.0,4.0
1990,2.0,0.0,0.0,2.0,0.0,0.0,0.0,0.0,0.0,1.0,2.0,1.0,1.0,1.0,0.0,0.0,1.0,1.0,0.0,1.0,1.0,0.0,0.0,2.0,0.0,0.0,0.0,1.0,0.0,0.0,0.0,0.0,1.0,1.0,0.0,2.0,1.0,1.0,0.0,2.0,0.0,0.0,1.0,2.0,0.0
1991,2.0,0.0,1.0,2.0,1.0,3.0,1.0,0.0,0.0,2.0,2.0,1.0,2.0,2.0,2.0,1.0,2.0,1.0,0.0,1.0,1.0,0.0,0.0,2.0,1.0,1.0,0.0,2.0,2.0,1.0,0.0,0.0,1.0,2.0,0.0,2.0,2.0,1.0,1.0,3.0,1.0,1.0,3.0,2.0,0.0
1992,3.0,3.0,2.0,2.0,4.0,0.0,4.0,1.0,2.0,1.0,1.0,3.0,4.0,3.0,3.0,1.0,2.0,3.0,1.0,1.0,1.0,4.0,1.0,1.0,0.0,0.0,4.0,6.0,2.0,2.0,3.0,1.0,3.0,3.0,4.0,0.0,2.0,3.0,3.0,10.0,7.0,4.0,3.0,1.0,4.0
1993,3.0,0.0,1.0,4.0,4.0,0.0,0.0,3.0,2.0,2.0,3.0,1.0,4.0,2.0,1.0,1.0,2.0,1.0,2.0,2.0,2.0,1.0,2.0,2.0,2.0,1.0,0.0,1.0,2.0,1.0,2.0,1.0,2.0,2.0,0.0,3.0,5.0,3.0,1.0,4.0,1.0,5.0,2.0,2.0,1.0
1994,3.0,0.0,1.0,4.0,5.0,2.0,1.0,3.0,3.0,4.0,3.0,1.0,5.0,3.0,2.0,3.0,2.0,1.0,2.0,2.0,2.0,1.0,2.0,2.0,3.0,1.0,1.0,2.0,4.0,2.0,2.0,2.0,2.0,2.0,0.0,3.0,5.0,3.0,2.0,5.0,3.0,6.0,3.0,2.0,1.0
1995,2.0,3.0,2.0,1.0,2.0,0.0,4.0,1.0,2.0,1.0,1.0,3.0,4.0,3.0,3.0,1.0,2.0,3.0,1.0,1.0,1.0,3.0,1.0,1.0,0.0,0.0,3.0,6.0,2.0,2.0,3.0,1.0,3.0,2.0,4.0,0.0,2.0,3.0,3.0,8.0,5.0,3.0,2.0,1.0,4.0
1996,2.0,0.0,0.0,2.0,0.0,0.0,0.0,0.0,0.0,1.0,2.0,1.0,1.0,1.0,0.0,0.0,1.0,1.0,0.0,1.0,1.0,0.0,0.0,2.0,0.0,0.0,0.0,1.0,0.0,0.0,0.0,0.0,1.0,1.0,0.0,1.0,1.0,1.0,0.0,2.0,0.0,0.0,1.0,2.0,0.0
1997,2.0,0.0,0.0,2.0,1.0,2.0,1.0,0.0,0.0,2.0,2.0,1.0,2.0,2.0,2.0,1.0,2.0,1.0,0.0,1.0,1.0,0.0,0.0,2.0,0.0,2.0,0.0,2.0,2.0,1.0,0.0,0.0,1.0,1.0,0.0,1.0,2.0,1.0,1.0,3.0,1.0,1.0,2.0,2.0,0.0
1998,4.0,3.0,1.0,2.0,3.0,0.0,3.0,3.0,3.0,1.0,0.0,3.0,2.0,2.0,3.0,0.0,0.0,0.0,2.0,2.0,0.0,2.0,0.0,1.0,0.0,0.0,1.0,1.0,0.0,0.0,0.0,3.0,1.0,2.0,1.0,0.0,1.0,3.0,1.0,2.0,0.0,0.0,0.0,2.0,2.0
1999,4.0,1.0,1.0,5.0,3.0,0.0,0.0,3.0,4.0,1.0,4.0,1.0,5.0,3.0,1.0,1.0,2.0,1.0,2.0,2.0,4.0,1.0,2.0,2.0,2.0,2.0,0.0,1.0,2.0,1.0,2.0,1.0,3.0,2.0,0.0,5.0,4.0,3.0,1.0,4.0,1.0,5.0,3.0,2.0,1.0
2000,4.0,1.0,1.0,5.0,4.0,3.0,1.0,3.0,5.0,3.0,3.0,2.0,6.0,5.0,2.0,3.0,2.0,1.0,2.0,3.0,4.0,1.0,2.0,2.0,3.0,3.0,1.0,2.0,4.0,2.0,2.0,2.0,3.0,3.0,0.0,5.0,5.0,3.0,2.0,4.0,3.0,6.0,5.0,2.0,1.0
2001,2.0,3.0,1.0,1.0,1.0,0.0,3.0,3.0,3.0,1.0,0.0,3.0,2.0,2.0,3.0,0.0,0.0,0.0,1.0,2.0,0.0,2.0,0.0,1.0,0.0,0.0,1.0,1.0,0.0,0.0,0.0,2.0,2.0,1.0,1.0,0.0,1.0,2.0,1.0,2.0,0.0,0.0,0.0,2.0,2.0
2002,2.0,0.0,0.0,2.0,0.0,0.0,0.0,0.0,1.0,0.0,2.0,1.0,1.0,1.0,0.0,0.0,1.0,1.0,0.0,1.0,2.0,0.0,0.0,2.0,0.0,0.0,0.0,1.0,0.0,0.0,0.0,0.0,1.0,1.0,0.0,3.0,0.0,1.0,0.0,2.0,0.0,0.0,1.0,2.0,0.0
2003,2.0,0.0,0.0,2.0,1.0,3.0,1.0,0.0,1.0,1.0,2.0,2.0,2.0,2.0,1.0,1.0,2.0,1.0,0.0,1.0,2.0,0.0,0.0,2.0,1.0,1.0,0.0,2.0,2.0,1.0,0.0,0.0,1.0,2.0,0.0,3.0,2.0,1.0,1.0,2.0,1.0,1.0,3.0,2.0,0.0
2004,4.0,2.0,1.0,2.0,0.0,0.0,1.0,0.0,1.0,0.0,1.0,0.0,2.0,1.0,1.0,0.0,0.0,0.0,2.0,1.0,1.0,1.0,0.0,1.0,0.0,0.0,0.0,2.0,0.0,0.0,0.0,2.0,1.0,1.0,1.0,0.0,1.0,1.0,1.0,1.0,0.0,0.0,0.0,2.0,2.0
2005,4.0,1.0,1.0,5.0,3.0,0.0,0.0,3.0,4.0,1.0,4.0,1.0,5.0,3.0,1.0,1.0,2.0,1.0,2.0,2.0,4.0,1.0,2.0,2.0,2.0,2.0,0.0,1.0,2.0,1.0,2.0,1.0,2.0,2.0,0.0,5.0,4.0,3.0,1.0,4.0,1.0,5.0,3.0,2.0,1.0
2006,4.0,1.0,1.0,5.0,4.0,2.0,2.0,3.0,5.0,3.0,3.0,1.0,6.0,4.0,2.0,3.0,2.0,1.0,2.0,3.0,4.0,1.0,2.0,2.0,3.0,3.0,1.0,2.0,4.0,2.0,2.0,2.0,4.0,3.0,0.0,5.0,5.0,3.0,2.0,4.0,3.0,5.0,4.0,2.0,1.0
2007,2.0,2.0,1.0,1.0,0.0,0.0,1.0,0.0,1.0,0.0,1.0,0.0,2.0,1.0,1.0,0.0,0.0,0.0,1.0,1.0,1.0,1.0,0.0,1.0,0.0,0.0,0.0,2.0,0.0,0.0,0.0,1.0,2.0,1.0,2.0,0.0,1.0,1.0,1.0,1.0,0.0,0.0,0.0,2.0,2.0
2008,2.0,0.0,0.0,2.0,0.0,0.0,0.0,0.0,1.0,0.0,2.0,1.0,1.0,1.0,0.0,0.0,1.0,1.0,0.0,1.0,2.0,0.0,0.0,2.0,0.0,0.0,0.0,1.0,0.0,0.0,0.0,0.0,1.0,1.0,0.0,3.0,0.0,1.0,0.0,2.0,0.0,0.0,1.0,2.0,0.0
2009,2.0,0.0,0.0,2.0,1.0,2.0,2.0,0.0,1.0,1.0,2.0,1.0,2.0,2.0,1.0,1.0,2.0,1.0,0.0,1.0,2.0,0.0,0.0,2.0,0.0,2.0,0.0,2.0,2.0,1.0,0.0,0.0,1.0,2.0,0.0,3.0,2.0,1.0,1.0,2.0,1.0,1.0,2.0,2.0,0.0
2010,4.0,2.0,1.0,2.0,0.0,0.0,2.0,0.0,1.0,0.0,1.0,0.0,1.0,1.0,3.0,0.0,0.0,0.0,2.0,2.0,0.0,1.0,0.0,0.0,0.0,2.0,2.0,1.0,0.0,0.0,0.0,1.0,1.0,2.0,2.0,0.0,1.0,1.0,0.0,3.0,0.0,0.0,0.0,2.0,1.0
2011,4.0,0.0,1.0,4.0,4.0,0.0,0.0,3.0,3.0,1.0,4.0,1.0,4.0,1.0,1.0,1.0,2.0,1.0,2.0,2.0,4.0,1.0,2.0,2.0,2.0,2.0,0.0,1.0,2.0,1.0,2.0,1.0,2.0,2.0,0.0,3.0,5.0,2.0,1.0,4.0,1.0,5.0,3.0,1.0,1.0
2012,4.0,0.0,1.0,4.0,5.0,1.0,2.0,3.0,4.0,2.0,3.0,1.0,4.0,2.0,1.0,3.0,2.0,1.0,2.0,3.0,4.0,1.0,2.0,2.0,3.0,3.0,1.0,0.0,5.0,2.0,2.0,2.0,4.0,2.0,0.0,3.0,5.0,2.0,2.0,4.0,3.0,5.0,4.0,1.0,1.0
2013,2.0,2.0,1.0,1.0,0.0,0.0,2.0,0.0,1.0,0.0,1.0,0.0,1.0,1.0,2.0,0.0,0.0,0.0,2.0,2.0,0.0,1.0,0.0,0.0,0.0,2.0,2.0,1.0,0.0,0.0,0.0,1.0,1.0,1.0,2.0,0.0,1.0,1.0,0.0,2.0,0.0,0.0,0.0,2.0,1.0
2014,2.0,0.0,0.0,2.0,0.0,0.0,0.0,0.0,1.0,0.0,2.0,1.0,1.0,0.0,1.0,0.0,1.0,1.0,0.0,1.0,2.0,0.0,0.0,2.0,0.0,0.0,0.0,1.0,0.0,0.0,0.0,0.0,1.0,1.0,0.0,1.0,1.0,0.0,1.0,2.0,0.0,0.0,1.0,1.0,0.0
2015,2.0,0.0,0.0,2.0,1.0,1.0,2.0,0.0,1.0,1.0,2.0,1.0,2.0,1.0,1.0,1.0,2.0,1.0,0.0,1.0,2.0,0.0,0.0,2.0,0.0,2.0,0.0,2.0,2.0,1.0,0.0,0.0,1.0,1.0,0.0,1.0,2.0,0.0,2.0,2.0,1.0,1.0,2.0,1.0,0.0
2016,4.0,1.0,1.0,2.0,0.0,0.0,0.0,1.0,0.0,0.0,1.0,0.0,0.0,0.0,1.0,0.0,0.0,0.0,2.0,1.0,1.0,1.0,0.0,0.0,0.0,2.0,2.0,1.0,0.0,0.0,0.0,1.0,1.0,1.0,1.0,0.0,1.0,0.0,1.0,1.0,0.0,0.0,0.0,1.0,1.0
2017,4.0,0.0,1.0,4.0,4.0,0.0,0.0,3.0,2.0,2.0,3.0,1.0,4.0,1.0,1.0,1.0,2.0,1.0,2.0,2.0,3.0,1.0,2.0,2.0,2.0,2.0,0.0,0.0,3.0,1.0,2.0,1.0,2.0,2.0,0.0,3.0,5.0,2.0,1.0,4.0,1.0,5.0,3.0,0.0,2.0
2018,4.0,0.0,1.0,4.0,5.0,1.0,2.0,3.0,3.0,1.0,2.0,1.0,4.0,2.0,1.0,3.0,2.0,1.0,2.0,3.0,3.0,1.0,2.0,2.0,3.0,3.0,1.0,0.0,3.0,1.0,3.0,2.0,2.0,2.0,0.0,3.0,5.0,2.0,2.0,4.0,3.0,5.0,4.0,0.0,2.0
2019,2.0,1.0,1.0,1.0,0.0,0.0,0.0,1.0,0.0,0.0,1.0,0.0,0.0,0.0,1.0,0.0,0.0,0.0,2.0,1.0,1.0,1.0,0.0,0.0,0.0,2.0,2.0,1.0,0.0,0.0,0.0,1.0,1.0,0.0,1.0,0.0,1.0,0.0,1.0,1.0,0.0,0.0,0.0,1.0,1.0
2020,2.0,0.0,0.0,2.0,0.0,0.0,0.0,0.0,0.0,1.0,2.0,1.0,1.0,0.0,1.0,0.0,1.0,1.0,0.0,1.0,1.0,0.0,0.0,2.0,0.0,0.0,0.0,0.0,1.0,0.0,0.0,0.0,1.0,1.0,0.0,1.0,1.0,0.0,1.0,2.0,0.0,0.0,1.0,0.0,1.0
2021,2.0,0.0,0.0,2.0,1.0,1.0,2.0,0.0,0.0,1.0,1.0,1.0,2.0,1.0,1.0,1.0,2.0,1.0,0.0,1.0,1.0,0.0,0.0,2.0,0.0,2.0,0.0,1.0,3.0,1.0,0.0,0.0,1.0,1.0,0.0,1.0,1.0,1.0,2.0,2.0,1.0,1.0,2.0,0.0,1.0
2022,5.0,7.0,2.0,2.0,9.0,4.0,9.0,9.0,7.0,6.0,2.0,6.0,10.0,6.0,5.0,4.0,4.0,3.0,3.0,5.0,2.0,5.0,6.0,6.0,0.0,0.0,8.0,6.0,3.0,5.0,5.0,2.0,6.0,6.0,4.0,0.0,3.0,8.0,6.0,9.0,7.0,4.0,6.0,1.0,4.0
2023,4.0,1.0,1.0,5.0,3.0,0.0,0.0,3.0,3.0,2.0,4.0,1.0,5.0,3.0,1.0,1.0,2.0,1.0,2.0,2.0,4.0,1.0,2.0,2.0,2.0,2.0,0.0,1.0,2.0,1.0,2.0,1.0,3.0,2.0,0.0,5.0,4.0,3.0,1.0,4.0,1.0,5.0,3.0,2.0,1.0
2024,4.0,1.0,2.0,5.0,4.0,3.0,1.0,3.0,5.0,4.0,4.0,2.0,5.0,5.0,3.0,2.0,2.0,1.0,2.0,3.0,4.0,1.0,2.0,2.0,4.0,3.0,1.0,2.0,4.0,3.0,2.0,2.0,5.0,3.0,0.0,5.0,5.0,3.0,2.0,4.0,3.0,6.0,5.0,2.0,1.0
2025,3.0,6.0,2.0,1.0,6.0,4.0,9.0,7.0,5.0,5.0,2.0,5.0,8.0,6.0,5.0,4.0,4.0,3.0,2.0,5.0,2.0,5.0,5.0,6.0,0.0,0.0,7.0,6.0,2.0,5.0,4.0,1.0,5.0,5.0,4.0,0.0,3.0,7.0,5.0,7.0,5.0,3.0,4.0,1.0,4.0
2026,2.0,0.0,0.0,2.0,0.0,0.0,0.0,0.0,0.0,1.0,2.0,1.0,1.0,1.0,0.0,0.0,1.0,1.0,0.0,1.0,2.0,0.0,0.0,2.0,0.0,0.0,0.0,1.0,0.0,0.0,0.0,0.0,1.0,1.0,0.0,3.0,0.0,1.0,0.0,2.0,0.0,0.0,1.0,2.0,0.0
2027,2.0,0.0,1.0,2.0,1.0,3.0,1.0,0.0,0.0,2.0,2.0,2.0,1.0,2.0,1.0,1.0,2.0,1.0,0.0,1.0,2.0,0.0,0.0,2.0,1.0,1.0,0.0,2.0,2.0,1.0,0.0,0.0,3.0,2.0,0.0,3.0,2.0,1.0,1.0,2.0,1.0,1.0,3.0,2.0,0.0
2028,5.0,5.0,2.0,2.0,8.0,2.0,6.0,7.0,4.0,4.0,2.0,5.0,6.0,3.0,3.0,3.0,3.0,3.0,1.0,2.0,2.0,4.0,5.0,1.0,0.0,0.0,5.0,2.0,2.0,3.0,4.0,1.0,3.0,4.0,3.0,0.0,2.0,3.0,4.0,4.0,0.0,0.0,0.0,3.0,4.0
2029,4.0,1.0,1.0,4.0,4.0,0.0,0.0,3.0,3.0,2.0,4.0,1.0,4.0,2.0,2.0,1.0,2.0,1.0,2.0,2.0,4.0,1.0,2.0,2.0,2.0,2.0,0.0,1.0,2.0,1.0,2.0,1.0,2.0,2.0,0.0,4.0,5.0,3.0,1.0,4.0,1.0,5.0,2.0,1.0,1.0
2030,4.0,1.0,1.0,4.0,5.0,3.0,1.0,3.0,4.0,4.0,3.0,1.0,5.0,3.0,3.0,3.0,2.0,1.0,2.0,3.0,4.0,1.0,2.0,2.0,3.0,3.0,1.0,2.0,4.0,2.0,2.0,2.0,4.0,3.0,0.0,4.0,5.0,3.0,2.0,4.0,3.0,5.0,4.0,1.0,1.0
2031,3.0,4.0,2.0,1.0,5.0,2.0,6.0,5.0,3.0,4.0,2.0,4.0,5.0,3.0,3.0,3.0,3.0,3.0,1.0,2.0,2.0,4.0,4.0,1.0,0.0,0.0,4.0,2.0,2.0,3.0,4.0,1.0,3.0,3.0,3.0,0.0,2.0,3.0,4.0,4.0,0.0,0.0,0.0,3.0,4.0
2032,2.0,0.0,0.0,2.0,0.0,0.0,0.0,0.0,0.0,1.0,2.0,1.0,1.0,1.0,0.0,0.0,1.0,1.0,0.0,1.0,2.0,0.0,0.0,2.0,0.0,0.0,0.0,1.0,0.0,0.0,0.0,0.0,1.0,1.0,0.0,2.0,1.0,1.0,0.0,2.0,0.0,0.0,1.0,1.0,0.0
2033,2.0,0.0,0.0,2.0,1.0,3.0,1.0,0.0,0.0,2.0,2.0,1.0,2.0,2.0,1.0,1.0,2.0,1.0,0.0,1.0,2.0,0.0,0.0,2.0,1.0,1.0,0.0,2.0,2.0,1.0,0.0,0.0,1.0,2.0,0.0,2.0,2.0,1.0,1.0,2.0,1.0,1.0,3.0,1.0,0.0
2034,3.0,3.0,1.0,2.0,1.0,0.0,4.0,5.0,3.0,1.0,1.0,2.0,5.0,3.0,2.0,1.0,3.0,1.0,1.0,1.0,2.0,2.0,1.0,1.0,0.0,0.0,1.0,2.0,0.0,0.0,1.0,0.0,3.0,3.0,3.0,0.0,2.0,2.0,3.0,4.0,0.0,0.0,0.0,3.0,2.0
2035,3.0,1.0,1.0,4.0,4.0,0.0,0.0,3.0,2.0,2.0,3.0,1.0,4.0,1.0,1.0,1.0,2.0,1.0,2.0,2.0,3.0,1.0,2.0,2.0,2.0,1.0,0.0,0.0,3.0,1.0,2.0,1.0,2.0,2.0,0.0,3.0,5.0,2.0,1.0,4.0,0.0,6.0,2.0,1.0,1.0
2036,3.0,1.0,1.0,4.0,5.0,1.0,2.0,3.0,3.0,4.0,3.0,1.0,5.0,2.0,1.0,3.0,2.0,1.0,2.0,3.0,3.0,1.0,2.0,2.0,3.0,1.0,2.0,1.0,5.0,2.0,2.0,2.0,2.0,2.0,0.0,3.0,5.0,2.0,2.0,4.0,1.0,6.0,3.0,1.0,1.0
2037,2.0,3.0,1.0,1.0,1.0,0.0,4.0,3.0,3.0,1.0,1.0,2.0,4.0,3.0,2.0,1.0,3.0,1.0,1.0,1.0,2.0,2.0,1.0,1.0,0.0,0.0,1.0,2.0,0.0,0.0,1.0,0.0,3.0,2.0,3.0,0.0,2.0,2.0,3.0,4.0,0.0,0.0,0.0,3.0,2.0
2038,2.0,0.0,0.0,2.0,0.0,0.0,0.0,0.0,0.0,1.0,2.0,1.0,1.0,0.0,1.0,0.0,1.0,1.0,0.0,1.0,1.0,0.0,0.0,2.0,0.0,0.0,0.0,0.0,1.0,0.0,0.0,0.0,1.0,1.0,0.0,1.0,1.0,0.0,1.0,2.0,0.0,0.0,1.0,1.0,0.0
2039,2.0,0.0,0.0,2.0,1.0,1.0,2.0,0.0,0.0,2.0,2.0,1.0,2.0,1.0,1.0,1.0,2.0,1.0,0.0,1.0,1.0,0.0,0.0,2.0,0.0,2.0,0.0,1.0,3.0,1.0,0.0,0.0,1.0,1.0,0.0,1.0,2.0,0.0,2.0,2.0,1.0,1.0,2.0,1.0,0.0
2040,5.0,7.0,17.0,11.0,12.0,13.0,10.0,10.0,9.0,11.0,11.0,7.0,11.0,13.0,12.0,12.0,15.0,9.0,8.0,7.0,11.0,13.0,11.0,12.0,13.0,8.0,10.0,11.0,10.0,12.0,13.0,12.0,13.0,13.0,13.0,15.0,13.0,15.0,14.0,13.0,12.0,14.0,10.0,16.0,5.0
2041,5.0,5.0,17.0,11.0,12.0,13.0,10.0,10.0,9.0,11.0,11.0,7.0,11.0,13.0,11.0,12.0,15.0,12.0,8.0,8.0,10.0,13.0,11.0,10.0,13.0,8.0,10.0,11.0,9.0,12.0,12.0,12.0,13.0,13.0,13.0,14.0,13.0,15.0,13.0,13.0,12.0,14.0,10.0,16.0,5.0
2042,5.0,7.0,17.0,11.0,12.0,13.0,10.0,10.0,9.0,11.0,11.0,7.0,11.0,13.0,11.0,12.0,15.0,12.0,8.0,7.0,11.0,13.0,11.0,11.0,13.0,8.0,10.0,11.0,10.0,12.0,13.0,12.0,13.0,13.0,13.0,15.0,13.0,15.0,14.0,13.0,12.0,14.0,10.0,16.0,5.0
2043,3.0,6.0,12.0,8.0,8.0,13.0,10.0,7.0,7.0,8.0,9.0,6.0,8.0,10.0,10.0,10.0,11.0,9.0,8.0,7.0,8.0,12.0,9.0,12.0,9.0,7.0,7.0,10.0,8.0,10.0,10.0,9.0,11.0,11.0,11.0,11.0,10.0,13.0,12.0,11.0,10.0,9.0,8.0,15.0,4.0
2044,3.0,4.0,12.0,8.0,8.0,13.0,10.0,7.0,7.0,8.0,9.0,6.0,8.0,10.0,9.0,10.0,11.0,11.0,7.0,7.0,7.0,12.0,9.0,10.0,9.0,7.0,7.0,10.0,7.0,10.0,9.0,9.0,11.0,11.0,11.0,10.0,10.0,13.0,11.0,11.0,10.0,9.0,8.0,15.0,4.0
2045,3.0,6.0,12.0,8.0,8.0,13.0,10.0,7.0,7.0,8.0,9.0,6.0,8.0,10.0,9.0,10.0,11.0,11.0,8.0,7.0,8.0,12.0,9.0,11.0,9.0,7.0,7.0,10.0,8.0,10.0,10.0,9.0,11.0,11.0,11.0,11.0,10.0,13.0,12.0,11.0,10.0,9.0,8.0,15.0,4.0
2046,5.0,5.0,15.0,11.0,11.0,13.0,9.0,10.0,7.0,9.0,8.0,6.0,9.0,12.0,9.0,10.0,14.0,4.0,8.0,6.0,5.0,12.0,8.0,10.0,8.0,6.0,9.0,10.0,10.0,12.0,12.0,12.0,9.0,11.0,12.0,9.0,12.0,13.0,11.0,13.0,11.0,13.0,11.0,14.0,5.0
2047,5.0,3.0,15.0,11.0,11.0,13.0,9.0,10.0,7.0,9.0,8.0,6.0,9.0,12.0,8.0,10.0,14.0,9.0,7.0,7.0,5.0,12.0,8.0,8.0,8.0,6.0,9.0,10.0,9.0,12.0,11.0,12.0,9.0,13.0,12.0,14.0,12.0,13.0,11.0,13.0,10.0,13.0,11.0,14.0,5.0
2048,5.0,5.0,15.0,11.0,11.0,13.0,9.0,10.0,7.0,9.0,8.0,6.0,9.0,12.0,8.0,10.0,14.0,9.0,8.0,6.0,5.0,12.0,8.0,9.0,8.0,6.0,9.0,10.0,10.0,12.0,12.0,12.0,9.0,11.0,12.0,9.0,12.0,13.0,11.0,13.0,11.0,13.0,11.0,14.0,5.0
2049,3.0,4.0,11.0,8.0,7.0,13.0,9.0,7.0,5.0,8.0,8.0,6.0,7.0,9.0,8.0,10.0,10.0,4.0,7.0,6.0,5.0,11.0,7.0,10.0,6.0,5.0,7.0,9.0,8.0,10.0,9.0,9.0,8.0,10.0,11.0,7.0,11.0,11.0,10.0,11.0,10.0,9.0,8.0,13.0,4.0
2050,3.0,2.0,11.0,8.0,7.0,13.0,9.0,7.0,5.0,8.0,8.0,6.0,7.0,9.0,7.0,10.0,10.0,8.0,7.0,6.0,5.0,11.0,7.0,8.0,6.0,5.0,7.0,9.0,7.0,10.0,8.0,9.0,8.0,11.0,11.0,10.0,10.0,11.0,10.0,11.0,9.0,9.0,8.0,13.0,4.0
2051,3.0,4.0,11.0,8.0,7.0,13.0,9.0,7.0,5.0,8.0,8.0,6.0,7.0,9.0,7.0,10.0,10.0,8.0,7.0,6.0,5.0,11.0,7.0,9.0,6.0,5.0,7.0,9.0,8.0,10.0,9.0,9.0,8.0,10.0,11.0,7.0,11.0,11.0,10.0,11.0,10.0,9.0,8.0,13.0,4.0
2052,5.0,5.0,11.0,11.0,9.0,6.0,4.0,8.0,11.0,6.0,7.0,3.0,4.0,5.0,4.0,10.0,14.0,3.0,7.0,3.0,2.0,8.0,5.0,6.0,8.0,5.0,6.0,9.0,10.0,11.0,11.0,11.0,8.0,7.0,9.0,4.0,9.0,10.0,9.0,13.0,11.0,10.0,10.0,10.0,6.0
2053,5.0,3.0,11.0,11.0,9.0,6.0,4.0,8.0,11.0,6.0,7.0,3.0,6.0,9.0,6.0,7.0,14.0,7.0,7.0,5.0,3.0,8.0,5.0,6.0,5.0,5.0,6.0,9.0,9.0,11.0,11.0,11.0,8.0,9.0,9.0,9.0,6.0,10.0,9.0,13.0,10.0,10.0,10.0,10.0,5.0
2054,5.0,5.0,11.0,11.0,9.0,6.0,4.0,8.0,11.0,6.0,7.0,3.0,4.0,5.0,3.0,10.0,14.0,7.0,7.0,3.0,2.0,8.0,5.0,5.0,8.0,5.0,6.0,9.0,10.0,11.0,11.0,11.0,8.0,7.0,9.0,4.0,9.0,10.0,9.0,13.0,11.0,10.0,10.0,10.0,6.0
2055,3.0,4.0,10.0,7.0,7.0,6.0,4.0,5.0,6.0,6.0,7.0,3.0,3.0,5.0,4.0,9.0,10.0,3.0,7.0,3.0,2.0,7.0,6.0,6.0,7.0,3.0,5.0,9.0,8.0,10.0,8.0,8.0,8.0,6.0,9.0,3.0,8.0,8.0,10.0,11.0,10.0,7.0,8.0,9.0,5.0
2056,3.0,2.0,10.0,7.0,7.0,6.0,4.0,5.0,6.0,6.0,7.0,3.0,4.0,7.0,4.0,9.0,10.0,6.0,7.0,4.0,5.0,7.0,6.0,6.0,5.0,3.0,5.0,9.0,7.0,10.0,8.0,8.0,8.0,7.0,9.0,6.0,5.0,8.0,10.0,11.0,9.0,7.0,8.0,9.0,4.0
2057,3.0,4.0,10.0,7.0,7.0,6.0,4.0,5.0,6.0,6.0,7.0,3.0,3.0,5.0,3.0,9.0,10.0,6.0,7.0,3.0,2.0,7.0,6.0,5.0,7.0,3.0,5.0,9.0,8.0,10.0,8.0,8.0,8.0,6.0,9.0,3.0,8.0,8.0,10.0,11.0,10.0,7.0,8.0,9.0,5.0
2058,5.0,8.0,17.0,13.0,11.0,13.0,11.0,13.0,10.0,12.0,12.0,8.0,7.0,14.0,12.0,12.0,16.0,5.0,9.0,8.0,12.0,14.0,11.0,12.0,13.0,10.0,12.0,10.0,10.0,12.0,13.0,12.0,13.0,13.0,13.0,9.0,15.0,13.0,13.0,9.0,9.0,13.0,10.0,16.0,5.0
2059,5.0,8.0,17.0,13.0,11.0,13.0,11.0,13.0,10.0,12.0,12.0,8.0,12.0,14.0,12.0,12.0,16.0,12.0,9.0,8.0,12.0,13.0,11.0,10.0,13.0,10.0,12.0,10.0,9.0,12.0,12.0,12.0,13.0,13.0,13.0,14.0,15.0,13.0,14.0,9.0,10.0,14.0,10.0,16.0,5.0
2060,5.0,8.0,17.0,13.0,11.0,13.0,11.0,13.0,10.0,12.0,12.0,8.0,7.0,14.0,12.0,12.0,16.0,12.0,9.0,8.0,12.0,13.0,11.0,11.0,13.0,10.0,12.0,10.0,10.0,12.0,13.0,12.0,13.0,13.0,13.0,9.0,15.0,13.0,13.0,9.0,9.0,13.0,10.0,16.0,5.0
2061,3.0,7.0,12.0,9.0,8.0,13.0,11.0,10.0,8.0,8.0,10.0,7.0,6.0,10.0,10.0,10.0,12.0,5.0,8.0,8.0,9.0,13.0,9.0,12.0,9.0,8.0,8.0,9.0,8.0,10.0,10.0,9.0,11.0,11.0,11.0,7.0,12.0,11.0,11.0,11.0,7.0,10.0,8.0,15.0,4.0
2062,3.0,7.0,12.0,9.0,8.0,13.0,11.0,10.0,8.0,8.0,10.0,7.0,8.0,10.0,10.0,10.0,12.0,11.0,7.0,7.0,9.0,12.0,9.0,10.0,9.0,8.0,8.0,9.0,7.0,10.0,9.0,9.0,11.0,11.0,11.0,10.0,12.0,11.0,12.0,11.0,8.0,9.0,8.0,15.0,4.0
2063,3.0,7.0,12.0,9.0,8.0,13.0,11.0,10.0,8.0,8.0,10.0,7.0,6.0,10.0,10.0,10.0,12.0,11.0,8.0,8.0,9.0,12.0,9.0,11.0,9.0,8.0,8.0,9.0,8.0,10.0,10.0,9.0,11.0,11.0,11.0,7.0,12.0,11.0,11.0,11.0,7.0,10.0,8.0,15.0,4.0
2064,5.0,7.0,17.0,13.0,11.0,13.0,11.0,12.0,9.0,12.0,11.0,7.0,6.0,14.0,5.0,12.0,15.0,6.0,8.0,7.0,10.0,13.0,11.0,10.0,13.0,10.0,11.0,10.0,10.0,12.0,13.0,12.0,13.0,13.0,10.0,5.0,14.0,13.0,13.0,9.0,10.0,12.0,11.0,14.0,5.0
2065,5.0,6.0,17.0,13.0,11.0,13.0,11.0,12.0,9.0,12.0,11.0,7.0,12.0,14.0,10.0,12.0,15.0,13.0,9.0,8.0,10.0,13.0,11.0,10.0,13.0,10.0,11.0,10.0,9.0,12.0,12.0,12.0,13.0,13.0,10.0,10.0,14.0,13.0,14.0,9.0,10.0,13.0,11.0,14.0,5.0
2066,5.0,7.0,17.0,13.0,11.0,13.0,11.0,12.0,9.0,12.0,11.0,7.0,6.0,14.0,10.0,12.0,15.0,13.0,8.0,7.0,10.0,13.0,11.0,9.0,13.0,10.0,11.0,10.0,10.0,12.0,13.0,12.0,13.0,13.0,10.0,5.0,14.0,13.0,13.0,9.0,10.0,12.0,11.0,14.0,5.0
2067,3.0,6.0,12.0,9.0,8.0,13.0,11.0,9.0,7.0,8.0,9.0,6.0,5.0,10.0,5.0,10.0,11.0,6.0,7.0,7.0,9.0,12.0,9.0,10.0,9.0,8.0,8.0,9.0,8.0,10.0,10.0,9.0,11.0,11.0,9.0,3.0,11.0,11.0,11.0,11.0,7.0,10.0,8.0,13.0,4.0
2068,3.0,5.0,12.0,9.0,8.0,13.0,11.0,9.0,7.0,8.0,9.0,6.0,8.0,10.0,9.0,10.0,11.0,12.0,7.0,7.0,9.0,12.0,9.0,10.0,9.0,8.0,8.0,9.0,7.0,10.0,9.0,9.0,11.0,11.0,9.0,6.0,11.0,11.0,12.0,11.0,7.0,9.0,8.0,13.0,4.0
2069,3.0,6.0,12.0,9.0,8.0,13.0,11.0,9.0,7.0,8.0,9.0,6.0,5.0,10.0,9.0,10.0,11.0,12.0,7.0,7.0,9.0,12.0,9.0,9.0,9.0,8.0,8.0,9.0,8.0,10.0,10.0,9.0,11.0,11.0,9.0,3.0,11.0,11.0,11.0,11.0,7.0,10.0,8.0,13.0,4.0
2070,5.0,7.0,15.0,10.0,10.0,13.0,9.0,10.0,9.0,12.0,9.0,6.0,11.0,14.0,5.0,7.0,14.0,3.0,7.0,6.0,9.0,10.0,11.0,6.0,8.0,10.0,10.0,8.0,10.0,12.0,12.0,11.0,11.0,11.0,7.0,5.0,10.0,13.0,7.0,9.0,2.0,8.0,11.0,12.0,5.0
2071,5.0,6.0,15.0,10.0,10.0,13.0,9.0,10.0,9.0,12.0,9.0,6.0,11.0,14.0,9.0,10.0,14.0,12.0,8.0,8.0,8.0,10.0,11.0,8.0,8.0,10.0,10.0,8.0,9.0,12.0,12.0,11.0,11.0,13.0,7.0,10.0,10.0,13.0,12.0,9.0,1.0,9.0,11.0,12.0,5.0
2072,5.0,7.0,15.0,10.0,10.0,13.0,9.0,10.0,9.0,12.0,9.0,6.0,11.0,14.0,5.0,7.0,14.0,12.0,7.0,6.0,9.0,10.0,11.0,5.0,8.0,10.0,10.0,8.0,10.0,12.0,12.0,11.0,11.0,11.0,7.0,5.0,10.0,13.0,7.0,9.0,2.0,8.0,11.0,12.0,5.0
2073,3.0,6.0,11.0,7.0,7.0,13.0,9.0,7.0,7.0,8.0,8.0,6.0,8.0,10.0,4.0,6.0,10.0,3.0,7.0,6.0,8.0,9.0,9.0,6.0,7.0,8.0,8.0,7.0,8.0,10.0,9.0,8.0,9.0,10.0,7.0,3.0,9.0,11.0,7.0,11.0,6.0,8.0,8.0,11.0,4.0
2074,3.0,5.0,11.0,7.0,7.0,13.0,9.0,7.0,7.0,8.0,8.0,6.0,8.0,10.0,6.0,10.0,10.0,11.0,7.0,7.0,7.0,9.0,9.0,8.0,6.0,8.0,8.0,7.0,7.0,10.0,9.0,8.0,9.0,11.0,7.0,6.0,9.0,11.0,11.0,11.0,7.0,7.0,8.0,11.0,4.0
2075,3.0,6.0,11.0,7.0,7.0,13.0,9.0,7.0,7.0,8.0,8.0,6.0,8.0,10.0,4.0,6.0,10.0,11.0,7.0,6.0,8.0,9.0,9.0,5.0,7.0,8.0,8.0,7.0,8.0,10.0,9.0,8.0,9.0,10.0,7.0,3.0,9.0,11.0,7.0,11.0,6.0,8.0,8.0,11.0,4.0
2076,5.0,7.0,11.0,10.0,9.0,12.0,8.0,9.0,6.0,9.0,7.0,5.0,9.0,14.0,3.0,0.0,13.0,1.0,5.0,6.0,3.0,9.0,9.0,7.0,8.0,10.0,7.0,3.0,7.0,12.0,11.0,10.0,10.0,11.0,7.0,4.0,10.0,11.0,5.0,9.0,0.0,3.0,10.0,5.0,5.0
2077,5.0,6.0,11.0,10.0,9.0,12.0,8.0,9.0,6.0,9.0,7.0,5.0,9.0,14.0,6.0,10.0,14.0,12.0,8.0,8.0,8.0,9.0,9.0,8.0,8.0,10.0,7.0,4.0,9.0,12.0,11.0,10.0,10.0,11.0,7.0,9.0,7.0,11.0,9.0,9.0,0.0,3.0,10.0,5.0,4.0
2078,5.0,7.0,11.0,10.0,9.0,12.0,8.0,9.0,6.0,9.0,7.0,5.0,9.0,14.0,3.0,0.0,13.0,12.0,7.0,6.0,3.0,9.0,9.0,6.0,8.0,10.0,7.0,3.0,7.0,12.0,11.0,10.0,10.0,11.0,7.0,4.0,10.0,11.0,5.0,9.0,0.0,3.0,10.0,5.0,5.0
2079,3.0,6.0,10.0,7.0,7.0,12.0,8.0,6.0,4.0,8.0,7.0,5.0,7.0,10.0,3.0,0.0,11.0,1.0,5.0,6.0,3.0,8.0,8.0,7.0,6.0,8.0,5.0,3.0,5.0,10.0,8.0,7.0,10.0,9.0,7.0,3.0,9.0,9.0,7.0,11.0,6.0,6.0,7.0,5.0,4.0
2080,3.0,5.0,10.0,7.0,7.0,12.0,8.0,6.0,4.0,8.0,7.0,5.0,7.0,10.0,4.0,9.0,10.0,11.0,7.0,7.0,6.0,8.0,8.0,8.0,6.0,8.0,5.0,4.0,7.0,10.0,8.0,7.0,10.0,9.0,7.0,6.0,6.0,9.0,10.0,11.0,7.0,5.0,7.0,5.0,3.0
2081,3.0,6.0,10.0,7.0,7.0,12.0,8.0,6.0,4.0,8.0,7.0,5.0,7.0,10.0,3.0,0.0,11.0,11.0,7.0,6.0,3.0,8.0,8.0,6.0,6.0,8.0,5.0,3.0,5.0,10.0,8.0,7.0,10.0,9.0,7.0,3.0,9.0,9.0,7.0,11.0,6.0,6.0,7.0,5.0,4.0
2082,5.0,8.0,16.0,13.0,11.0,13.0,11.0,12.0,8.0,11.0,11.0,7.0,11.0,14.0,11.0,12.0,16.0,9.0,10.0,8.0,11.0,14.0,11.0,12.0,13.0,10.0,10.0,9.0,10.0,12.0,13.0,11.0,13.0,13.0,10.0,11.0,13.0,13.0,12.0,9.0,11.0,10.0,11.0,12.0,5.0
2083,5.0,7.0,16.0,13.0,11.0,13.0,11.0,12.0,8.0,11.0,11.0,7.0,11.0,14.0,10.0,12.0,16.0,11.0,9.0,8.0,11.0,13.0,11.0,10.0,13.0,10.0,10.0,9.0,9.0,12.0,12.0,11.0,13.0,13.0,10.0,10.0,13.0,13.0,12.0,9.0,9.0,10.0,11.0,12.0,5.0
2084,5.0,8.0,16.0,13.0,11.0,13.0,11.0,12.0,8.0,11.0,11.0,7.0,11.0,14.0,10.0,12.0,16.0,11.0,10.0,8.0,11.0,13.0,11.0,11.0,13.0,10.0,10.0,9.0,10.0,12.0,13.0,11.0,13.0,13.0,10.0,11.0,13.0,13.0,12.0,9.0,11.0,10.0,11.0,12.0,5.0
2085,3.0,7.0,11.0,9.0,8.0,13.0,11.0,9.0,6.0,8.0,9.0,6.0,7.0,10.0,10.0,10.0,12.0,9.0,8.0,8.0,8.0,13.0,9.0,12.0,9.0,8.0,7.0,9.0,8.0,10.0,10.0,8.0,11.0,11.0,9.0,7.0,10.0,11.0,10.0,11.0,9.0,7.0,8.0,11.0,4.0
2086,3.0,6.0,11.0,9.0,8.0,13.0,11.0,9.0,6.0,8.0,9.0,6.0,7.0,10.0,9.0,10.0,12.0,10.0,7.0,7.0,8.0,12.0,9.0,10.0,9.0,8.0,7.0,9.0,7.0,10.0,9.0,8.0,11.0,11.0,9.0,6.0,10.0,11.0,10.0,11.0,7.0,7.0,8.0,11.0,4.0
2087,3.0,7.0,11.0,9.0,8.0,13.0,11.0,9.0,6.0,8.0,9.0,6.0,7.0,10.0,9.0,10.0,12.0,10.0,8.0,8.0,8.0,12.0,9.0,11.0,9.0,8.0,7.0,9.0,8.0,10.0,10.0,8.0,11.0,11.0,9.0,7.0,10.0,11.0,10.0,11.0,9.0,7.0,8.0,11.0,4.0
2088,5.0,6.0,11.0,11.0,11.0,13.0,9.0,9.0,8.0,7.0,9.0,6.0,11.0,9.0,7.0,10.0,14.0,9.0,8.0,8.0,8.0,13.0,12.0,9.0,8.0,9.0,8.0,6.0,10.0,12.0,12.0,11.0,8.0,10.0,9.0,5.0,10.0,11.0,9.0,7.0,5.0,7.0,10.0,9.0,5.0
2089,5.0,4.0,11.0,11.0,11.0,13.0,9.0,9.0,8.0,7.0,9.0,6.0,11.0,9.0,10.0,10.0,14.0,11.0,8.0,8.0,8.0,13.0,12.0,8.0,8.0,9.0,8.0,6.0,9.0,12.0,11.0,11.0,8.0,12.0,9.0,10.0,10.0,11.0,9.0,7.0,6.0,7.0,10.0,9.0,4.0
2090,5.0,6.0,11.0,11.0,11.0,13.0,9.0,9.0,8.0,7.0,9.0,6.0,11.0,9.0,7.0,10.0,14.0,11.0,8.0,8.0,8.0,13.0,12.0,9.0,8.0,9.0,8.0,6.0,10.0,12.0,12.0,11.0,8.0,10.0,9.0,5.0,10.0,11.0,9.0,7.0,5.0,7.0,10.0,9.0,5.0
2091,3.0,5.0,10.0,8.0,7.0,13.0,9.0,6.0,6.0,7.0,8.0,6.0,8.0,7.0,4.0,9.0,10.0,9.0,8.0,8.0,7.0,12.0,10.0,9.0,6.0,7.0,6.0,6.0,8.0,10.0,9.0,8.0,8.0,8.0,9.0,3.0,10.0,9.0,10.0,9.0,6.0,7.0,8.0,8.0,4.0
2092,3.0,3.0,10.0,8.0,7.0,13.0,9.0,6.0,6.0,7.0,8.0,6.0,8.0,7.0,6.0,8.0,10.0,10.0,7.0,7.0,7.0,12.0,10.0,8.0,6.0,7.0,6.0,6.0,7.0,10.0,8.0,8.0,8.0,9.0,9.0,6.0,9.0,9.0,10.0,9.0,7.0,6.0,8.0,8.0,3.0
2093,3.0,5.0,10.0,8.0,7.0,13.0,9.0,6.0,6.0,7.0,8.0,6.0,8.0,7.0,4.0,9.0,10.0,10.0,8.0,8.0,7.0,12.0,10.0,9.0,6.0,7.0,6.0,6.0,8.0,10.0,9.0,8.0,8.0,8.0,9.0,3.0,10.0,9.0,10.0,9.0,6.0,7.0,8.0,8.0,4.0
2094,5.0,6.0,8.0,7.0,11.0,5.0,5.0,7.0,7.0,8.0,7.0,3.0,7.0,7.0,6.0,10.0,14.0,4.0,7.0,5.0,9.0,9.0,8.0,6.0,8.0,5.0,7.0,2.0,7.0,12.0,11.0,4.0,4.0,9.0,6.0,4.0,7.0,6.0,8.0,6.0,0.0,3.0,7.0,9.0,5.0
2095,5.0,5.0,8.0,7.0,11.0,5.0,7.0,7.0,7.0,8.0,7.0,3.0,7.0,7.0,5.0,10.0,14.0,8.0,7.0,7.0,8.0,9.0,8.0,6.0,8.0,5.0,7.0,2.0,10.0,12.0,11.0,8.0,10.0,9.0,6.0,9.0,5.0,6.0,8.0,6.0,0.0,3.0,7.0,9.0,3.0
2096,5.0,6.0,8.0,7.0,11.0,5.0,5.0,7.0,7.0,8.0,7.0,3.0,7.0,7.0,6.0,10.0,14.0,8.0,7.0,5.0,9.0,9.0,8.0,5.0,8.0,5.0,7.0,2.0,7.0,12.0,11.0,4.0,4.0,9.0,6.0,4.0,7.0,6.0,8.0,6.0,0.0,3.0,7.0,9.0,5.0
2097,3.0,5.0,10.0,5.0,8.0,5.0,5.0,6.0,5.0,6.0,7.0,3.0,5.0,5.0,4.0,9.0,10.0,4.0,7.0,5.0,7.0,8.0,7.0,6.0,7.0,6.0,4.0,2.0,5.0,10.0,8.0,4.0,3.0,7.0,7.0,3.0,6.0,5.0,7.0,8.0,6.0,6.0,7.0,8.0,4.0
2098,3.0,4.0,10.0,5.0,8.0,5.0,7.0,6.0,5.0,6.0,7.0,3.0,5.0,5.0,3.0,9.0,10.0,7.0,7.0,6.0,6.0,8.0,7.0,6.0,7.0,6.0,4.0,2.0,8.0,10.0,8.0,6.0,10.0,7.0,7.0,6.0,4.0,5.0,7.0,8.0,6.0,5.0,7.0,8.0,2.0
2099,3.0,5.0,10.0,5.0,8.0,5.0,5.0,6.0,5.0,6.0,7.0,3.0,5.0,5.0,4.0,9.0,10.0,7.0,7.0,5.0,7.0,8.0,7.0,5.0,7.0,6.0,4.0,2.0,5.0,10.0,8.0,4.0,3.0,7.0,7.0,3.0,6.0,5.0,7.0,8.0,6.0,6.0,7.0,8.0,4.0
2100,5.0,7.0,17.0,11.0,12.0,13.0,10.0,10.0,9.0,11.0,11.0,7.0,11.0,13.0,12.0,12.0,15.0,9.0,8.0,7.0,11.0,13.0,11.0,12.0,13.0,8.0,10.0,11.0,10.0,12.0,13.0,12.0,13.0,13.0,13.0,15.0,13.0,15.0,14.0,13.0,12.0,14.0,10.0,16.0,5.0
2101,5.0,5.0,17.0,11.0,12.0,13.0,10.0,10.0,9.0,11.0,11.0,7.0,11.0,13.0,11.0,12.0,15.0,12.0,8.0,8.0,10.0,13.0,11.0,10.0,13.0,8.0,10.0,11.0,9.0,12.0,12.0,12.0,13.0,13.0,13.0,14.0,13.0,15.0,13.0,13.0,12.0,14.0,10.0,16.0,5.0
2102,5.0,7.0,17.0,11.0,12.0,13.0,10.0,10.0,9.0,11.0,11.0,7.0,11.0,13.0,11.0,12.0,15.0,12.0,8.0,7.0,11.0,13.0,11.0,11.0,13.0,8.0,10.0,11.0,10.0,12.0,13.0,12.0,13.0,13.0,13.0,15.0,13.0,15.0,14.0,13.0,12.0,14.0,10.0,16.0,5.0
2103,3.0,6.0,12.0,8.0,8.0,13.0,10.0,7.0,7.0,8.0,9.0,6.0,8.0,10.0,10.0,10.0,11.0,9.0,8.0,7.0,8.0,12.0,9.0,12.0,9.0,7.0,7.0,10.0,8.0,10.0,10.0,9.0,11.0,11.0,11.0,11.0,10.0,13.0,12.0,11.0,10.0,9.0,8.0,15.0,4.0
2104,3.0,4.0,12.0,8.0,8.0,13.0,10.0,7.0,7.0,8.0,9.0,6.0,8.0,10.0,9.0,10.0,11.0,11.0,7.0,7.0,7.0,12.0,9.0,10.0,9.0,7.0,7.0,10.0,7.0,10.0,9.0,9.0,11.0,11.0,11.0,10.0,10.0,13.0,11.0,11.0,10.0,9.0,8.0,15.0,4.0
2105,3.0,6.0,12.0,8.0,8.0,13.0,10.0,7.0,7.0,8.0,9.0,6.0,8.0,10.0,9.0,10.0,11.0,11.0,8.0,7.0,8.0,12.0,9.0,11.0,9.0,7.0,7.0,10.0,8.0,10.0,10.0,9.0,11.0,11.0,11.0,11.0,10.0,13.0,12.0,11.0,10.0,9.0,8.0,15.0,4.0
2106,5.0,5.0,15.0,11.0,11.0,13.0,9.0,10.0,7.0,9.0,8.0,6.0,9.0,12.0,9.0,10.0,14.0,4.0,8.0,6.0,5.0,12.0,8.0,10.0,8.0,6.0,9.0,10.0,10.0,12.0,12.0,12.0,9.0,11.0,12.0,9.0,12.0,13.0,11.0,13.0,11.0,13.0,11.0,14.0,5.0
2107,5.0,3.0,15.0,11.0,11.0,13.0,9.0,10.0,7.0,9.0,8.0,6.0,9.0,12.0,8.0,10.0,14.0,9.0,7.0,7.0,5.0,12.0,8.0,8.0,8.0,6.0,9.0,10.0,9.0,12.0,11.0,12.0,9.0,13.0,12.0,14.0,12.0,13.0,11.0,13.0,10.0,13.0,11.0,14.0,5.0
2108,5.0,5.0,15.0,11.0,11.0,13.0,9.0,10.0,7.0,9.0,8.0,6.0,9.0,12.0,8.0,10.0,14.0,9.0,8.0,6.0,5.0,12.0,8.0,9.0,8.0,6.0,9.0,10.0,10.0,12.0,12.0,12.0,9.0,11.0,12.0,9.0,12.0,13.0,11.0,13.0,11.0,13.0,11.0,14.0,5.0
2109,3.0,4.0,11.0,8.0,7.0,13.0,9.0,7.0,5.0,8.0,8.0,6.0,7.0,9.0,8.0,10.0,10.0,4.0,7.0,6.0,5.0,11.0,7.0,10.0,6.0,5.0,7.0,9.0,8.0,10.0,9.0,9.0,8.0,10.0,11.0,7.0,11.0,11.0,10.0,11.0,10.0,9.0,8.0,13.0,4.0
2110,3.0,2.0,11.0,8.0,7.0,13.0,9.0,7.0,5.0,8.0,8.0,6.0,7.0,9.0,7.0,10.0,10.0,8.0,7.0,6.0,5.0,11.0,7.0,8.0,6.0,5.0,7.0,9.0,7.0,10.0,8.0,9.0,8.0,11.0,11.0,10.0,10.0,11.0,10.0,11.0,9.0,9.0,8.0,13.0,4.0
2111,3.0,4.0,11.0,8.0,7.0,13.0,9.0,7.0,5.0,8.0,8.0,6.0,7.0,9.0,7.0,10.0,10.0,8.0,7.0,6.0,5.0,11.0,7.0,9.0,6.0,5.0,7.0,9.0,8.0,10.0,9.0,9.0,8.0,10.0,11.0,7.0,11.0,11.0,10.0,11.0,10.0,9.0,8.0,13.0,4.0
2112,5.0,5.0,11.0,11.0,9.0,6.0,4.0,8.0,11.0,6.0,7.0,3.0,4.0,5.0,4.0,10.0,14.0,3.0,7.0,3.0,2.0,8.0,5.0,6.0,8.0,5.0,6.0,9.0,10.0,11.0,11.0,11.0,8.0,7.0,9.0,4.0,9.0,10.0,9.0,13.0,11.0,10.0,10.0,10.0,6.0
2113,5.0,3.0,11.0,11.0,9.0,6.0,4.0,8.0,11.0,6.0,7.0,3.0,6.0,9.0,6.0,7.0,14.0,7.0,7.0,5.0,3.0,8.0,5.0,6.0,5.0,5.0,6.0,9.0,9.0,11.0,11.0,11.0,8.0,9.0,9.0,9.0,6.0,10.0,9.0,13.0,10.0,10.0,10.0,10.0,5.0
2114,5.0,5.0,11.0,11.0,9.0,6.0,4.0,8.0,11.0,6.0,7.0,3.0,4.0,5.0,3.0,10.0,14.0,7.0,7.0,3.0,2.0,8.0,5.0,5.0,8.0,5.0,6.0,9.0,10.0,11.0,11.0,11.0,8.0,7.0,9.0,4.0,9.0,10.0,9.0,13.0,11.0,10.0,10.0,10.0,6.0
2115,3.0,4.0,10.0,7.0,7.0,6.0,4.0,5.0,6.0,6.0,7.0,3.0,3.0,5.0,4.0,9.0,10.0,3.0,7.0,3.0,2.0,7.0,6.0,6.0,7.0,3.0,5.0,9.0,8.0,10.0,8.0,8.0,8.0,6.0,9.0,3.0,8.0,8.0,10.0,11.0,10.0,7.0,8.0,9.0,5.0
2116,3.0,2.0,10.0,7.0,7.0,6.0,4.0,5.0,6.0,6.0,7.0,3.0,4.0,7.0,4.0,9.0,10.0,6.0,7.0,4.0,5.0,7.0,6.0,6.0,5.0,3.0,5.0,9.0,7.0,10.0,8.0,8.0,8.0,7.0,9.0,6.0,5.0,8.0,10.0,11.0,9.0,7.0,8.0,9.0,4.0
2117,3.0,4.0,10.0,7.0,7.0,6.0,4.0,5.0,6.0,6.0,7.0,3.0,3.0,5.0,3.0,9.0,10.0,6.0,7.0,3.0,2.0,7.0,6.0,5.0,7.0,3.0,5.0,9.0,8.0,10.0,8.0,8.0,8.0,6.0,9.0,3.0,8.0,8.0,10.0,11.0,10.0,7.0,8.0,9.0,5.0
2118,5.0,8.0,17.0,13.0,11.0,13.0,11.0,13.0,10.0,12.0,12.0,8.0,7.0,14.0,12.0,12.0,16.0,5.0,9.0,8.0,12.0,14.0,11.0,12.0,13.0,10.0,12.0,10.0,10.0,12.0,13.0,12.0,13.0,13.0,13.0,9.0,15.0,13.0,13.0,9.0,9.0,13.0,10.0,16.0,5.0
2119,5.0,8.0,17.0,13.0,11.0,13.0,11.0,13.0,10.0,12.0,12.0,8.0,12.0,14.0,12.0,12.0,16.0,12.0,9.0,8.0,12.0,13.0,11.0,10.0,13.0,10.0,12.0,10.0,9.0,12.0,12.0,12.0,13.0,13.0,13.0,14.0,15.0,13.0,14.0,9.0,10.0,14.0,10.0,16.0,5.0
2120,5.0,8.0,17.0,13.0,11.0,13.0,11.0,13.0,10.0,12.0,12.0,8.0,7.0,14.0,12.0,12.0,16.0,12.0,9.0,8.0,12.0,13.0,11.0,11.0,13.0,10.0,12.0,10.0,10.0,12.0,13.0,12.0,13.0,13.0,13.0,9.0,15.0,13.0,13.0,9.0,9.0,13.0,10.0,16.0,5.0
2121,3.0,7.0,12.0,9.0,8.0,13.0,11.0,10.0,8.0,8.0,10.0,7.0,6.0,10.0,10.0,10.0,12.0,5.0,8.0,8.0,9.0,13.0,9.0,12.0,9.0,8.0,8.0,9.0,8.0,10.0,10.0,9.0,11.0,11.0,11.0,7.0,12.0,11.0,11.0,11.0,7.0,10.0,8.0,15.0,4.0
2122,3.0,7.0,12.0,9.0,8.0,13.0,11.0,10.0,8.0,8.0,10.0,7.0,8.0,10.0,10.0,10.0,12.0,11.0,7.0,7.0,9.0,12.0,9.0,10.0,9.0,8.0,8.0,9.0,7.0,10.0,9.0,9.0,11.0,11.0,11.0,10.0,12.0,11.0,12.0,11.0,8.0,9.0,8.0,15.0,4.0
2123,3.0,7.0,12.0,9.0,8.0,13.0,11.0,10.0,8.0,8.0,10.0,7.0,6.0,10.0,10.0,10.0,12.0,11.0,8.0,8.0,9.0,12.0,9.0,11.0,9.0,8.0,8.0,9.0,8.0,10.0,10.0,9.0,11.0,11.0,11.0,7.0,12.0,11.0,11.0,11.0,7.0,10.0,8.0,15.0,4.0
2124,5.0,7.0,17.0,13.0,11.0,13.0,11.0,12.0,9.0,12.0,11.0,7.0,6.0,14.0,5.0,12.0,15.0,6.0,8.0,7.0,10.0,13.0,11.0,10.0,13.0,10.0,11.0,10.0,10.0,12.0,13.0,12.0,13.0,13.0,10.0,5.0,14.0,13.0,13.0,9.0,10.0,12.0,11.0,14.0,5.0
2125,5.0,6.0,17.0,13.0,11.0,13.0,11.0,12.0,9.0,12.0,11.0,7.0,12.0,14.0,10.0,12.0,15.0,13.0,9.0,8.0,10.0,13.0,11.0,10.0,13.0,10.0,11.0,10.0,9.0,12.0,12.0,12.0,13.0,13.0,10.0,10.0,14.0,13.0,14.0,9.0,10.0,13.0,11.0,14.0,5.0
2126,5.0,7.0,17.0,13.0,11.0,13.0,11.0,12.0,9.0,12.0,11.0,7.0,6.0,14.0,10.0,12.0,15.0,13.0,8.0,7.0,10.0,13.0,11.0,9.0,13.0,10.0,11.0,10.0,10.0,12.0,13.0,12.0,13.0,13.0,10.0,5.0,14.0,13.0,13.0,9.0,10.0,12.0,11.0,14.0,5.0
2127,3.0,6.0,12.0,9.0,8.0,13.0,11.0,9.0,7.0,8.0,9.0,6.0,5.0,10.0,5.0,10.0,11.0,6.0,7.0,7.0,9.0,12.0,9.0,10.0,9.0,8.0,8.0,9.0,8.0,10.0,10.0,9.0,11.0,11.0,9.0,3.0,11.0,11.0,11.0,11.0,7.0,10.0,8.0,13.0,4.0
2128,3.0,5.0,12.0,9.0,8.0,13.0,11.0,9.0,7.0,8.0,9.0,6.0,8.0,10.0,9.0,10.0,11.0,12.0,7.0,7.0,9.0,12.0,9.0,10.0,9.0,8.0,8.0,9.0,7.0,10.0,9.0,9.0,11.0,11.0,9.0,6.0,11.0,11.0,12.0,11.0,7.0,9.0,8.0,13.0,4.0
2129,3.0,6.0,12.0,9.0,8.0,13.0,11.0,9.0,7.0,8.0,9.0,6.0,5.0,10.0,9.0,10.0,11.0,12.0,7.0,7.0,9.0,12.0,9.0,9.0,9.0,8.0,8.0,9.0,8.0,10.0,10.0,9.0,11.0,11.0,9.0,3.0,11.0,11.0,11.0,11.0,7.0,10.0,8.0,13.0,4.0
2130,5.0,7.0,15.0,10.0,10.0,13.0,9.0,10.0,9.0,12.0,9.0,6.0,11.0,14.0,5.0,7.0,14.0,3.0,7.0,6.0,9.0,10.0,11.0,6.0,8.0,10.0,10.0,8.0,10.0,12.0,12.0,11.0,11.0,11.0,7.0,5.0,10.0,13.0,7.0,9.0,2.0,8.0,11.0,12.0,5.0
2131,5.0,6.0,15.0,10.0,10.0,13.0,9.0,10.0,9.0,12.0,9.0,6.0,11.0,14.0,9.0,10.0,14.0,12.0,8.0,8.0,8.0,10.0,11.0,8.0,8.0,10.0,10.0,8.0,9.0,12.0,12.0,11.0,11.0,13.0,7.0,10.0,10.0,13.0,12.0,9.0,1.0,9.0,11.0,12.0,5.0
2132,5.0,7.0,15.0,10.0,10.0,13.0,9.0,10.0,9.0,12.0,9.0,6.0,11.0,14.0,5.0,7.0,14.0,12.0,7.0,6.0,9.0,10.0,11.0,5.0,8.0,10.0,10.0,8.0,10.0,12.0,12.0,11.0,11.0,11.0,7.0,5.0,10.0,13.0,7.0,9.0,2.0,8.0,11.0,12.0,5.0
2133,3.0,6.0,11.0,7.0,7.0,13.0,9.0,7.0,7.0,8.0,8.0,6.0,8.0,10.0,4.0,6.0,10.0,3.0,7.0,6.0,8.0,9.0,9.0,6.0,7.0,8.0,8.0,7.0,8.0,10.0,9.0,8.0,9.0,10.0,7.0,3.0,9.0,11.0,7.0,11.0,6.0,8.0,8.0,11.0,4.0
2134,3.0,5.0,11.0,7.0,7.0,13.0,9.0,7.0,7.0,8.0,8.0,6.0,8.0,10.0,6.0,10.0,10.0,11.0,7.0,7.0,7.0,9.0,9.0,8.0,6.0,8.0,8.0,7.0,7.0,10.0,9.0,8.0,9.0,11.0,7.0,6.0,9.0,11.0,11.0,11.0,7.0,7.0,8.0,11.0,4.0
2135,3.0,6.0,11.0,7.0,7.0,13.0,9.0,7.0,7.0,8.0,8.0,6.0,8.0,10.0,4.0,6.0,10.0,11.0,7.0,6.0,8.0,9.0,9.0,5.0,7.0,8.0,8.0,7.0,8.0,10.0,9.0,8.0,9.0,10.0,7.0,3.0,9.0,11.0,7.0,11.0,6.0,8.0,8.0,11.0,4.0
2136,5.0,7.0,11.0,10.0,9.0,12.0,8.0,9.0,6.0,9.0,7.0,5.0,9.0,14.0,3.0,0.0,13.0,1.0,5.0,6.0,3.0,9.0,9.0,7.0,8.0,10.0,7.0,3.0,7.0,12.0,11.0,10.0,10.0,11.0,7.0,4.0,10.0,11.0,5.0,9.0,0.0,3.0,10.0,5.0,5.0
2137,5.0,6.0,11.0,10.0,9.0,12.0,8.0,9.0,6.0,9.0,7.0,5.0,9.0,14.0,6.0,10.0,14.0,12.0,8.0,8.0,8.0,9.0,9.0,8.0,8.0,10.0,7.0,4.0,9.0,12.0,11.0,10.0,10.0,11.0,7.0,9.0,7.0,11.0,9.0,9.0,0.0,3.0,10.0,5.0,4.0
2138,5.0,7.0,11.0,10.0,9.0,12.0,8.0,9.0,6.0,9.0,7.0,5.0,9.0,14.0,3.0,0.0,13.0,12.0,7.0,6.0,3.0,9.0,9.0,6.0,8.0,10.0,7.0,3.0,7.0,12.0,11.0,10.0,10.0,11.0,7.0,4.0,10.0,11.0,5.0,9.0,0.0,3.0,10.0,5.0,5.0
2139,3.0,6.0,10.0,7.0,7.0,12.0,8.0,6.0,4.0,8.0,7.0,5.0,7.0,10.0,3.0,0.0,11.0,1.0,5.0,6.0,3.0,8.0,8.0,7.0,6.0,8.0,5.0,3.0,5.0,10.0,8.0,7.0,10.0,9.0,7.0,3.0,9.0,9.0,7.0,11.0,6.0,6.0,7.0,5.0,4.0
2140,3.0,5.0,10.0,7.0,7.0,12.0,8.0,6.0,4.0,8.0,7.0,5.0,7.0,10.0,4.0,9.0,10.0,11.0,7.0,7.0,6.0,8.0,8.0,8.0,6.0,8.0,5.0,4.0,7.0,10.0,8.0,7.0,10.0,9.0,7.0,6.0,6.0,9.0,10.0,11.0,7.0,5.0,7.0,5.0,3.0
2141,3.0,6.0,10.0,7.0,7.0,12.0,8.0,6.0,4.0,8.0,7.0,5.0,7.0,10.0,3.0,0.0,11.0,11.0,7.0,6.0,3.0,8.0,8.0,6.0,6.0,8.0,5.0,3.0,5.0,10.0,8.0,7.0,10.0,9.0,7.0,3.0,9.0,9.0,7.0,11.0,6.0,6.0,7.0,5.0,4.0
2142,5.0,8.0,16.0,13.0,11.0,13.0,11.0,12.0,8.0,11.0,11.0,7.0,11.0,14.0,11.0,12.0,16.0,9.0,10.0,8.0,11.0,14.0,11.0,12.0,13.0,10.0,10.0,9.0,10.0,12.0,13.0,11.0,13.0,13.0,10.0,11.0,13.0,13.0,12.0,9.0,11.0,10.0,11.0,12.0,5.0
2143,5.0,7.0,16.0,13.0,11.0,13.0,11.0,12.0,8.0,11.0,11.0,7.0,11.0,14.0,10.0,12.0,16.0,11.0,9.0,8.0,11.0,13.0,11.0,10.0,13.0,10.0,10.0,9.0,9.0,12.0,12.0,11.0,13.0,13.0,10.0,10.0,13.0,13.0,12.0,9.0,9.0,10.0,11.0,12.0,5.0
2144,5.0,8.0,16.0,13.0,11.0,13.0,11.0,12.0,8.0,11.0,11.0,7.0,11.0,14.0,10.0,12.0,16.0,11.0,10.0,8.0,11.0,13.0,11.0,11.0,13.0,10.0,10.0,9.0,10.0,12.0,13.0,11.0,13.0,13.0,10.0,11.0,13.0,13.0,12.0,9.0,11.0,10.0,11.0,12.0,5.0
2145,3.0,7.0,11.0,9.0,8.0,13.0,11.0,9.0,6.0,8.0,9.0,6.0,7.0,10.0,10.0,10.0,12.0,9.0,8.0,8.0,8.0,13.0,9.0,12.0,9.0,8.0,7.0,9.0,8.0,10.0,10.0,8.0,11.0,11.0,9.0,7.0,10.0,11.0,10.0,11.0,9.0,7.0,8.0,11.0,4.0
2146,3.0,6.0,11.0,9.0,8.0,13.0,11.0,9.0,6.0,8.0,9.0,6.0,7.0,10.0,9.0,10.0,12.0,10.0,7.0,7.0,8.0,12.0,9.0,10.0,9.0,8.0,7.0,9.0,7.0,10.0,9.0,8.0,11.0,11.0,9.0,6.0,10.0,11.0,10.0,11.0,7.0,7.0,8.0,11.0,4.0
2147,3.0,7.0,11.0,9.0,8.0,13.0,11.0,9.0,6.0,8.0,9.0,6.0,7.0,10.0,9.0,10.0,12.0,10.0,8.0,8.0,8.0,12.0,9.0,11.0,9.0,8.0,7.0,9.0,8.0,10.0,10.0,8.0,11.0,11.0,9.0,7.0,10.0,11.0,10.0,11.0,9.0,7.0,8.0,11.0,4.0
2148,5.0,6.0,11.0,11.0,11.0,13.0,9.0,9.0,8.0,7.0,9.0,6.0,11.0,9.0,7.0,10.0,14.0,9.0,8.0,8.0,8.0,13.0,12.0,9.0,8.0,9.0,8.0,6.0,10.0,12.0,12.0,11.0,8.0,10.0,9.0,5.0,10.0,11.0,9.0,7.0,5.0,7.0,10.0,9.0,5.0
2149,5.0,4.0,11.0,11.0,11.0,13.0,9.0,9.0,8.0,7.0,9.0,6.0,11.0,9.0,10.0,10.0,14.0,11.0,8.0,8.0,8.0,13.0,12.0,8.0,8.0,9.0,8.0,6.0,9.0,12.0,11.0,11.0,8.0,12.0,9.0,10.0,10.0,11.0,9.0,7.0,6.0,7.0,10.0,9.0,4.0
2150,5.0,6.0,11.0,11.0,11.0,13.0,9.0,9.0,8.0,7.0,9.0,6.0,11.0,9.0,7.0,10.0,14.0,11.0,8.0,8.0,8.0,13.0,12.0,9.0,8.0,9.0,8.0,6.0,10.0,12.0,12.0,11.0,8.0,10.0,9.0,5.0,10.0,11.0,9.0,7.0,5.0,7.0,10.0,9.0,5.0
2151,3.0,5.0,10.0,8.0,7.0,13.0,9.0,6.0,6.0,7.0,8.0,6.0,8.0,7.0,4.0,9.0,10.0,9.0,8.0,8.0,7.0,12.0,10.0,9.0,6.0,7.0,6.0,6.0,8.0,10.0,9.0,8.0,8.0,8.0,9.0,3.0,10.0,9.0,10.0,9.0,6.0,7.0,8.0,8.0,4.0
2152,3.0,3.0,10.0,8.0,7.0,13.0,9.0,6.0,6.0,7.0,8.0,6.0,8.0,7.0,6.0,8.0,10.0,10.0,7.0,7.0,7.0,12.0,10.0,8.0,6.0,7.0,6.0,6.0,7.0,10.0,8.0,8.0,8.0,9.0,9.0,6.0,9.0,9.0,10.0,9.0,7.0,6.0,8.0,8.0,3.0
2153,3.0,5.0,10.0,8.0,7.0,13.0,9.0,6.0,6.0,7.0,8.0,6.0,8.0,7.0,4.0,9.0,10.0,10.0,8.0,8.0,7.0,12.0,10.0,9.0,6.0,7.0,6.0,6.0,8.0,10.0,9.0,8.0,8.0,8.0,9.0,3.0,10.0,9.0,10.0,9.0,6.0,7.0,8.0,8.0,4.0
2154,5.0,6.0,8.0,7.0,11.0,5.0,5.0,7.0,7.0,8.0,7.0,3.0,7.0,7.0,6.0,10.0,14.0,4.0,7.0,5.0,9.0,9.0,8.0,6.0,8.0,5.0,7.0,2.0,7.0,12.0,11.0,4.0,4.0,9.0,6.0,4.0,7.0,6.0,8.0,6.0,0.0,3.0,7.0,9.0,5.0
2155,5.0,5.0,8.0,7.0,11.0,5.0,7.0,7.0,7.0,8.0,7.0,3.0,7.0,7.0,5.0,10.0,14.0,8.0,7.0,7.0,8.0,9.0,8.0,6.0,8.0,5.0,7.0,2.0,10.0,12.0,11.0,8.0,10.0,9.0,6.0,9.0,5.0,6.0,8.0,6.0,0.0,3.0,7.0,9.0,3.0
2156,5.0,6.0,8.0,7.0,11.0,5.0,5.0,7.0,7.0,8.0,7.0,3.0,7.0,7.0,6.0,10.0,14.0,8.0,7.0,5.0,9.0,9.0,8.0,5.0,8.0,5.0,7.0,2.0,7.0,12.0,11.0,4.0,4.0,9.0,6.0,4.0,7.0,6.0,8.0,6.0,0.0,3.0,7.0,9.0,5.0
2157,3.0,5.0,10.0,5.0,8.0,5.0,5.0,6.0,5.0,6.0,7.0,3.0,5.0,5.0,4.0,9.0,10.0,4.0,7.0,5.0,7.0,8.0,7.0,6.0,7.0,6.0,4.0,2.0,5.0,10.0,8.0,4.0,3.0,7.0,7.0,3.0,6.0,5.0,7.0,8.0,6.0,6.0,7.0,8.0,4.0
2158,3.0,4.0,10.0,5.0,8.0,5.0,7.0,6.0,5.0,6.0,7.0,3.0,5.0,5.0,3.0,9.0,10.0,7.0,7.0,6.0,6.0,8.0,7.0,6.0,7.0,6.0,4.0,2.0,8.0,10.0,8.0,6.0,10.0,7.0,7.0,6.0,4.0,5.0,7.0,8.0,6.0,5.0,7.0,8.0,2.0
2159,3.0,5.0,10.0,5.0,8.0,5.0,5.0,6.0,5.0,6.0,7.0,3.0,5.0,5.0,4.0,9.0,10.0,7.0,7.0,5.0,7.0,8.0,7.0,5.0,7.0,6.0,4.0,2.0,5.0,10.0,8.0,4.0,3.0,7.0,7.0,3.0,6.0,5.0,7.0,8.0,6.0,6.0,7.0,8.0,4.0
