config_id,htf_pivot_len,ltf_pivot_len,sl,sl_buffer_pips,tp_kind,tp_mode,tp_pips,trend_filter,max_sl_atr,n_trades,net_pips,win_rate,profit_factor,avg_pips,max_drawdown_pips,monthly_sharpe,months,tp_rate,long_share,tp_r_multiple,tp_atr_mult
0,2,1,swing_h4,0,fixed,fixed_pips,1500.0,none,0.0,483,19674.79999999268,0.6708074534161491,1.0420523283761147,40.73457556934302,49638.30000000116,0.04955199691801109,45,0.6708074534161491,0.567287784679089,,
1,2,1,swing_h4,0,fixed,fixed_pips,1500.0,none,5.0,347,-52422.500000005886,0.49855907780979825,0.8319909596089082,-151.07348703171726,54623.800000003874,-0.21735962666644743,45,0.49855907780979825,0.49279538904899134,,
2,2,1,swing_h4,0,fixed,fixed_pips,1500.0,none,7.0,442,708.8999999930747,0.6018099547511312,1.0017780687299012,1.6038461538304858,30155.900000000744,0.002502598008894657,45,0.6018099547511312,0.5248868778280543,,
3,2,1,swing_h4,0,fixed,fixed_pips,1500.0,ema,0.0,411,39561.29999999382,0.6885644768856448,1.102358170933029,96.256204379547,41786.00000000102,0.10970237553725205,45,0.6885644768856448,0.6058394160583942,,
4,2,1,swing_h4,0,fixed,fixed_pips,1500.0,ema,5.0,230,-1330.1000000037457,0.5608695652173913,0.9931772774253919,-5.783043478277155,26911.200000000554,-0.006866438312953704,45,0.5608695652173913,0.5652173913043478,,
5,2,1,swing_h4,0,fixed,fixed_pips,1500.0,ema,7.0,346,34842.999999994616,0.6329479768786127,1.1184812044597132,100.70231213871276,27492.100000000537,0.1371197156605268,45,0.6329479768786127,0.6011560693641619,,
6,2,1,swing_h4,0,fixed,fixed_pips,2500.0,none,0.0,344,54024.99999999441,0.5901162790697675,1.118943041639408,157.04941860463492,55653.90000000102,0.12028337238591841,45,0.5901162790697675,0.5813953488372093,,
7,2,1,swing_h4,0,fixed,fixed_pips,2500.0,none,5.0,293,-13098.90000000535,0.4061433447098976,0.9579404097204822,-44.706143344728154,43028.70000000164,-0.052560834105306355,45,0.4061433447098976,0.4812286689419795,,
8,2,1,swing_h4,0,fixed,fixed_pips,2500.0,none,7.0,341,58587.29999999421,0.530791788856305,1.1486020641902077,171.8102639296018,52537.30000000089,0.16859064390307035,45,0.530791788856305,0.533724340175953,,
9,2,1,swing_h4,0,fixed,fixed_pips,2500.0,ema,0.0,298,68361.09999999504,0.6140939597315436,1.1753375180085983,229.39966442951356,47894.100000000995,0.17324009777701987,45,0.6140939597315436,0.6006711409395973,,
10,2,1,swing_h4,0,fixed,fixed_pips,2500.0,ema,5.0,200,37363.79999999642,0.47,1.188243532935469,186.8189999999821,25792.300000000567,0.1632675688852085,45,0.47,0.555,,
11,2,1,swing_h4,0,fixed,fixed_pips,2500.0,ema,7.0,273,86179.9999999954,0.5677655677655677,1.2856701514137807,315.6776556776388,36593.50000000074,0.2832270108864883,45,0.5677655677655677,0.5860805860805861,,
12,2,1,swing_h4,0,fixed,fixed_pips,4000.0,none,0.0,234,47564.19999999594,0.49572649572649574,1.1135385647328595,203.2658119657946,56694.00000000097,0.08791882560190172,45,0.49572649572649574,0.5769230769230769,,
13,2,1,swing_h4,0,fixed,fixed_pips,4000.0,none,5.0,240,2350.8999999953885,0.325,1.007593098545543,9.795416666647451,37676.60000000068,0.010072475233643729,45,0.325,0.475,,
14,2,1,swing_h4,0,fixed,fixed_pips,4000.0,none,7.0,253,14909.799999995263,0.41106719367588934,1.0370423831664706,58.93201581025796,42807.90000000056,0.045358270789305294,45,0.41106719367588934,0.5098814229249012,,
15,2,1,swing_h4,0,fixed,fixed_pips,4000.0,ema,0.0,201,68296.19999999655,0.527363184079602,1.1913108124915148,339.78208955222163,52204.900000000904,0.15565973459733626,45,0.527363184079602,0.6169154228855721,,
16,2,1,swing_h4,0,fixed,fixed_pips,4000.0,ema,5.0,175,43683.49999999664,0.3657142857142857,1.2057780949621666,249.6199999999808,21832.80000000039,0.15649974860085727,45,0.3657142857142857,0.5657142857142857,,
17,2,1,swing_h4,0,fixed,fixed_pips,4000.0,ema,7.0,220,38558.799999995965,0.4318181818181818,1.1120668283199466,175.26727272725438,33606.10000000092,0.11554623921040648,45,0.4318181818181818,0.5681818181818182,,
18,2,1,swing_h4,0,r,r_multiple,,none,0.0,261,77897.2499999964,0.632183908045977,1.1918287664654632,298.4568965517104,47104.00000000013,0.16867857697608007,45,0.632183908045977,0.5670498084291188,0.75,
19,2,1,swing_h4,0,r,r_multiple,,none,5.0,345,-8114.800000005382,0.5594202898550724,0.9730558208166089,-23.521159420305455,26353.62500000292,-0.03582825124141285,45,0.5594202898550724,0.5072463768115942,0.75,
20,2,1,swing_h4,0,r,r_multiple,,none,7.0,348,10928.049999994637,0.5775862068965517,1.0269009874399315,31.402442528720222,34204.325000000514,0.03346996866824982,45,0.5775862068965517,0.5373563218390804,0.75,
21,2,1,swing_h4,0,r,r_multiple,,ema,0.0,255,17410.224999996084,0.5803921568627451,1.0410443688372262,68.27539215684739,89860.82500000043,0.03544066455155722,45,0.5803921568627451,0.592156862745098,0.75,
22,2,1,swing_h4,0,r,r_multiple,,ema,5.0,229,18783.674999996536,0.5938864628820961,1.097601463839426,82.02478165937352,25320.05000000049,0.0857867455405255,45,0.5938864628820961,0.5633187772925764,0.75,
23,2,1,swing_h4,0,r,r_multiple,,ema,7.0,286,18526.649999995672,0.583916083916084,1.053156207661718,64.77849650348138,41974.4250000006,0.06096782338286301,45,0.583916083916084,0.5909090909090909,0.75,
24,2,1,swing_h4,0,r,r_multiple,,none,0.0,189,-70419.20000000314,0.4708994708994709,0.8424980161055488,-372.5883597883764,94332.60000000207,-0.11084571333311283,45,0.4708994708994709,0.5502645502645502,1.0,
25,2,1,swing_h4,0,r,r_multiple,,none,5.0,308,-9202.400000005035,0.4772727272727273,0.9705932635872265,-29.877922077938425,39692.90000000384,-0.03565093616863017,45,0.4772727272727273,0.5162337662337663,1.0,
26,2,1,swing_h4,0,r,r_multiple,,none,7.0,277,-9314.300000004656,0.49458483754512633,0.9764817841958725,-33.625631768969875,51403.60000000112,-0.02540604891494652,45,0.49458483754512633,0.5306859205776173,1.0,
27,2,1,swing_h4,0,r,r_multiple,,ema,0.0,175,-40315.90000000305,0.49142857142857144,0.9022774434517342,-230.37657142858885,109132.20000000128,-0.06994025242995167,45,0.49142857142857144,0.5942857142857143,1.0,
28,2,1,swing_h4,0,r,r_multiple,,ema,5.0,210,23575.799999996638,0.5285714285714286,1.1161538253095715,112.26571428569828,25025.300000000472,0.09767207458377894,45,0.5285714285714286,0.5666666666666667,1.0,
29,2,1,swing_h4,0,r,r_multiple,,ema,7.0,230,32734.999999996173,0.5304347826086957,1.102200168090931,142.3260869565051,40458.7000000012,0.10863782990919658,45,0.5304347826086957,0.5739130434782609,1.0,
30,2,1,swing_h4,0,r,r_multiple,,none,0.0,120,32913.29999999801,0.45,1.1011782347505408,274.27749999998343,83152.15000000026,0.056275088145378904,45,0.45,0.575,1.5,
31,2,1,swing_h4,0,r,r_multiple,,none,5.0,258,-57952.80000000452,0.35271317829457366,0.8292125798381449,-224.623255813971,72387.95000000286,-0.21255657895530633,45,0.35271317829457366,0.49224806201550386,1.5,
32,2,1,swing_h4,0,r,r_multiple,,none,7.0,193,118579.24999999674,0.44041450777202074,1.4186314780524072,614.4002590673406,32679.600000000166,0.25840175925764763,45,0.44041450777202074,0.47150259067357514,1.5,
33,2,1,swing_h4,0,r,r_multiple,,ema,0.0,125,21863.599999997692,0.44,1.0653291241930376,174.90879999998154,92987.1500000003,0.03877982249265913,45,0.44,0.568,1.5,
34,2,1,swing_h4,0,r,r_multiple,,ema,5.0,186,13401.499999996788,0.41935483870967744,1.0591771499323586,72.05107526879993,23845.150000000518,0.054990151610329566,45,0.41935483870967744,0.5591397849462365,1.5,
35,2,1,swing_h4,0,r,r_multiple,,ema,7.0,154,86879.79999999718,0.45454545454545453,1.3594502153272128,564.1545454545271,22304.700000000164,0.27129554012050466,45,0.45454545454545453,0.564935064935065,1.5,
36,2,1,swing_h4,0,r,r_multiple,,none,0.0,79,77197.89999999854,0.46835443037974683,1.45702595883338,977.1886075949183,26494.100000000162,0.21653799847643482,45,0.4430379746835443,0.5443037974683544,2.0,
37,2,1,swing_h4,0,r,r_multiple,,none,5.0,218,42457.099999996484,0.3440366972477064,1.1469634196701297,194.75733944952515,48557.4000000011,0.1128675316946546,45,0.3440366972477064,0.5045871559633027,2.0,
38,2,1,swing_h4,0,r,r_multiple,,none,7.0,152,17139.699999997305,0.35526315789473684,1.0627912020439267,112.76118421050859,86487.10000000053,0.03818880231380473,45,0.34868421052631576,0.5,2.0,
39,2,1,swing_h4,0,r,r_multiple,,ema,0.0,82,100833.39999999879,0.4634146341463415,1.5723905112285805,1229.6756097560828,39276.20000000015,0.26768412569904537,45,0.43902439024390244,0.5975609756097561,2.0,
40,2,1,swing_h4,0,r,r_multiple,,ema,5.0,169,31501.099999997452,0.3668639053254438,1.1426257156504618,186.39704142010328,34783.20000000034,0.10036276548205363,45,0.3668639053254438,0.5680473372781065,2.0,
41,2,1,swing_h4,0,r,r_multiple,,ema,7.0,144,35705.89999999749,0.3888888888888889,1.1328714240420967,247.95763888887146,68048.80000000032,0.08743149697284737,45,0.3819444444444444,0.5486111111111112,2.0,
42,2,1,swing_h4,0,atr,atr,,none,0.0,410,-19260.692857149334,0.6341463414634146,0.961530732449379,-46.97729965158374,70149.86428571699,-0.05165674072894308,45,0.6341463414634146,0.573170731707317,,3.0
43,2,1,swing_h4,0,atr,atr,,none,5.0,339,-39815.57857143426,0.4837758112094395,0.8781902029467854,-117.45008428151698,50437.5142857177,-0.160169335245568,45,0.4837758112094395,0.49852507374631266,,3.0
44,2,1,swing_h4,0,atr,atr,,none,7.0,391,-19499.021428577817,0.5601023017902813,0.9550630130481028,-49.86962002193815,44016.16428571588,-0.07271743039614156,45,0.5601023017902813,0.5345268542199488,,3.0
45,2,1,swing_h4,0,atr,atr,,ema,0.0,365,-3849.32857143438,0.663013698630137,0.9913290384581774,-10.546105675162686,66504.52142857356,-0.01018761306899929,45,0.663013698630137,0.6027397260273972,,3.0
46,2,1,swing_h4,0,atr,atr,,ema,5.0,226,-4118.864285718219,0.5486725663716814,0.9803146684414566,-18.225063211142565,27103.757142857423,-0.01709688059242255,45,0.5486725663716814,0.5663716814159292,,3.0
47,2,1,swing_h4,0,atr,atr,,ema,7.0,309,-12069.300000005112,0.5954692556634305,0.9652747667563139,-39.05922330098742,45704.842857144824,-0.043295794827861625,45,0.5954692556634305,0.6051779935275081,,3.0
48,2,1,swing_h4,0,atr,atr,,none,0.0,266,-2938.8642857194536,0.5225563909774437,0.9934704209390773,-11.048361976388923,69489.57857142953,-0.0059787259852799365,45,0.5225563909774437,0.5526315789473685,,5.0
49,2,1,swing_h4,0,atr,atr,,none,5.0,281,-44108.40714286246,0.36298932384341637,0.8696192509860586,-156.96942043723294,61248.68571428793,-0.16060313060587642,45,0.36298932384341637,0.498220640569395,,5.0
50,2,1,swing_h4,0,atr,atr,,none,7.0,279,-35205.742857147925,0.44086021505376344,0.9157826051579342,-126.18545826934741,54696.500000003856,-0.10593217074987374,45,0.44086021505376344,0.4910394265232975,,5.0
51,2,1,swing_h4,0,atr,atr,,ema,0.0,248,35459.107142852736,0.5846774193548387,1.0886160211675477,142.9802707373094,54246.40714285878,0.08406341190655961,45,0.5846774193548387,0.5887096774193549,,5.0
52,2,1,swing_h4,0,atr,atr,,ema,5.0,197,4106.571428567762,0.4365482233502538,1.0182024195679709,20.845540246536864,25399.850000000377,0.014076702140693374,45,0.4365482233502538,0.5634517766497462,,5.0
53,2,1,swing_h4,0,atr,atr,,ema,7.0,244,9724.535714281492,0.5040983606557377,1.0270362183470878,39.854654566727426,64537.41428571544,0.0236279834915025,45,0.5040983606557377,0.5778688524590164,,5.0
54,2,1,swing_h4,0,atr,atr,,none,0.0,156,45419.75714285417,0.48717948717948717,1.1377739443958552,291.15228937727034,87421.25714285749,0.09084049515706945,45,0.48717948717948717,0.6217948717948718,,8.0
55,2,1,swing_h4,0,atr,atr,,none,5.0,218,11994.9714285675,0.3165137614678899,1.0393481717197255,55.02280471819954,44394.41428571495,0.034987813580893645,45,0.3165137614678899,0.4954128440366973,,8.0
56,2,1,swing_h4,0,atr,atr,,none,7.0,178,95283.31428571111,0.42134831460674155,1.3518325053631917,535.2995184590512,27777.300000000858,0.276707686074368,45,0.42134831460674155,0.5112359550561798,,8.0
57,2,1,swing_h4,0,atr,atr,,ema,0.0,148,56377.828571425736,0.49324324324324326,1.1769198522559576,380.93127413125495,86533.05714285748,0.10953872285545536,45,0.49324324324324326,0.6148648648648649,,8.0
58,2,1,swing_h4,0,atr,atr,,ema,5.0,165,22147.199999996723,0.3393939393939394,1.0985627160643114,134.22545454543467,31785.528571429404,0.07353051398025887,45,0.3393939393939394,0.5696969696969697,,8.0
59,2,1,swing_h4,0,atr,atr,,ema,7.0,157,67693.8857142829,0.4267515923566879,1.2612625552021313,431.17124658778914,28283.928571429216,0.22904913551401646,45,0.4267515923566879,0.5732484076433121,,8.0
60,2,1,swing_h4,200,fixed,fixed_pips,1500.0,none,0.0,471,26752.599999992937,0.6857749469214437,1.0584409087671909,56.7995753715349,54539.600000001155,0.06731677447587577,45,0.6857749469214437,0.5711252653927813,,
61,2,1,swing_h4,200,fixed,fixed_pips,1500.0,none,5.0,298,-58336.70000000518,0.5100671140939598,0.7963435418678231,-195.76073825505094,56912.900000005306,-0.2608932684333354,45,0.5100671140939598,0.48322147651006714,,
62,2,1,swing_h4,200,fixed,fixed_pips,1500.0,none,7.0,419,-26172.50000000652,0.6014319809069213,0.9352538292328711,-62.46420047734253,41514.10000000587,-0.08968712806982415,45,0.6014319809069213,0.5083532219570406,,
63,2,1,swing_h4,200,fixed,fixed_pips,1500.0,ema,0.0,405,46125.59999999395,0.7037037037037037,1.1208220349282951,113.89037037035544,41350.700000001016,0.12899979159051278,45,0.7037037037037037,0.6098765432098765,,
64,2,1,swing_h4,200,fixed,fixed_pips,1500.0,ema,5.0,194,-21364.40000000328,0.5515463917525774,0.8826111228329125,-110.12577319589319,34371.20000000198,-0.1273949350924634,45,0.5515463917525774,0.5721649484536082,,
65,2,1,swing_h4,200,fixed,fixed_pips,1500.0,ema,7.0,321,17609.59999999502,0.6448598130841121,1.060035497092235,54.858566978177635,33032.500000000495,0.06861758055189053,45,0.6448598130841121,0.5794392523364486,,
66,2,1,swing_h4,200,fixed,fixed_pips,2500.0,none,0.0,327,75419.89999999473,0.6207951070336392,1.1737900639973062,230.6418960244487,61998.30000000103,0.16028369298135162,45,0.6207951070336392,0.5871559633027523,,
67,2,1,swing_h4,200,fixed,fixed_pips,2500.0,none,5.0,256,-32722.700000004766,0.41015625,0.8893023545327169,-127.82304687501862,59205.200000003475,-0.12882310794074608,45,0.41015625,0.4609375,,
68,2,1,swing_h4,200,fixed,fixed_pips,2500.0,none,7.0,326,55720.699999994446,0.5398773006134969,1.1448700475839453,170.92239263801977,53614.900000000765,0.14797335161547814,45,0.5398773006134969,0.5337423312883436,,
69,2,1,swing_h4,200,fixed,fixed_pips,2500.0,ema,0.0,290,63433.09999999526,0.6241379310344828,1.162245814311143,218.73482758619056,52169.400000001,0.15595063798237135,45,0.6241379310344828,0.6068965517241379,,
70,2,1,swing_h4,200,fixed,fixed_pips,2500.0,ema,5.0,175,5385.799999996743,0.45714285714285713,1.0275528657630224,30.77599999998139,32964.90000000139,0.0248530262492387,45,0.45714285714285713,0.5714285714285714,,
71,2,1,swing_h4,200,fixed,fixed_pips,2500.0,ema,7.0,262,76207.09999999552,0.5725190839694656,1.2547437423115837,290.8667938931127,39391.800000000716,0.23575535008436926,45,0.5725190839694656,0.583969465648855,,
72,2,1,swing_h4,200,fixed,fixed_pips,4000.0,none,0.0,224,82345.09999999608,0.53125,1.2091814131191232,367.6120535714111,63074.70000000098,0.14576918067876865,45,0.53125,0.59375,,
73,2,1,swing_h4,200,fixed,fixed_pips,4000.0,none,5.0,217,-15810.800000004296,0.3271889400921659,0.9472578294475759,-72.86082949310736,42993.60000000179,-0.05949009898816695,45,0.3271889400921659,0.45622119815668205,,
74,2,1,swing_h4,200,fixed,fixed_pips,4000.0,none,7.0,239,53110.29999999571,0.4476987447698745,1.1416408753361855,222.2188284518649,46362.000000000495,0.1552589713971458,45,0.4476987447698745,0.4895397489539749,,
75,2,1,swing_h4,200,fixed,fixed_pips,4000.0,ema,0.0,201,95341.9999999966,0.5621890547263682,1.267318940358049,474.3383084576945,54509.60000000098,0.22303113378234604,45,0.5621890547263682,0.6268656716417911,,
76,2,1,swing_h4,200,fixed,fixed_pips,4000.0,ema,5.0,159,25232.39999999685,0.3710691823899371,1.1197334511414714,158.6943396226217,28172.50000000054,0.09092820111305192,45,0.3710691823899371,0.5723270440251572,,
77,2,1,swing_h4,200,fixed,fixed_pips,4000.0,ema,7.0,202,62286.99999999633,0.47029702970297027,1.1959981598130478,308.3514851484967,36266.10000000057,0.1845806556968042,45,0.47029702970297027,0.5742574257425742,,
78,2,1,swing_h4,200,r,r_multiple,,none,0.0,259,28672.849999996244,0.583011583011583,1.0635646632449562,110.70598455597005,54089.60000000083,0.06278123734035429,45,0.583011583011583,0.5637065637065637,0.75,
79,2,1,swing_h4,200,r,r_multiple,,none,5.0,299,-15347.975000004724,0.5518394648829431,0.9466922612305585,-51.33102006690543,42829.80000000214,-0.05922955710325002,45,0.5518394648829431,0.5016722408026756,0.75,
80,2,1,swing_h4,200,r,r_multiple,,none,7.0,327,-20795.37500000508,0.5535168195718655,0.9508002184198936,-63.59441896026018,42089.80000000386,-0.057084446397303194,45,0.5535168195718655,0.5290519877675841,0.75,
81,2,1,swing_h4,200,r,r_multiple,,ema,0.0,249,-36035.650000003785,0.5542168674698795,0.9228653832034646,-144.7214859437903,95263.57500000135,-0.0795451498855514,45,0.5542168674698795,0.5863453815261044,0.75,
82,2,1,swing_h4,200,r,r_multiple,,ema,5.0,192,-6562.0500000030415,0.5677083333333334,0.9648712338710943,-34.177343750015844,44382.92500000252,-0.029761237689843408,45,0.5677083333333334,0.578125,0.75,
83,2,1,swing_h4,200,r,r_multiple,,ema,7.0,256,-31685.075000004013,0.55859375,0.912540807062734,-123.76982421876568,78655.32500000164,-0.09724163657287599,45,0.55859375,0.59765625,0.75,
84,2,1,swing_h4,200,r,r_multiple,,none,0.0,181,-71734.50000000335,0.4585635359116022,0.8390379683212063,-396.323204419908,99789.60000000145,-0.12050667353282907,45,0.4585635359116022,0.5524861878453039,1.0,
85,2,1,swing_h4,200,r,r_multiple,,none,5.0,270,-57064.400000004505,0.44814814814814813,0.8236446859674089,-211.34962962964633,64479.00000000336,-0.20651922369773856,45,0.44814814814814813,0.4962962962962963,1.0,
86,2,1,swing_h4,200,r,r_multiple,,none,7.0,263,-34074.000000004315,0.4752851711026616,0.917650996736143,-129.55893536123313,56474.80000000186,-0.09686582998024913,45,0.4752851711026616,0.5133079847908745,1.0,
87,2,1,swing_h4,200,r,r_multiple,,ema,0.0,176,-30499.20000000334,0.5,0.9280061014658976,-173.29090909092807,116356.30000000147,-0.05395913141080465,45,0.5,0.6022727272727273,1.0,
88,2,1,swing_h4,200,r,r_multiple,,ema,5.0,181,-12120.200000003,0.49171270718232046,0.9427130771313958,-66.96243093924309,39266.20000000248,-0.04948478143422005,45,0.49171270718232046,0.574585635359116,1.0,
89,2,1,swing_h4,200,r,r_multiple,,ema,7.0,210,-11518.500000003425,0.5,0.9655488628298198,-54.85000000001631,57142.500000001295,-0.03961670761888858,45,0.5,0.5714285714285714,1.0,
90,2,1,swing_h4,200,r,r_multiple,,none,0.0,104,-17235.750000002146,0.41346153846153844,0.9474902113948686,-165.72836538463602,84852.15000000026,-0.030320450787840323,45,0.41346153846153844,0.5480769230769231,1.5,
91,2,1,swing_h4,200,r,r_multiple,,none,5.0,224,-57418.50000000412,0.36160714285714285,0.8255682016681015,-256.3325892857327,79296.30000000262,-0.19586674274155358,45,0.36160714285714285,0.47767857142857145,1.5,
92,2,1,swing_h4,200,r,r_multiple,,none,7.0,188,75058.19999999668,0.4148936170212766,1.2359882172841339,399.2457446808334,44479.90000000088,0.16823581430981124,45,0.4148936170212766,0.46808510638297873,1.5,
93,2,1,swing_h4,200,r,r_multiple,,ema,0.0,104,1594.5499999980057,0.4326923076923077,1.0050324852596453,15.332211538442362,94887.1500000003,0.002867758120648908,45,0.4326923076923077,0.5769230769230769,1.5,
94,2,1,swing_h4,200,r,r_multiple,,ema,5.0,159,-23245.250000002867,0.37735849056603776,0.8977939201117038,-146.19654088052118,49528.35000000123,-0.08846338726815026,45,0.37735849056603776,0.5534591194968553,1.5,
95,2,1,swing_h4,200,r,r_multiple,,ema,7.0,153,64627.74999999759,0.4444444444444444,1.245733263472633,422.4035947712261,36636.250000000735,0.20493043807939296,45,0.4444444444444444,0.5686274509803921,1.5,
96,2,1,swing_h4,200,r,r_multiple,,none,0.0,65,45184.199999999124,0.4,1.278217210919281,695.141538461525,41640.40000000078,0.12960139703415677,45,0.36923076923076925,0.5846153846153846,2.0,
97,2,1,swing_h4,200,r,r_multiple,,none,5.0,199,8544.499999997115,0.35678391959798994,1.0286086126170428,42.93718592963374,40906.60000000114,0.02519305036676425,45,0.35678391959798994,0.49246231155778897,2.0,
98,2,1,swing_h4,200,r,r_multiple,,none,7.0,148,-15078.700000002786,0.32432432432432434,0.9498377737495117,-101.88310810812693,73671.80000000025,-0.03507922227740074,45,0.31756756756756754,0.47297297297297297,2.0,
99,2,1,swing_h4,200,r,r_multiple,,ema,0.0,75,46863.29999999905,0.36,1.2395590093608468,624.8439999999873,51497.60000000024,0.11518945703984369,45,0.3466666666666667,0.6,2.0,
100,2,1,swing_h4,200,r,r_multiple,,ema,5.0,142,11656.199999997853,0.352112676056338,1.0559124373298228,82.08591549294262,36705.000000000866,0.03976903466649457,45,0.352112676056338,0.5704225352112676,2.0,
101,2,1,swing_h4,200,r,r_multiple,,ema,7.0,124,23874.79999999786,0.3790322580645161,1.0921843609996755,192.5387096774021,64926.60000000029,0.060826797068050276,45,0.3709677419354839,0.5725806451612904,2.0,
102,2,1,swing_h4,200,atr,atr,,none,0.0,396,-26233.421428577596,0.648989898989899,0.9475986378849439,-66.24601370852929,66838.150000001,-0.06555383979928367,45,0.648989898989899,0.5707070707070707,,3.0
103,2,1,swing_h4,200,atr,atr,,none,5.0,297,-43937.914285719446,0.4983164983164983,0.8556879852221984,-147.9391053391227,52808.750000004,-0.16942850390776815,45,0.4983164983164983,0.49158249158249157,,3.0
104,2,1,swing_h4,200,atr,atr,,none,7.0,369,-54664.32142857746,0.5555555555555556,0.8770006151090143,-148.1417924893698,58400.22142857666,-0.1853191880159335,45,0.5555555555555556,0.5257452574525745,,3.0
105,2,1,swing_h4,200,atr,atr,,ema,0.0,354,-14147.34285714836,0.672316384180791,0.9683454071698514,-39.96424535917616,63685.164285716375,-0.03809568125548363,45,0.672316384180791,0.6045197740112994,,3.0
106,2,1,swing_h4,200,atr,atr,,ema,5.0,193,-19983.10714286063,0.538860103626943,0.8983562667104423,-103.53941524798255,49274.28571428859,-0.08615220845475723,45,0.538860103626943,0.5751295336787565,,3.0
107,2,1,swing_h4,200,atr,atr,,ema,7.0,283,-34274.15714286182,0.6007067137809188,0.900696065575929,-121.11009591117251,58217.82142857324,-0.1158772348824623,45,0.6007067137809188,0.5901060070671378,,3.0
108,2,1,swing_h4,200,atr,atr,,none,0.0,253,-974.5142857191495,0.541501976284585,0.9978052958016583,-3.851835121419563,76562.97857142948,-0.001962573327589371,45,0.541501976284585,0.5652173913043478,,5.0
109,2,1,swing_h4,200,atr,atr,,none,5.0,245,-86229.95714286204,0.3469387755102041,0.7442936590167414,-351.9590087463757,90785.59285714739,-0.26918314366691193,45,0.3469387755102041,0.4775510204081633,,5.0
110,2,1,swing_h4,200,atr,atr,,none,7.0,263,-40067.03571429032,0.4524714828897338,0.9026074885863672,-152.34614340034344,62158.271428574844,-0.11369734860507154,45,0.4524714828897338,0.49809885931558934,,5.0
111,2,1,swing_h4,200,atr,atr,,ema,0.0,235,36016.24999999585,0.6,1.0914390480818283,153.26063829785468,55279.17857142933,0.08779907092856298,45,0.6,0.6,,5.0
112,2,1,swing_h4,200,atr,atr,,ema,5.0,169,-20622.192857146092,0.42011834319526625,0.9052733397741874,-122.02480980559818,35480.96428571636,-0.07369137774780406,45,0.42011834319526625,0.5739644970414202,,5.0
113,2,1,swing_h4,200,atr,atr,,ema,7.0,226,20836.699999996083,0.5265486725663717,1.0615104082410902,92.19778761060213,61837.285714286976,0.04910336052471422,45,0.5265486725663717,0.5796460176991151,,5.0
114,2,1,swing_h4,200,atr,atr,,none,0.0,150,47564.55714285434,0.5133333333333333,1.1445679369033392,317.09704761902896,89421.25714285749,0.09424689984079174,45,0.5133333333333333,0.6133333333333333,,8.0
115,2,1,swing_h4,200,atr,atr,,none,5.0,203,-18588.900000003785,0.3054187192118227,0.9407429721755897,-91.57093596060977,40692.87142857275,-0.05670214181459934,45,0.3054187192118227,0.4876847290640394,,8.0
116,2,1,swing_h4,200,atr,atr,,none,7.0,172,79690.14285713983,0.4186046511627907,1.2837016316361787,463.3147840531385,30334.07142857246,0.2533281191438415,45,0.4186046511627907,0.5116279069767442,,8.0
117,2,1,swing_h4,200,atr,atr,,ema,0.0,144,52984.414285711624,0.5138888888888888,1.1659548272315865,367.9473214285529,88533.05714285749,0.1008615787969521,45,0.5138888888888888,0.6111111111111112,,8.0
118,2,1,swing_h4,200,atr,atr,,ema,5.0,150,15414.057142853952,0.34,1.0703521801511822,102.76038095235968,32398.485714286297,0.05298316990330035,45,0.34,0.5733333333333334,,8.0
119,2,1,swing_h4,200,atr,atr,,ema,7.0,148,58212.88571428316,0.4391891891891892,1.2228410760392936,393.3303088802916,30884.72857142918,0.21072749138969116,45,0.4391891891891892,0.581081081081081,,8.0
120,2,1,swing_d1,0,fixed,fixed_pips,1500.0,none,0.0,254,36253.39999999646,0.7834645669291339,1.138196109524903,142.7299212598286,68217.80000000028,0.08034961304981553,45,0.7834645669291339,0.6062992125984252,,
121,2,1,swing_d1,0,fixed,fixed_pips,1500.0,none,5.0,195,-16606.500000003554,0.4153846153846154,0.8797205684237738,-85.16153846155669,29918.20000000291,-0.12781036046342004,45,0.4153846153846154,0.4256410256410256,,
122,2,1,swing_d1,0,fixed,fixed_pips,1500.0,none,7.0,246,-56143.900000004476,0.44715447154471544,0.7460573552086806,-228.2272357723759,60972.80000000405,-0.33958686742381805,45,0.44715447154471544,0.44715447154471544,,
123,2,1,swing_d1,0,fixed,fixed_pips,1500.0,ema,0.0,216,39478.19999999725,0.8518518518518519,1.1666009038553202,182.76944444443168,71664.20000000017,0.0929258124364679,45,0.8518518518518519,0.6527777777777778,,
124,2,1,swing_d1,0,fixed,fixed_pips,1500.0,ema,5.0,42,6813.599999999451,0.6190476190476191,1.211777431045503,162.22857142855835,10231.900000000178,0.11351894034386631,45,0.6190476190476191,0.5,,
125,2,1,swing_d1,0,fixed,fixed_pips,1500.0,ema,7.0,84,-32468.400000001297,0.5833333333333334,0.6935321429548936,-386.5285714285869,40630.300000000985,-0.22263292850264227,45,0.5833333333333334,0.5,,
126,2,1,swing_d1,0,fixed,fixed_pips,2500.0,none,0.0,184,81372.49999999724,0.7554347826086957,1.304039184241999,442.24184782607193,59455.30000000044,0.1875356895235132,45,0.7554347826086957,0.6304347826086957,,
127,2,1,swing_d1,0,fixed,fixed_pips,2500.0,none,5.0,184,-12174.700000003668,0.30434782608695654,0.9199805188018971,-66.16684782610689,37532.0000000025,-0.06557746561386288,45,0.30434782608695654,0.44021739130434784,,
128,2,1,swing_d1,0,fixed,fixed_pips,2500.0,none,7.0,225,-45832.50000000441,0.3511111111111111,0.8116160349866061,-203.7000000000196,63329.500000004016,-0.19892197452848212,45,0.3511111111111111,0.44,,
129,2,1,swing_d1,0,fixed,fixed_pips,2500.0,ema,0.0,149,41657.09999999784,0.8053691275167785,1.1603040216175275,279.57785234897875,76301.6000000002,0.09511456658298681,45,0.8053691275167785,0.6644295302013423,,
130,2,1,swing_d1,0,fixed,fixed_pips,2500.0,ema,5.0,40,15176.49999999935,0.525,1.4067349181250277,379.41249999998377,7683.200000000056,0.16668025612142415,45,0.525,0.55,,
131,2,1,swing_d1,0,fixed,fixed_pips,2500.0,ema,7.0,80,4417.999999998618,0.5625,1.0408848828654451,55.22499999998272,20016.800000000876,0.02985515543899209,45,0.5625,0.525,,
132,2,1,swing_d1,0,fixed,fixed_pips,4000.0,none,0.0,126,64283.19999999812,0.6349206349206349,1.2514236723863792,510.1841269841121,57754.70000000025,0.13144171795960244,45,0.6349206349206349,0.6349206349206349,,
133,2,1,swing_d1,0,fixed,fixed_pips,4000.0,none,5.0,168,-28238.400000003523,0.20238095238095238,0.8280467710054662,-168.08571428573526,49830.100000002974,-0.1284964467884207,45,0.20238095238095238,0.4523809523809524,,
134,2,1,swing_d1,0,fixed,fixed_pips,4000.0,none,7.0,197,-23212.500000003936,0.2639593908629442,0.8995940506906608,-117.82994923859866,42754.70000000251,-0.09526894401130766,45,0.2639593908629442,0.4365482233502538,,
135,2,1,swing_d1,0,fixed,fixed_pips,4000.0,ema,0.0,107,18437.199999998276,0.6915887850467289,1.0664341837767815,172.31028037381566,91015.10000000017,0.03442872482997212,45,0.6915887850467289,0.6822429906542056,,
136,2,1,swing_d1,0,fixed,fixed_pips,4000.0,ema,5.0,37,-2933.20000000067,0.2972972972972973,0.9374953385740054,-79.27567567569379,22087.800000000287,-0.024760751891921787,45,0.2972972972972973,0.5405405405405406,,
137,2,1,swing_d1,0,fixed,fixed_pips,4000.0,ema,7.0,74,-2677.6000000012955,0.40540540540540543,0.9784069043713494,-36.18378378380129,32645.000000000593,-0.013443372184859742,45,0.40540540540540543,0.5135135135135135,,
138,2,1,swing_d1,0,r,r_multiple,,none,0.0,56,121206.62499999924,0.7142857142857143,2.057498098003417,2164.4040178571295,31509.099999999977,0.37789109546848837,45,0.6785714285714286,0.6428571428571429,0.75,
139,2,1,swing_d1,0,r,r_multiple,,none,5.0,197,-12770.425000002844,0.5431472081218274,0.8959296990618288,-64.82449238580124,25579.40000000224,-0.09824380968586227,45,0.5431472081218274,0.4263959390862944,0.75,
140,2,1,swing_d1,0,r,r_multiple,,none,7.0,235,-75520.55000000374,0.5191489361702127,0.6906587993863896,-321.3640425532074,89774.00000000348,-0.3407874820271723,45,0.5191489361702127,0.43829787234042555,0.75,
141,2,1,swing_d1,0,r,r_multiple,,ema,0.0,50,121599.47499999931,0.74,2.0852144691127443,2431.989499999986,31509.099999999977,0.3767030520783137,45,0.7,0.68,0.75,
142,2,1,swing_d1,0,r,r_multiple,,ema,5.0,41,3752.324999999473,0.6585365853658537,1.108858649770652,91.52012195120666,13692.400000000316,0.04650846369502036,45,0.6585365853658537,0.5121951219512195,0.75,
143,2,1,swing_d1,0,r,r_multiple,,ema,7.0,78,-51236.62500000142,0.5384615384615384,0.6260741770572124,-656.8798076923259,71917.57500000115,-0.24522472555183336,45,0.5384615384615384,0.5128205128205128,0.75,
144,2,1,swing_d1,0,r,r_multiple,,none,0.0,48,46147.19999999948,0.5625,1.3026553965780443,961.3999999999892,32985.40000000002,0.12509279932416859,45,0.5,0.6041666666666666,1.0,
145,2,1,swing_d1,0,r,r_multiple,,none,5.0,194,-6604.000000003043,0.4845360824742268,0.9510512783072593,-34.04123711341775,34024.300000002,-0.04106769706394393,45,0.4845360824742268,0.4381443298969072,1.0,
146,2,1,swing_d1,0,r,r_multiple,,none,7.0,222,-48420.60000000372,0.47297297297297297,0.8042128885519203,-218.11081081082756,72834.70000000339,-0.1894321139190201,45,0.47297297297297297,0.4369369369369369,1.0,
147,2,1,swing_d1,0,r,r_multiple,,ema,0.0,40,47719.59999999961,0.6,1.3222418279071024,1192.9899999999902,32985.40000000002,0.128160573654467,45,0.525,0.675,1.0,
148,2,1,swing_d1,0,r,r_multiple,,ema,5.0,42,9728.299999999352,0.5952380952380952,1.2506628395039274,231.62619047617505,18190.900000000216,0.08562056031763723,45,0.5952380952380952,0.5476190476190477,1.0,
149,2,1,swing_d1,0,r,r_multiple,,ema,7.0,78,-38579.900000001515,0.47435897435897434,0.7426744055749939,-494.614102564122,61524.30000000115,-0.16506700880413142,45,0.47435897435897434,0.5128205128205128,1.0,
150,2,1,swing_d1,0,r,r_multiple,,none,0.0,32,138501.39999999947,0.625,2.9509410201980097,4328.168749999983,25927.70000000001,0.3483691791858051,45,0.4375,0.59375,1.5,
151,2,1,swing_d1,0,r,r_multiple,,none,5.0,188,-33253.100000002996,0.3617021276595745,0.7990500333878068,-176.87819148937763,59690.500000002394,-0.15767679046003313,45,0.3617021276595745,0.42021276595744683,1.5,
152,2,1,swing_d1,0,r,r_multiple,,none,7.0,194,-67883.25000000329,0.3556701030927835,0.7329709259855763,-349.91365979383136,83470.25000000247,-0.24063787530305283,45,0.3556701030927835,0.44329896907216493,1.5,
153,2,1,swing_d1,0,r,r_multiple,,ema,0.0,27,138249.04999999958,0.6666666666666666,3.0203933254221926,5120.335185185169,25927.699999999997,0.34517946269367744,45,0.4444444444444444,0.6666666666666666,1.5,
154,2,1,swing_d1,0,r,r_multiple,,ema,5.0,40,9664.199999999411,0.525,1.2142956926658757,241.6049999999853,16260.55000000024,0.08481145509580625,45,0.525,0.525,1.5,
155,2,1,swing_d1,0,r,r_multiple,,ema,7.0,71,-29442.60000000138,0.4084507042253521,0.8071721183979069,-414.68450704227297,60080.550000001014,-0.12271356095245149,45,0.4084507042253521,0.5211267605633803,1.5,
156,2,1,swing_d1,0,r,r_multiple,,none,0.0,31,112457.39999999947,0.5483870967741935,2.21717812925158,3627.658064516112,32985.40000000003,0.2631714518101533,45,0.3548387096774194,0.5483870967741935,2.0,
157,2,1,swing_d1,0,r,r_multiple,,none,5.0,183,-40224.900000003254,0.3114754098360656,0.7764443757766661,-219.80819672132927,73919.90000000277,-0.1908145996495841,45,0.3114754098360656,0.4207650273224044,2.0,
158,2,1,swing_d1,0,r,r_multiple,,none,7.0,164,-91797.40000000292,0.29878048780487804,0.6211979973268451,-559.7402439024568,126671.10000000212,-0.2819024837420104,45,0.29878048780487804,0.43902439024390244,2.0,
159,2,1,swing_d1,0,r,r_multiple,,ema,0.0,25,111373.19999999955,0.6,2.275476443244238,4454.927999999982,32985.40000000003,0.2580770765647896,45,0.36,0.64,2.0,
160,2,1,swing_d1,0,r,r_multiple,,ema,5.0,39,16150.499999999329,0.48717948717948717,1.3364869763778704,414.1153846153674,23734.5000000003,0.11252588586531588,45,0.48717948717948717,0.5128205128205128,2.0,
161,2,1,swing_d1,0,r,r_multiple,,ema,7.0,55,-63395.30000000109,0.34545454545454546,0.5665812070992924,-1152.6418181818378,92229.60000000088,-0.2360777227053179,45,0.34545454545454546,0.5818181818181818,2.0,
162,2,1,swing_d1,0,atr,atr,,none,0.0,204,26378.842857139844,0.7303921568627451,1.1039984090350106,129.30805322127375,43182.37857142956,0.07207027935400445,45,0.7303921568627451,0.6127450980392157,,3.0
163,2,1,swing_d1,0,atr,atr,,none,5.0,192,-13996.571428574905,0.3854166666666667,0.9043087248846319,-72.89880952382764,30361.071428574385,-0.09005615809513645,45,0.3854166666666667,0.4322916666666667,,3.0
164,2,1,swing_d1,0,atr,atr,,none,7.0,239,-73195.00000000438,0.4100418410041841,0.7126912774649656,-306.25523012554135,91678.23571428958,-0.28659758848341343,45,0.4100418410041841,0.4476987447698745,,3.0
165,2,1,swing_d1,0,atr,atr,,ema,0.0,173,27500.97857142616,0.8092485549132948,1.116183334036433,158.96519405448646,60296.0071428579,0.07696598446483109,45,0.8092485549132948,0.6416184971098265,,3.0
166,2,1,swing_d1,0,atr,atr,,ema,5.0,42,7563.535714285149,0.5952380952380952,1.201800298137557,180.08418367345593,10197.742857143157,0.09586887312046558,45,0.5952380952380952,0.5238095238095238,,3.0
167,2,1,swing_d1,0,atr,atr,,ema,7.0,83,-49782.514285715544,0.5301204819277109,0.6330741768487602,-599.7893287435608,60327.77142857253,-0.264143579658613,45,0.5301204819277109,0.5060240963855421,,3.0
168,2,1,swing_d1,0,atr,atr,,none,0.0,141,-38043.335714287925,0.6099290780141844,0.8860813575064191,-269.8108915906945,103892.83571428707,-0.07527180613661745,45,0.6099290780141844,0.5815602836879432,,5.0
169,2,1,swing_d1,0,atr,atr,,none,5.0,182,-27260.60000000366,0.25274725274725274,0.8395657659947934,-149.78351648353657,51429.64285714537,-0.1253895394296951,45,0.25274725274725274,0.4340659340659341,,5.0
170,2,1,swing_d1,0,atr,atr,,none,7.0,214,-69835.76428571831,0.3037383177570093,0.7374899286634577,-326.3353471295248,91353.30714286091,-0.23029070822512682,45,0.3037383177570093,0.4252336448598131,,5.0
171,2,1,swing_d1,0,atr,atr,,ema,0.0,118,-57566.37857143038,0.6779661016949152,0.825215970467838,-487.8506658595795,119550.62857142976,-0.11973563227638884,45,0.6779661016949152,0.6271186440677966,,5.0
172,2,1,swing_d1,0,atr,atr,,ema,5.0,40,19100.728571427884,0.475,1.4606892364771804,477.5182142856971,10671.40000000004,0.14638464185886654,45,0.475,0.55,,5.0
173,2,1,swing_d1,0,atr,atr,,ema,7.0,75,-21013.878571429745,0.49333333333333335,0.8468400756589208,-280.18504761906325,51970.05000000095,-0.09296969846275073,45,0.49333333333333335,0.52,,5.0
174,2,1,swing_d1,0,atr,atr,,none,0.0,68,117554.21428571318,0.6911764705882353,1.8297140203282378,1728.738445378135,31509.099999999977,0.36501667945417926,45,0.6911764705882353,0.6617647058823529,,8.0
175,2,1,swing_d1,0,atr,atr,,none,5.0,167,-56260.42857143209,0.15568862275449102,0.696785778189486,-336.8887938409107,82691.75714286041,-0.2422901048854543,45,0.15568862275449102,0.437125748502994,,8.0
176,2,1,swing_d1,0,atr,atr,,none,7.0,177,-65309.400000003414,0.20903954802259886,0.7375307894765294,-368.97966101696846,93751.6285714317,-0.2080703580841509,45,0.20903954802259886,0.4350282485875706,,8.0
177,2,1,swing_d1,0,atr,atr,,ema,0.0,63,120217.1714285704,0.746031746031746,1.8663832328239565,1908.2090702947683,31509.099999999977,0.3723240476065155,45,0.746031746031746,0.6825396825396826,,8.0
178,2,1,swing_d1,0,atr,atr,,ema,5.0,39,18755.414285713458,0.358974358974359,1.3722693595781226,480.9080586080374,18137.42857142888,0.12499142448249413,45,0.358974358974359,0.5384615384615384,,8.0
179,2,1,swing_d1,0,atr,atr,,ema,7.0,70,-2819.471428572564,0.4,0.9804999219949376,-40.27816326532234,56706.22857142912,-0.010417610076203367,45,0.4,0.5428571428571428,,8.0
180,2,1,swing_d1,200,fixed,fixed_pips,1500.0,none,0.0,253,34783.599999996506,0.7865612648221344,1.1318545519607692,137.48458498022333,69417.80000000028,0.07689301567132206,45,0.7865612648221344,0.6047430830039525,,
181,2,1,swing_d1,200,fixed,fixed_pips,1500.0,none,5.0,183,-14989.000000003489,0.4098360655737705,0.8823944794686356,-81.90710382515567,27554.300000002833,-0.10448722325119182,45,0.4098360655737705,0.4207650273224044,,
182,2,1,swing_d1,200,fixed,fixed_pips,1500.0,none,7.0,234,-58642.00000000435,0.44017094017094016,0.724802372700785,-250.6068376068562,63333.00000000394,-0.3618966815662219,45,0.44017094017094016,0.4358974358974359,,
183,2,1,swing_d1,200,fixed,fixed_pips,1500.0,ema,0.0,214,35809.99999999728,0.8551401869158879,1.149750304644213,167.33644859811812,72664.20000000017,0.08384847374690242,45,0.8551401869158879,0.6542056074766355,,
184,2,1,swing_d1,200,fixed,fixed_pips,1500.0,ema,5.0,36,4973.299999999472,0.6111111111111112,1.177518320084789,138.14722222220755,9704.200000000083,0.06911618864686549,45,0.6111111111111112,0.5,,
185,2,1,swing_d1,200,fixed,fixed_pips,1500.0,ema,7.0,73,-34278.800000001145,0.5753424657534246,0.6475470347879462,-469.57260273974174,38441.70000000085,-0.25769890408222307,45,0.5753424657534246,0.4794520547945205,,
186,2,1,swing_d1,200,fixed,fixed_pips,2500.0,none,0.0,181,60506.79999999722,0.7513812154696132,1.2153225525203326,334.291712707167,61153.10000000109,0.14242742075278994,45,0.7513812154696132,0.6077348066298343,,
187,2,1,swing_d1,200,fixed,fixed_pips,2500.0,none,5.0,173,-16663.200000003508,0.30057803468208094,0.8863644423106606,-96.31907514452895,39682.60000000236,-0.09338904679165808,45,0.30057803468208094,0.4277456647398844,,
188,2,1,swing_d1,200,fixed,fixed_pips,2500.0,none,7.0,213,-51375.1000000043,0.3427230046948357,0.7802967516911086,-241.1976525821798,68734.20000000388,-0.24106145932531464,45,0.3427230046948357,0.43661971830985913,,
189,2,1,swing_d1,200,fixed,fixed_pips,2500.0,ema,0.0,147,27208.599999997867,0.8027210884353742,1.1010298069975109,185.0925170067882,77301.6000000002,0.06429107926255433,45,0.8027210884353742,0.6530612244897959,,
190,2,1,swing_d1,200,fixed,fixed_pips,2500.0,ema,5.0,35,-321.0000000005948,0.45714285714285713,0.9920373080643814,-9.171428571445565,14003.300000000354,-0.003323449664537129,45,0.45714285714285713,0.5142857142857142,,
191,2,1,swing_d1,200,fixed,fixed_pips,2500.0,ema,7.0,71,-11698.700000001258,0.5352112676056338,0.8903380868150061,-164.770422535229,26835.000000000786,-0.07661436603423566,45,0.5352112676056338,0.5070422535211268,,
192,2,1,swing_d1,200,fixed,fixed_pips,4000.0,none,0.0,126,57300.19999999809,0.6349206349206349,1.2181536725452384,454.7634920634769,59154.70000000025,0.11627336513659872,45,0.6349206349206349,0.6349206349206349,,
193,2,1,swing_d1,200,fixed,fixed_pips,4000.0,none,5.0,161,-41459.60000000348,0.18633540372670807,0.743196118049147,-257.51304347828244,61851.30000000293,-0.20965107440630346,45,0.18633540372670807,0.4409937888198758,,
194,2,1,swing_d1,200,fixed,fixed_pips,4000.0,none,7.0,191,-50787.70000000405,0.2356020942408377,0.7799161225349265,-265.9041884816966,70617.20000000333,-0.1929229610294898,45,0.2356020942408377,0.4397905759162304,,
195,2,1,swing_d1,200,fixed,fixed_pips,4000.0,ema,0.0,106,22643.099999998314,0.6981132075471698,1.0828446812690853,213.6141509433803,92215.10000000017,0.04208279663126677,45,0.6981132075471698,0.6886792452830188,,
196,2,1,swing_d1,200,fixed,fixed_pips,4000.0,ema,5.0,34,-13354.700000000634,0.2647058823529412,0.7293891412800659,-392.78529411766567,26140.500000000302,-0.11497833845555991,45,0.2647058823529412,0.5,,
197,2,1,swing_d1,200,fixed,fixed_pips,4000.0,ema,7.0,65,-14534.600000001205,0.38461538461538464,0.8730847583130147,-223.6092307692493,30972.400000000744,-0.07291055385729373,45,0.38461538461538464,0.47692307692307695,,
198,2,1,swing_d1,200,r,r_multiple,,none,0.0,52,103848.94999999933,0.6923076923076923,1.8342044974399183,1997.0951923076793,31909.099999999977,0.30373015881928095,45,0.6538461538461539,0.6346153846153846,0.75,
199,2,1,swing_d1,200,r,r_multiple,,none,5.0,184,-16062.150000002906,0.5163043478260869,0.8636444670069504,-87.29429347827667,30174.02500000228,-0.117212502598416,45,0.5163043478260869,0.41847826086956524,0.75,
200,2,1,swing_d1,200,r,r_multiple,,none,7.0,224,-77220.72500000356,0.5,0.6746506487755585,-344.7353794643016,94305.20000000318,-0.34267082162106854,45,0.5,0.4330357142857143,0.75,
201,2,1,swing_d1,200,r,r_multiple,,ema,0.0,45,104037.14999999944,0.7111111111111111,1.8588444247054074,2311.936666666654,31909.099999999977,0.30329205828804007,45,0.6666666666666666,0.6888888888888889,0.75,
202,2,1,swing_d1,200,r,r_multiple,,ema,5.0,36,3571.399999999494,0.6388888888888888,1.1094661860624622,99.2055555555415,17135.925000000178,0.037318071537220436,45,0.6388888888888888,0.5,0.75,
203,2,1,swing_d1,200,r,r_multiple,,ema,7.0,71,-55163.90000000124,0.5211267605633803,0.5878643754263138,-776.9563380281865,71343.375000001,-0.24907680050833228,45,0.5211267605633803,0.49295774647887325,0.75,
204,2,1,swing_d1,200,r,r_multiple,,none,0.0,47,82385.69999999946,0.5957446808510638,1.6960873775087504,1752.8872340425416,33385.40000000002,0.1885569347743185,45,0.5319148936170213,0.5957446808510638,1.0,
205,2,1,swing_d1,200,r,r_multiple,,none,5.0,181,-18123.400000002974,0.4696132596685083,0.8639299595995646,-100.12928176797223,34429.800000002,-0.1086953557149462,45,0.4696132596685083,0.4198895027624309,1.0,
206,2,1,swing_d1,200,r,r_multiple,,none,7.0,212,-58901.80000000351,0.45754716981132076,0.7511560959823591,-277.8386792452996,85349.00000000314,-0.21900971999598198,45,0.45754716981132076,0.4386792452830189,1.0,
207,2,1,swing_d1,200,r,r_multiple,,ema,0.0,38,83819.0999999996,0.631578947368421,1.7380566413043135,2205.7657894736735,33385.40000000002,0.19090711247293501,45,0.5526315789473685,0.6842105263157895,1.0,
208,2,1,swing_d1,200,r,r_multiple,,ema,5.0,36,9787.699999999382,0.5833333333333334,1.2752934293758253,271.8805555555384,17080.20000000033,0.08710697424138131,45,0.5833333333333334,0.5,1.0,
209,2,1,swing_d1,200,r,r_multiple,,ema,7.0,68,-33058.500000001266,0.4852941176470588,0.7544610859610801,-486.1544117647245,49736.600000001185,-0.13967212503664425,45,0.4852941176470588,0.4852941176470588,1.0,
210,2,1,swing_d1,200,r,r_multiple,,none,0.0,34,92249.09999999948,0.5294117647058824,1.7937598252936873,2713.2088235293963,33973.10000000003,0.24516108037295398,45,0.4117647058823529,0.5294117647058824,1.5,
211,2,1,swing_d1,200,r,r_multiple,,none,5.0,178,-59305.90000000309,0.3258426966292135,0.6526588283526241,-333.1792134831634,83087.25000000256,-0.31897605263142476,45,0.3258426966292135,0.4101123595505618,1.5,
212,2,1,swing_d1,200,r,r_multiple,,none,7.0,192,-74859.55000000342,0.34375,0.7037210813651769,-389.89348958335114,81591.75000000303,-0.23802926143398803,45,0.34375,0.4322916666666667,1.5,
213,2,1,swing_d1,200,r,r_multiple,,ema,0.0,27,95123.34999999963,0.5925925925925926,1.8606422923113064,3523.087037037023,33973.10000000003,0.24772664825487356,45,0.4444444444444444,0.6296296296296297,1.5,
214,2,1,swing_d1,200,r,r_multiple,,ema,5.0,35,-6217.950000000632,0.42857142857142855,0.8727655003069249,-177.65571428573233,30795.55000000044,-0.05335511072142686,45,0.42857142857142855,0.4857142857142857,1.5,
215,2,1,swing_d1,200,r,r_multiple,,ema,7.0,61,-40725.10000000126,0.3770491803278688,0.7138598299534028,-667.6245901639551,53427.50000000087,-0.17001976531772098,45,0.3770491803278688,0.4918032786885246,1.5,
216,2,1,swing_d1,200,r,r_multiple,,none,0.0,29,102059.59999999957,0.5862068965517241,2.122830873899408,3519.296551724123,33385.40000000003,0.2309022477672179,45,0.3793103448275862,0.5862068965517241,2.0,
217,2,1,swing_d1,200,r,r_multiple,,none,5.0,173,-48097.400000003036,0.2947976878612717,0.727738596809998,-278.0196531792083,82499.40000000257,-0.24016006618581665,45,0.2947976878612717,0.41040462427745666,2.0,
218,2,1,swing_d1,200,r,r_multiple,,none,7.0,167,-118042.10000000303,0.2754491017964072,0.532981321563378,-706.8389221557068,139541.6000000029,-0.37241252416793574,45,0.2754491017964072,0.4491017964071856,2.0,
219,2,1,swing_d1,200,r,r_multiple,,ema,0.0,25,99674.1999999996,0.6,2.125645267847557,3986.9679999999844,33385.40000000003,0.22432488116477126,45,0.36,0.64,2.0,
220,2,1,swing_d1,200,r,r_multiple,,ema,5.0,35,-519.7000000006246,0.37142857142857144,0.9899501471606194,-14.848571428589276,31639.000000000466,-0.0035781698442492304,45,0.37142857142857144,0.4857142857142857,2.0,
221,2,1,swing_d1,200,r,r_multiple,,ema,7.0,49,-94144.70000000094,0.24489795918367346,0.3556018565734679,-1921.3204081632846,104942.60000000091,-0.39564630106906934,45,0.24489795918367346,0.5306122448979592,2.0,
222,2,1,swing_d1,200,atr,atr,,none,0.0,202,34277.071428568524,0.7475247524752475,1.1373058413588206,169.68847241865606,33774.457142858046,0.09522798460719152,45,0.7475247524752475,0.6039603960396039,,3.0
223,2,1,swing_d1,200,atr,atr,,none,5.0,180,-19908.728571432017,0.3611111111111111,0.8599796140125565,-110.60404761906676,35636.59285714577,-0.12314317953727036,45,0.3611111111111111,0.4222222222222222,,3.0
224,2,1,swing_d1,200,atr,atr,,none,7.0,228,-80052.1571428614,0.3991228070175439,0.6790914056024588,-351.105952380971,96913.05000000379,-0.31674579612824033,45,0.3991228070175439,0.43859649122807015,,3.0
225,2,1,swing_d1,200,atr,atr,,ema,0.0,171,31443.471428569086,0.8187134502923976,1.1348969676354619,183.87994987467303,53024.10000000065,0.08937481369645359,45,0.8187134502923976,0.6374269005847953,,3.0
226,2,1,swing_d1,200,atr,atr,,ema,5.0,36,4035.2999999994836,0.5555555555555556,1.1119790654952366,112.09166666665232,14952.064285714574,0.04546277645804127,45,0.5555555555555556,0.5,,3.0
227,2,1,swing_d1,200,atr,atr,,ema,7.0,72,-54087.07857142965,0.5138888888888888,0.5767453364627547,-751.2094246031896,63801.464285715294,-0.3086412158089155,45,0.5138888888888888,0.4861111111111111,,3.0
228,2,1,swing_d1,200,atr,atr,,none,0.0,140,-29818.700000002107,0.6214285714285714,0.9090215669780816,-212.99071428572933,102436.9000000002,-0.05836124317745024,45,0.6214285714285714,0.5785714285714286,,5.0
229,2,1,swing_d1,200,atr,atr,,none,5.0,170,-35275.02857143206,0.2411764705882353,0.7873500762197511,-207.50016806724744,54722.54285714598,-0.1734406251087395,45,0.2411764705882353,0.4176470588235294,,5.0
230,2,1,swing_d1,200,atr,atr,,none,7.0,202,-81976.63571428964,0.2871287128712871,0.6824784441568738,-405.8249292786616,107423.4214285751,-0.2656208975830591,45,0.2871287128712871,0.4158415841584158,,5.0
231,2,1,swing_d1,200,atr,atr,,ema,0.0,117,-50691.842857144555,0.6923076923076923,0.8437901593006826,-433.2636141636287,111067.95000000104,-0.10377068226575425,45,0.6923076923076923,0.6239316239316239,,5.0
232,2,1,swing_d1,200,atr,atr,,ema,5.0,35,5689.81428571367,0.4,1.129339240981501,162.566122448962,16936.900000000358,0.043945622072924795,45,0.4,0.5142857142857142,,5.0
233,2,1,swing_d1,200,atr,atr,,ema,7.0,64,-29498.38571428675,0.46875,0.7664402540137931,-460.91227678573046,54642.192857143345,-0.12901819965035113,45,0.46875,0.484375,,5.0
234,2,1,swing_d1,200,atr,atr,,none,0.0,68,117723.14285714181,0.7058823529411765,1.8191555857038588,1731.2226890756149,31909.09999999999,0.3643152193250922,45,0.7058823529411765,0.6617647058823529,,8.0
235,2,1,swing_d1,200,atr,atr,,none,5.0,157,-65001.97142857475,0.1464968152866242,0.6396137251524049,-414.02529572340603,93106.04285714598,-0.29274439904081884,45,0.1464968152866242,0.4267515923566879,,8.0
236,2,1,swing_d1,200,atr,atr,,none,7.0,176,-81931.52857143221,0.19318181818181818,0.6728317729749987,-465.52004870131935,114364.37142857493,-0.2364684467095949,45,0.19318181818181818,0.4375,,8.0
237,2,1,swing_d1,200,atr,atr,,ema,0.0,63,118007.85714285614,0.746031746031746,1.8348185072801648,1873.140589569145,31909.09999999999,0.3636468774629363,45,0.746031746031746,0.6825396825396826,,8.0
238,2,1,swing_d1,200,atr,atr,,ema,5.0,34,-1985.4285714292891,0.2647058823529412,0.9630353169911607,-58.39495798321439,31249.80000000033,-0.012821672508289217,45,0.2647058823529412,0.5,,8.0
239,2,1,swing_d1,200,atr,atr,,ema,7.0,61,-15960.385714286822,0.36065573770491804,0.8791611311464749,-261.64566744732497,59635.24285714343,-0.05742358330735869,45,0.36065573770491804,0.4918032786885246,,8.0
240,2,1,ltf,0,fixed,fixed_pips,1500.0,none,0.0,738,-16775.30000001352,0.3970189701897019,0.9633442471927698,-22.7307588076064,40141.900000009184,-0.06940377349418096,45,0.3970189701897019,0.5501355013550135,,
241,2,1,ltf,0,fixed,fixed_pips,1500.0,none,5.0,733,-18685.100000013474,0.3942701227830832,0.9588031207598682,-25.491268758544983,37718.10000001,-0.07710171712629325,45,0.3942701227830832,0.5497953615279673,,
242,2,1,ltf,0,fixed,fixed_pips,1500.0,none,7.0,738,-16775.30000001352,0.3970189701897019,0.9633442471927698,-22.7307588076064,40141.900000009184,-0.06940377349418096,45,0.3970189701897019,0.5501355013550135,,
243,2,1,ltf,0,fixed,fixed_pips,1500.0,ema,0.0,560,35352.3999999901,0.42142857142857143,1.1104606474335166,63.129285714268036,24931.50000000137,0.16051429516227075,45,0.42142857142857143,0.5910714285714286,,
244,2,1,ltf,0,fixed,fixed_pips,1500.0,ema,5.0,557,30853.899999990128,0.41831238779174146,1.0964048203190968,55.39299820465014,25751.10000000168,0.13901127460928145,45,0.41831238779174146,0.59245960502693,,
245,2,1,ltf,0,fixed,fixed_pips,1500.0,ema,7.0,560,35352.3999999901,0.42142857142857143,1.1104606474335166,63.129285714268036,24931.50000000137,0.16051429516227075,45,0.42142857142857143,0.5910714285714286,,
246,2,1,ltf,0,fixed,fixed_pips,2500.0,none,0.0,607,42269.099999988204,0.3245469522240527,1.093729731096132,69.63607907741056,36311.6000000019,0.14346450872481806,45,0.3245469522240527,0.5469522240527183,,
247,2,1,ltf,0,fixed,fixed_pips,2500.0,none,5.0,609,39532.09999998803,0.3218390804597701,1.0876144212812773,64.9131362889787,36665.0000000016,0.133655231119915,45,0.3218390804597701,0.548440065681445,,
248,2,1,ltf,0,fixed,fixed_pips,2500.0,none,7.0,607,42269.099999988204,0.3245469522240527,1.093729731096132,69.63607907741056,36311.6000000019,0.14346450872481806,45,0.3245469522240527,0.5469522240527183,,
249,2,1,ltf,0,fixed,fixed_pips,2500.0,ema,0.0,482,82316.29999999091,0.34232365145228216,1.248737296286538,170.780705394172,19578.20000000066,0.3504373529377374,45,0.34232365145228216,0.5850622406639004,,
250,2,1,ltf,0,fixed,fixed_pips,2500.0,ema,5.0,482,81581.99999999083,0.34024896265560167,1.2478404114572161,169.25726141076936,21025.200000000645,0.3316282924342733,45,0.34024896265560167,0.5871369294605809,,
251,2,1,ltf,0,fixed,fixed_pips,2500.0,ema,7.0,482,82316.29999999091,0.34232365145228216,1.248737296286538,170.780705394172,19578.20000000066,0.3504373529377374,45,0.34232365145228216,0.5850622406639004,,
252,2,1,ltf,0,fixed,fixed_pips,4000.0,none,0.0,466,24914.5999999904,0.23819742489270387,1.0594578095739464,53.46480686693219,46810.40000000404,0.08907409594890855,45,0.23819742489270387,0.5515021459227468,,
253,2,1,ltf,0,fixed,fixed_pips,4000.0,none,5.0,478,44172.89999999012,0.2384937238493724,1.1069276689192276,92.4119246861718,34970.00000000144,0.17936441691848673,45,0.2384937238493724,0.5585774058577406,,
254,2,1,ltf,0,fixed,fixed_pips,4000.0,none,7.0,466,24914.5999999904,0.23819742489270387,1.0594578095739464,53.46480686693219,46810.40000000404,0.08907409594890855,45,0.23819742489270387,0.5515021459227468,,
255,2,1,ltf,0,fixed,fixed_pips,4000.0,ema,0.0,380,57527.69999999236,0.25526315789473686,1.173367327104129,151.3886842105062,24226.600000001417,0.23461659010299346,45,0.25526315789473686,0.5868421052631579,,
256,2,1,ltf,0,fixed,fixed_pips,4000.0,ema,5.0,388,74221.7999999921,0.25773195876288657,1.2268878509729333,191.29329896905182,20928.200000000506,0.2892808280952031,45,0.25773195876288657,0.5876288659793815,,
257,2,1,ltf,0,fixed,fixed_pips,4000.0,ema,7.0,380,57527.69999999236,0.25526315789473686,1.173367327104129,151.3886842105062,24226.600000001417,0.23461659010299346,45,0.25526315789473686,0.5868421052631579,,
258,2,1,ltf,0,r,r_multiple,,none,0.0,786,18861.69999998801,0.5521628498727735,1.048708589809376,23.997073791333346,37380.200000008255,0.05988849155242789,45,0.5521628498727735,0.5597964376590331,0.75,
259,2,1,ltf,0,r,r_multiple,,none,5.0,794,15357.249999987767,0.5516372795969773,1.0396328402427621,19.341624685123133,32035.625000007672,0.05292902045915723,45,0.5516372795969773,0.5591939546599496,0.75,
260,2,1,ltf,0,r,r_multiple,,none,7.0,786,18861.69999998801,0.5521628498727735,1.048708589809376,23.997073791333346,37380.200000008255,0.05988849155242789,45,0.5521628498727735,0.5597964376590331,0.75,
261,2,1,ltf,0,r,r_multiple,,ema,0.0,585,54030.49999999106,0.576068376068376,1.2004352926075557,92.35982905981378,26036.55000000152,0.2253366007504321,45,0.576068376068376,0.5965811965811966,0.75,
262,2,1,ltf,0,r,r_multiple,,ema,5.0,591,54513.249999990876,0.5752961082910322,1.2028765366487943,92.23900169203193,24242.250000001448,0.21911392396593932,45,0.5752961082910322,0.5956006768189509,0.75,
263,2,1,ltf,0,r,r_multiple,,ema,7.0,585,54030.49999999106,0.576068376068376,1.2004352926075557,92.35982905981378,26036.55000000152,0.2253366007504321,45,0.576068376068376,0.5965811965811966,0.75,
264,2,1,ltf,0,r,r_multiple,,none,0.0,719,20440.59999998851,0.4812239221140473,1.0491531076765042,28.429207232251056,32520.10000000187,0.06611779802637777,45,0.4812239221140473,0.5549374130737135,1.0,
265,2,1,ltf,0,r,r_multiple,,none,5.0,732,18125.799999988154,0.4822404371584699,1.0433468561583725,24.762021857907314,30323.800000001436,0.05814775475895964,45,0.4822404371584699,0.5546448087431693,1.0,
266,2,1,ltf,0,r,r_multiple,,none,7.0,719,20440.59999998851,0.4812239221140473,1.0491531076765042,28.429207232251056,32520.10000000187,0.06611779802637777,45,0.4812239221140473,0.5549374130737135,1.0,
267,2,1,ltf,0,r,r_multiple,,ema,0.0,548,58090.89999999122,0.5072992700729927,1.193171305610261,106.0052919707869,27227.00000000145,0.22154312514131017,45,0.5072992700729927,0.5894160583941606,1.0,
268,2,1,ltf,0,r,r_multiple,,ema,5.0,559,52861.199999990946,0.5080500894454383,1.1738601907682198,94.56386404291761,25317.50000000171,0.1965672846810916,45,0.5080500894454383,0.590339892665474,1.0,
269,2,1,ltf,0,r,r_multiple,,ema,7.0,548,58090.89999999122,0.5072992700729927,1.193171305610261,106.0052919707869,27227.00000000145,0.22154312514131017,45,0.5072992700729927,0.5894160583941606,1.0,
270,2,1,ltf,0,r,r_multiple,,none,0.0,635,20641.599999989237,0.3858267716535433,1.0458512296239708,32.506456692896435,55998.500000007945,0.05848176650280348,45,0.3858267716535433,0.5511811023622047,1.5,
271,2,1,ltf,0,r,r_multiple,,none,5.0,648,36396.94999998883,0.3888888888888889,1.081587937423058,56.16813271603214,46657.00000000674,0.10987950390805903,45,0.3888888888888889,0.5509259259259259,1.5,
272,2,1,ltf,0,r,r_multiple,,none,7.0,635,20641.599999989237,0.3858267716535433,1.0458512296239708,32.506456692896435,55998.500000007945,0.05848176650280348,45,0.3858267716535433,0.5511811023622047,1.5,
273,2,1,ltf,0,r,r_multiple,,ema,0.0,498,50094.99999999184,0.40963855421686746,1.1479888639819738,100.59236947789526,33661.30000000117,0.1806347394722628,45,0.40963855421686746,0.5863453815261044,1.5,
274,2,1,ltf,0,r,r_multiple,,ema,5.0,510,62327.49999999146,0.4137254901960784,1.18446730671958,122.21078431370874,30687.1500000018,0.22166089143593326,45,0.4137254901960784,0.5843137254901961,1.5,
275,2,1,ltf,0,r,r_multiple,,ema,7.0,498,50094.99999999184,0.40963855421686746,1.1479888639819738,100.59236947789526,33661.30000000117,0.1806347394722628,45,0.40963855421686746,0.5863453815261044,1.5,
276,2,1,ltf,0,r,r_multiple,,none,0.0,559,36178.79999998951,0.32558139534883723,1.0817322756732435,64.72057245078625,59045.60000000266,0.10330926549759495,45,0.32558139534883723,0.554561717352415,2.0,
277,2,1,ltf,0,r,r_multiple,,none,5.0,577,40640.79999998907,0.3310225303292894,1.0914924502204155,70.4346620450417,50973.100000002894,0.118876711355637,45,0.3310225303292894,0.5563258232235702,2.0,
278,2,1,ltf,0,r,r_multiple,,none,7.0,559,36178.79999998951,0.32558139534883723,1.0817322756732435,64.72057245078625,59045.60000000266,0.10330926549759495,45,0.32558139534883723,0.554561717352415,2.0,
279,2,1,ltf,0,r,r_multiple,,ema,0.0,443,59531.299999991985,0.345372460496614,1.1737026927268244,134.3821670428713,38588.30000000176,0.19476507990116865,45,0.345372460496614,0.5756207674943566,2.0,
280,2,1,ltf,0,r,r_multiple,,ema,5.0,455,69641.7999999917,0.34945054945054943,1.2061221795820902,153.05890109888284,35408.800000001924,0.22799556335355484,45,0.34945054945054943,0.578021978021978,2.0,
281,2,1,ltf,0,r,r_multiple,,ema,7.0,443,59531.299999991985,0.345372460496614,1.1737026927268244,134.3821670428713,38588.30000000176,0.19476507990116865,45,0.345372460496614,0.5756207674943566,2.0,
282,2,1,ltf,0,atr,atr,,none,0.0,696,51168.549999986855,0.39080459770114945,1.1137052863011927,73.51803160917652,27478.01428571941,0.20187470775435212,45,0.39080459770114945,0.5545977011494253,,3.0
283,2,1,ltf,0,atr,atr,,none,5.0,692,48918.75714284403,0.38872832369942195,1.1097024730167957,70.69184558214455,27819.835714286502,0.19294290576843293,45,0.38872832369942195,0.5549132947976878,,3.0
284,2,1,ltf,0,atr,atr,,none,7.0,696,51168.549999986855,0.39080459770114945,1.1137052863011927,73.51803160917652,27478.01428571941,0.20187470775435212,45,0.39080459770114945,0.5545977011494253,,3.0
285,2,1,ltf,0,atr,atr,,ema,0.0,536,75500.41428570452,0.4085820895522388,1.2275185465342269,140.8589818763144,19362.807142857855,0.32978182150323637,45,0.4085820895522388,0.5914179104477612,,3.0
286,2,1,ltf,0,atr,atr,,ema,5.0,533,69162.4214285617,0.4052532833020638,1.2084191689156527,129.76064057891503,20003.200000000703,0.2976659340747926,45,0.4052532833020638,0.5928705440900562,,3.0
287,2,1,ltf,0,atr,atr,,ema,7.0,536,75500.41428570452,0.4085820895522388,1.2275185465342269,140.8589818763144,19362.807142857855,0.32978182150323637,45,0.4085820895522388,0.5914179104477612,,3.0
288,2,1,ltf,0,atr,atr,,none,0.0,557,-42530.778571439805,0.26570915619389585,0.9108335587336984,-76.35687355734255,75403.87142857915,-0.14092901696480536,45,0.26570915619389585,0.5368043087971275,,5.0
289,2,1,ltf,0,atr,atr,,none,5.0,570,-30619.692857154332,0.26666666666666666,0.9356371630436031,-53.71875939851637,63858.207142862564,-0.10039460505537436,45,0.26666666666666666,0.5421052631578948,,5.0
290,2,1,ltf,0,atr,atr,,none,7.0,557,-42530.778571439805,0.26570915619389585,0.9108335587336984,-76.35687355734255,75403.87142857915,-0.14092901696480536,45,0.26570915619389585,0.5368043087971275,,5.0
291,2,1,ltf,0,atr,atr,,ema,0.0,458,48795.14285713391,0.3034934497816594,1.133031899364254,106.53961322518322,37742.13571428717,0.1596257611781724,45,0.3034934497816594,0.5764192139737991,,5.0
292,2,1,ltf,0,atr,atr,,ema,5.0,463,49585.714285705166,0.3023758099352052,1.1348774567776927,107.09657513111267,33576.10000000167,0.16024107929100173,45,0.3023758099352052,0.5766738660907127,,5.0
293,2,1,ltf,0,atr,atr,,ema,7.0,458,48795.14285713391,0.3034934497816594,1.133031899364254,106.53961322518322,37742.13571428717,0.1596257611781724,45,0.3034934497816594,0.5764192139737991,,5.0
294,2,1,ltf,0,atr,atr,,none,0.0,399,31759.1571428486,0.20300751879699247,1.087716388880183,79.59688506979599,56617.12857143491,0.07135236963344038,45,0.20300751879699247,0.543859649122807,,8.0
295,2,1,ltf,0,atr,atr,,none,5.0,420,28967.199999990953,0.2,1.0783809906236512,68.96952380950226,46334.11428572107,0.07617565361312816,45,0.2,0.55,,8.0
296,2,1,ltf,0,atr,atr,,none,7.0,399,31759.1571428486,0.20300751879699247,1.087716388880183,79.59688506979599,56617.12857143491,0.07135236963344038,45,0.20300751879699247,0.543859649122807,,8.0
297,2,1,ltf,0,atr,atr,,ema,0.0,360,43274.657142849115,0.21666666666666667,1.131951303539336,120.20738095235865,29483.742857146644,0.13610295154224258,45,0.21666666666666667,0.5666666666666667,,8.0
298,2,1,ltf,0,atr,atr,,ema,5.0,362,54877.442857134796,0.21823204419889503,1.1739045542018816,151.5951460141845,27162.100000000457,0.1701266863709978,45,0.21823204419889503,0.5662983425414365,,8.0
299,2,1,ltf,0,atr,atr,,ema,7.0,360,43274.657142849115,0.21666666666666667,1.131951303539336,120.20738095235865,29483.742857146644,0.13610295154224258,45,0.21666666666666667,0.5666666666666667,,8.0
300,2,1,ltf,200,fixed,fixed_pips,1500.0,none,0.0,738,-16775.30000001352,0.3970189701897019,0.9633442471927698,-22.7307588076064,40141.900000009184,-0.06940377349418096,45,0.3970189701897019,0.5501355013550135,,
301,2,1,ltf,200,fixed,fixed_pips,1500.0,none,5.0,733,-18685.100000013474,0.3942701227830832,0.9588031207598682,-25.491268758544983,37718.10000001,-0.07710171712629325,45,0.3942701227830832,0.5497953615279673,,
302,2,1,ltf,200,fixed,fixed_pips,1500.0,none,7.0,738,-16775.30000001352,0.3970189701897019,0.9633442471927698,-22.7307588076064,40141.900000009184,-0.06940377349418096,45,0.3970189701897019,0.5501355013550135,,
303,2,1,ltf,200,fixed,fixed_pips,1500.0,ema,0.0,560,35352.3999999901,0.42142857142857143,1.1104606474335166,63.129285714268036,24931.50000000137,0.16051429516227075,45,0.42142857142857143,0.5910714285714286,,
304,2,1,ltf,200,fixed,fixed_pips,1500.0,ema,5.0,557,30853.899999990128,0.41831238779174146,1.0964048203190968,55.39299820465014,25751.10000000168,0.13901127460928145,45,0.41831238779174146,0.59245960502693,,
305,2,1,ltf,200,fixed,fixed_pips,1500.0,ema,7.0,560,35352.3999999901,0.42142857142857143,1.1104606474335166,63.129285714268036,24931.50000000137,0.16051429516227075,45,0.42142857142857143,0.5910714285714286,,
306,2,1,ltf,200,fixed,fixed_pips,2500.0,none,0.0,607,42269.099999988204,0.3245469522240527,1.093729731096132,69.63607907741056,36311.6000000019,0.14346450872481806,45,0.3245469522240527,0.5469522240527183,,
307,2,1,ltf,200,fixed,fixed_pips,2500.0,none,5.0,609,39532.09999998803,0.3218390804597701,1.0876144212812773,64.9131362889787,36665.0000000016,0.133655231119915,45,0.3218390804597701,0.548440065681445,,
308,2,1,ltf,200,fixed,fixed_pips,2500.0,none,7.0,607,42269.099999988204,0.3245469522240527,1.093729731096132,69.63607907741056,36311.6000000019,0.14346450872481806,45,0.3245469522240527,0.5469522240527183,,
309,2,1,ltf,200,fixed,fixed_pips,2500.0,ema,0.0,482,82316.29999999091,0.34232365145228216,1.248737296286538,170.780705394172,19578.20000000066,0.3504373529377374,45,0.34232365145228216,0.5850622406639004,,
310,2,1,ltf,200,fixed,fixed_pips,2500.0,ema,5.0,482,81581.99999999083,0.34024896265560167,1.2478404114572161,169.25726141076936,21025.200000000645,0.3316282924342733,45,0.34024896265560167,0.5871369294605809,,
311,2,1,ltf,200,fixed,fixed_pips,2500.0,ema,7.0,482,82316.29999999091,0.34232365145228216,1.248737296286538,170.780705394172,19578.20000000066,0.3504373529377374,45,0.34232365145228216,0.5850622406639004,,
312,2,1,ltf,200,fixed,fixed_pips,4000.0,none,0.0,466,24914.5999999904,0.23819742489270387,1.0594578095739464,53.46480686693219,46810.40000000404,0.08907409594890855,45,0.23819742489270387,0.5515021459227468,,
313,2,1,ltf,200,fixed,fixed_pips,4000.0,none,5.0,478,44172.89999999012,0.2384937238493724,1.1069276689192276,92.4119246861718,34970.00000000144,0.17936441691848673,45,0.2384937238493724,0.5585774058577406,,
314,2,1,ltf,200,fixed,fixed_pips,4000.0,none,7.0,466,24914.5999999904,0.23819742489270387,1.0594578095739464,53.46480686693219,46810.40000000404,0.08907409594890855,45,0.23819742489270387,0.5515021459227468,,
315,2,1,ltf,200,fixed,fixed_pips,4000.0,ema,0.0,380,57527.69999999236,0.25526315789473686,1.173367327104129,151.3886842105062,24226.600000001417,0.23461659010299346,45,0.25526315789473686,0.5868421052631579,,
316,2,1,ltf,200,fixed,fixed_pips,4000.0,ema,5.0,388,74221.7999999921,0.25773195876288657,1.2268878509729333,191.29329896905182,20928.200000000506,0.2892808280952031,45,0.25773195876288657,0.5876288659793815,,
317,2,1,ltf,200,fixed,fixed_pips,4000.0,ema,7.0,380,57527.69999999236,0.25526315789473686,1.173367327104129,151.3886842105062,24226.600000001417,0.23461659010299346,45,0.25526315789473686,0.5868421052631579,,
318,2,1,ltf,200,r,r_multiple,,none,0.0,786,18861.69999998801,0.5521628498727735,1.048708589809376,23.997073791333346,37380.200000008255,0.05988849155242789,45,0.5521628498727735,0.5597964376590331,0.75,
319,2,1,ltf,200,r,r_multiple,,none,5.0,794,15357.249999987767,0.5516372795969773,1.0396328402427621,19.341624685123133,32035.625000007672,0.05292902045915723,45,0.5516372795969773,0.5591939546599496,0.75,
320,2,1,ltf,200,r,r_multiple,,none,7.0,786,18861.69999998801,0.5521628498727735,1.048708589809376,23.997073791333346,37380.200000008255,0.05988849155242789,45,0.5521628498727735,0.5597964376590331,0.75,
321,2,1,ltf,200,r,r_multiple,,ema,0.0,585,54030.49999999106,0.576068376068376,1.2004352926075557,92.35982905981378,26036.55000000152,0.2253366007504321,45,0.576068376068376,0.5965811965811966,0.75,
322,2,1,ltf,200,r,r_multiple,,ema,5.0,591,54513.249999990876,0.5752961082910322,1.2028765366487943,92.23900169203193,24242.250000001448,0.21911392396593932,45,0.5752961082910322,0.5956006768189509,0.75,
323,2,1,ltf,200,r,r_multiple,,ema,7.0,585,54030.49999999106,0.576068376068376,1.2004352926075557,92.35982905981378,26036.55000000152,0.2253366007504321,45,0.576068376068376,0.5965811965811966,0.75,
324,2,1,ltf,200,r,r_multiple,,none,0.0,719,20440.59999998851,0.4812239221140473,1.0491531076765042,28.429207232251056,32520.10000000187,0.06611779802637777,45,0.4812239221140473,0.5549374130737135,1.0,
325,2,1,ltf,200,r,r_multiple,,none,5.0,732,18125.799999988154,0.4822404371584699,1.0433468561583725,24.762021857907314,30323.800000001436,0.05814775475895964,45,0.4822404371584699,0.5546448087431693,1.0,
326,2,1,ltf,200,r,r_multiple,,none,7.0,719,20440.59999998851,0.4812239221140473,1.0491531076765042,28.429207232251056,32520.10000000187,0.06611779802637777,45,0.4812239221140473,0.5549374130737135,1.0,
327,2,1,ltf,200,r,r_multiple,,ema,0.0,548,58090.89999999122,0.5072992700729927,1.193171305610261,106.0052919707869,27227.00000000145,0.22154312514131017,45,0.5072992700729927,0.5894160583941606,1.0,
328,2,1,ltf,200,r,r_multiple,,ema,5.0,559,52861.199999990946,0.5080500894454383,1.1738601907682198,94.56386404291761,25317.50000000171,0.1965672846810916,45,0.5080500894454383,0.590339892665474,1.0,
329,2,1,ltf,200,r,r_multiple,,ema,7.0,548,58090.89999999122,0.5072992700729927,1.193171305610261,106.0052919707869,27227.00000000145,0.22154312514131017,45,0.5072992700729927,0.5894160583941606,1.0,
330,2,1,ltf,200,r,r_multiple,,none,0.0,635,20641.599999989237,0.3858267716535433,1.0458512296239708,32.506456692896435,55998.500000007945,0.05848176650280348,45,0.3858267716535433,0.5511811023622047,1.5,
331,2,1,ltf,200,r,r_multiple,,none,5.0,648,36396.94999998883,0.3888888888888889,1.081587937423058,56.16813271603214,46657.00000000674,0.10987950390805903,45,0.3888888888888889,0.5509259259259259,1.5,
332,2,1,ltf,200,r,r_multiple,,none,7.0,635,20641.599999989237,0.3858267716535433,1.0458512296239708,32.506456692896435,55998.500000007945,0.05848176650280348,45,0.3858267716535433,0.5511811023622047,1.5,
333,2,1,ltf,200,r,r_multiple,,ema,0.0,498,50094.99999999184,0.40963855421686746,1.1479888639819738,100.59236947789526,33661.30000000117,0.1806347394722628,45,0.40963855421686746,0.5863453815261044,1.5,
334,2,1,ltf,200,r,r_multiple,,ema,5.0,510,62327.49999999146,0.4137254901960784,1.18446730671958,122.21078431370874,30687.1500000018,0.22166089143593326,45,0.4137254901960784,0.5843137254901961,1.5,
335,2,1,ltf,200,r,r_multiple,,ema,7.0,498,50094.99999999184,0.40963855421686746,1.1479888639819738,100.59236947789526,33661.30000000117,0.1806347394722628,45,0.40963855421686746,0.5863453815261044,1.5,
336,2,1,ltf,200,r,r_multiple,,none,0.0,559,36178.79999998951,0.32558139534883723,1.0817322756732435,64.72057245078625,59045.60000000266,0.10330926549759495,45,0.32558139534883723,0.554561717352415,2.0,
337,2,1,ltf,200,r,r_multiple,,none,5.0,577,40640.79999998907,0.3310225303292894,1.0914924502204155,70.4346620450417,50973.100000002894,0.118876711355637,45,0.3310225303292894,0.5563258232235702,2.0,
338,2,1,ltf,200,r,r_multiple,,none,7.0,559,36178.79999998951,0.32558139534883723,1.0817322756732435,64.72057245078625,59045.60000000266,0.10330926549759495,45,0.32558139534883723,0.554561717352415,2.0,
339,2,1,ltf,200,r,r_multiple,,ema,0.0,443,59531.299999991985,0.345372460496614,1.1737026927268244,134.3821670428713,38588.30000000176,0.19476507990116865,45,0.345372460496614,0.5756207674943566,2.0,
340,2,1,ltf,200,r,r_multiple,,ema,5.0,455,69641.7999999917,0.34945054945054943,1.2061221795820902,153.05890109888284,35408.800000001924,0.22799556335355484,45,0.34945054945054943,0.578021978021978,2.0,
341,2,1,ltf,200,r,r_multiple,,ema,7.0,443,59531.299999991985,0.345372460496614,1.1737026927268244,134.3821670428713,38588.30000000176,0.19476507990116865,45,0.345372460496614,0.5756207674943566,2.0,
342,2,1,ltf,200,atr,atr,,none,0.0,696,51168.549999986855,0.39080459770114945,1.1137052863011927,73.51803160917652,27478.01428571941,0.20187470775435212,45,0.39080459770114945,0.5545977011494253,,3.0
343,2,1,ltf,200,atr,atr,,none,5.0,692,48918.75714284403,0.38872832369942195,1.1097024730167957,70.69184558214455,27819.835714286502,0.19294290576843293,45,0.38872832369942195,0.5549132947976878,,3.0
344,2,1,ltf,200,atr,atr,,none,7.0,696,51168.549999986855,0.39080459770114945,1.1137052863011927,73.51803160917652,27478.01428571941,0.20187470775435212,45,0.39080459770114945,0.5545977011494253,,3.0
345,2,1,ltf,200,atr,atr,,ema,0.0,536,75500.41428570452,0.4085820895522388,1.2275185465342269,140.8589818763144,19362.807142857855,0.32978182150323637,45,0.4085820895522388,0.5914179104477612,,3.0
346,2,1,ltf,200,atr,atr,,ema,5.0,533,69162.4214285617,0.4052532833020638,1.2084191689156527,129.76064057891503,20003.200000000703,0.2976659340747926,45,0.4052532833020638,0.5928705440900562,,3.0
347,2,1,ltf,200,atr,atr,,ema,7.0,536,75500.41428570452,0.4085820895522388,1.2275185465342269,140.8589818763144,19362.807142857855,0.32978182150323637,45,0.4085820895522388,0.5914179104477612,,3.0
348,2,1,ltf,200,atr,atr,,none,0.0,557,-42530.778571439805,0.26570915619389585,0.9108335587336984,-76.35687355734255,75403.87142857915,-0.14092901696480536,45,0.26570915619389585,0.5368043087971275,,5.0
349,2,1,ltf,200,atr,atr,,none,5.0,570,-30619.692857154332,0.26666666666666666,0.9356371630436031,-53.71875939851637,63858.207142862564,-0.10039460505537436,45,0.26666666666666666,0.5421052631578948,,5.0
350,2,1,ltf,200,atr,atr,,none,7.0,557,-42530.778571439805,0.26570915619389585,0.9108335587336984,-76.35687355734255,75403.87142857915,-0.14092901696480536,45,0.26570915619389585,0.5368043087971275,,5.0
351,2,1,ltf,200,atr,atr,,ema,0.0,458,48795.14285713391,0.3034934497816594,1.133031899364254,106.53961322518322,37742.13571428717,0.1596257611781724,45,0.3034934497816594,0.5764192139737991,,5.0
352,2,1,ltf,200,atr,atr,,ema,5.0,463,49585.714285705166,0.3023758099352052,1.1348774567776927,107.09657513111267,33576.10000000167,0.16024107929100173,45,0.3023758099352052,0.5766738660907127,,5.0
353,2,1,ltf,200,atr,atr,,ema,7.0,458,48795.14285713391,0.3034934497816594,1.133031899364254,106.53961322518322,37742.13571428717,0.1596257611781724,45,0.3034934497816594,0.5764192139737991,,5.0
354,2,1,ltf,200,atr,atr,,none,0.0,399,31759.1571428486,0.20300751879699247,1.087716388880183,79.59688506979599,56617.12857143491,0.07135236963344038,45,0.20300751879699247,0.543859649122807,,8.0
355,2,1,ltf,200,atr,atr,,none,5.0,420,28967.199999990953,0.2,1.0783809906236512,68.96952380950226,46334.11428572107,0.07617565361312816,45,0.2,0.55,,8.0
356,2,1,ltf,200,atr,atr,,none,7.0,399,31759.1571428486,0.20300751879699247,1.087716388880183,79.59688506979599,56617.12857143491,0.07135236963344038,45,0.20300751879699247,0.543859649122807,,8.0
357,2,1,ltf,200,atr,atr,,ema,0.0,360,43274.657142849115,0.21666666666666667,1.131951303539336,120.20738095235865,29483.742857146644,0.13610295154224258,45,0.21666666666666667,0.5666666666666667,,8.0
358,2,1,ltf,200,atr,atr,,ema,5.0,362,54877.442857134796,0.21823204419889503,1.1739045542018816,151.5951460141845,27162.100000000457,0.1701266863709978,45,0.21823204419889503,0.5662983425414365,,8.0
359,2,1,ltf,200,atr,atr,,ema,7.0,360,43274.657142849115,0.21666666666666667,1.131951303539336,120.20738095235865,29483.742857146644,0.13610295154224258,45,0.21666666666666667,0.5666666666666667,,8.0
360,2,2,swing_h4,0,fixed,fixed_pips,1500.0,none,0.0,0,0.0,,inf,,0.0,,45,,,,
361,2,2,swing_h4,0,fixed,fixed_pips,1500.0,none,5.0,0,0.0,,inf,,0.0,,45,,,,
362,2,2,swing_h4,0,fixed,fixed_pips,1500.0,none,7.0,0,0.0,,inf,,0.0,,45,,,,
363,2,2,swing_h4,0,fixed,fixed_pips,1500.0,ema,0.0,0,0.0,,inf,,0.0,,45,,,,
364,2,2,swing_h4,0,fixed,fixed_pips,1500.0,ema,5.0,0,0.0,,inf,,0.0,,45,,,,
365,2,2,swing_h4,0,fixed,fixed_pips,1500.0,ema,7.0,0,0.0,,inf,,0.0,,45,,,,
366,2,2,swing_h4,0,fixed,fixed_pips,2500.0,none,0.0,0,0.0,,inf,,0.0,,45,,,,
367,2,2,swing_h4,0,fixed,fixed_pips,2500.0,none,5.0,0,0.0,,inf,,0.0,,45,,,,
368,2,2,swing_h4,0,fixed,fixed_pips,2500.0,none,7.0,0,0.0,,inf,,0.0,,45,,,,
369,2,2,swing_h4,0,fixed,fixed_pips,2500.0,ema,0.0,0,0.0,,inf,,0.0,,45,,,,
370,2,2,swing_h4,0,fixed,fixed_pips,2500.0,ema,5.0,0,0.0,,inf,,0.0,,45,,,,
371,2,2,swing_h4,0,fixed,fixed_pips,2500.0,ema,7.0,0,0.0,,inf,,0.0,,45,,,,
372,2,2,swing_h4,0,fixed,fixed_pips,4000.0,none,0.0,0,0.0,,inf,,0.0,,45,,,,
373,2,2,swing_h4,0,fixed,fixed_pips,4000.0,none,5.0,0,0.0,,inf,,0.0,,45,,,,
374,2,2,swing_h4,0,fixed,fixed_pips,4000.0,none,7.0,0,0.0,,inf,,0.0,,45,,,,
375,2,2,swing_h4,0,fixed,fixed_pips,4000.0,ema,0.0,0,0.0,,inf,,0.0,,45,,,,
376,2,2,swing_h4,0,fixed,fixed_pips,4000.0,ema,5.0,0,0.0,,inf,,0.0,,45,,,,
377,2,2,swing_h4,0,fixed,fixed_pips,4000.0,ema,7.0,0,0.0,,inf,,0.0,,45,,,,
378,2,2,swing_h4,0,r,r_multiple,,none,0.0,0,0.0,,inf,,0.0,,45,,,0.75,
379,2,2,swing_h4,0,r,r_multiple,,none,5.0,0,0.0,,inf,,0.0,,45,,,0.75,
380,2,2,swing_h4,0,r,r_multiple,,none,7.0,0,0.0,,inf,,0.0,,45,,,0.75,
381,2,2,swing_h4,0,r,r_multiple,,ema,0.0,0,0.0,,inf,,0.0,,45,,,0.75,
382,2,2,swing_h4,0,r,r_multiple,,ema,5.0,0,0.0,,inf,,0.0,,45,,,0.75,
383,2,2,swing_h4,0,r,r_multiple,,ema,7.0,0,0.0,,inf,,0.0,,45,,,0.75,
384,2,2,swing_h4,0,r,r_multiple,,none,0.0,0,0.0,,inf,,0.0,,45,,,1.0,
385,2,2,swing_h4,0,r,r_multiple,,none,5.0,0,0.0,,inf,,0.0,,45,,,1.0,
386,2,2,swing_h4,0,r,r_multiple,,none,7.0,0,0.0,,inf,,0.0,,45,,,1.0,
387,2,2,swing_h4,0,r,r_multiple,,ema,0.0,0,0.0,,inf,,0.0,,45,,,1.0,
388,2,2,swing_h4,0,r,r_multiple,,ema,5.0,0,0.0,,inf,,0.0,,45,,,1.0,
389,2,2,swing_h4,0,r,r_multiple,,ema,7.0,0,0.0,,inf,,0.0,,45,,,1.0,
390,2,2,swing_h4,0,r,r_multiple,,none,0.0,0,0.0,,inf,,0.0,,45,,,1.5,
391,2,2,swing_h4,0,r,r_multiple,,none,5.0,0,0.0,,inf,,0.0,,45,,,1.5,
392,2,2,swing_h4,0,r,r_multiple,,none,7.0,0,0.0,,inf,,0.0,,45,,,1.5,
393,2,2,swing_h4,0,r,r_multiple,,ema,0.0,0,0.0,,inf,,0.0,,45,,,1.5,
394,2,2,swing_h4,0,r,r_multiple,,ema,5.0,0,0.0,,inf,,0.0,,45,,,1.5,
395,2,2,swing_h4,0,r,r_multiple,,ema,7.0,0,0.0,,inf,,0.0,,45,,,1.5,
396,2,2,swing_h4,0,r,r_multiple,,none,0.0,0,0.0,,inf,,0.0,,45,,,2.0,
397,2,2,swing_h4,0,r,r_multiple,,none,5.0,0,0.0,,inf,,0.0,,45,,,2.0,
398,2,2,swing_h4,0,r,r_multiple,,none,7.0,0,0.0,,inf,,0.0,,45,,,2.0,
399,2,2,swing_h4,0,r,r_multiple,,ema,0.0,0,0.0,,inf,,0.0,,45,,,2.0,
400,2,2,swing_h4,0,r,r_multiple,,ema,5.0,0,0.0,,inf,,0.0,,45,,,2.0,
401,2,2,swing_h4,0,r,r_multiple,,ema,7.0,0,0.0,,inf,,0.0,,45,,,2.0,
402,2,2,swing_h4,0,atr,atr,,none,0.0,0,0.0,,inf,,0.0,,45,,,,3.0
403,2,2,swing_h4,0,atr,atr,,none,5.0,0,0.0,,inf,,0.0,,45,,,,3.0
404,2,2,swing_h4,0,atr,atr,,none,7.0,0,0.0,,inf,,0.0,,45,,,,3.0
405,2,2,swing_h4,0,atr,atr,,ema,0.0,0,0.0,,inf,,0.0,,45,,,,3.0
406,2,2,swing_h4,0,atr,atr,,ema,5.0,0,0.0,,inf,,0.0,,45,,,,3.0
407,2,2,swing_h4,0,atr,atr,,ema,7.0,0,0.0,,inf,,0.0,,45,,,,3.0
408,2,2,swing_h4,0,atr,atr,,none,0.0,0,0.0,,inf,,0.0,,45,,,,5.0
409,2,2,swing_h4,0,atr,atr,,none,5.0,0,0.0,,inf,,0.0,,45,,,,5.0
410,2,2,swing_h4,0,atr,atr,,none,7.0,0,0.0,,inf,,0.0,,45,,,,5.0
411,2,2,swing_h4,0,atr,atr,,ema,0.0,0,0.0,,inf,,0.0,,45,,,,5.0
412,2,2,swing_h4,0,atr,atr,,ema,5.0,0,0.0,,inf,,0.0,,45,,,,5.0
413,2,2,swing_h4,0,atr,atr,,ema,7.0,0,0.0,,inf,,0.0,,45,,,,5.0
414,2,2,swing_h4,0,atr,atr,,none,0.0,0,0.0,,inf,,0.0,,45,,,,8.0
415,2,2,swing_h4,0,atr,atr,,none,5.0,0,0.0,,inf,,0.0,,45,,,,8.0
416,2,2,swing_h4,0,atr,atr,,none,7.0,0,0.0,,inf,,0.0,,45,,,,8.0
417,2,2,swing_h4,0,atr,atr,,ema,0.0,0,0.0,,inf,,0.0,,45,,,,8.0
418,2,2,swing_h4,0,atr,atr,,ema,5.0,0,0.0,,inf,,0.0,,45,,,,8.0
419,2,2,swing_h4,0,atr,atr,,ema,7.0,0,0.0,,inf,,0.0,,45,,,,8.0
420,2,2,swing_h4,200,fixed,fixed_pips,1500.0,none,0.0,0,0.0,,inf,,0.0,,45,,,,
421,2,2,swing_h4,200,fixed,fixed_pips,1500.0,none,5.0,0,0.0,,inf,,0.0,,45,,,,
422,2,2,swing_h4,200,fixed,fixed_pips,1500.0,none,7.0,0,0.0,,inf,,0.0,,45,,,,
423,2,2,swing_h4,200,fixed,fixed_pips,1500.0,ema,0.0,0,0.0,,inf,,0.0,,45,,,,
424,2,2,swing_h4,200,fixed,fixed_pips,1500.0,ema,5.0,0,0.0,,inf,,0.0,,45,,,,
425,2,2,swing_h4,200,fixed,fixed_pips,1500.0,ema,7.0,0,0.0,,inf,,0.0,,45,,,,
426,2,2,swing_h4,200,fixed,fixed_pips,2500.0,none,0.0,0,0.0,,inf,,0.0,,45,,,,
427,2,2,swing_h4,200,fixed,fixed_pips,2500.0,none,5.0,0,0.0,,inf,,0.0,,45,,,,
428,2,2,swing_h4,200,fixed,fixed_pips,2500.0,none,7.0,0,0.0,,inf,,0.0,,45,,,,
429,2,2,swing_h4,200,fixed,fixed_pips,2500.0,ema,0.0,0,0.0,,inf,,0.0,,45,,,,
430,2,2,swing_h4,200,fixed,fixed_pips,2500.0,ema,5.0,0,0.0,,inf,,0.0,,45,,,,
431,2,2,swing_h4,200,fixed,fixed_pips,2500.0,ema,7.0,0,0.0,,inf,,0.0,,45,,,,
432,2,2,swing_h4,200,fixed,fixed_pips,4000.0,none,0.0,0,0.0,,inf,,0.0,,45,,,,
433,2,2,swing_h4,200,fixed,fixed_pips,4000.0,none,5.0,0,0.0,,inf,,0.0,,45,,,,
434,2,2,swing_h4,200,fixed,fixed_pips,4000.0,none,7.0,0,0.0,,inf,,0.0,,45,,,,
435,2,2,swing_h4,200,fixed,fixed_pips,4000.0,ema,0.0,0,0.0,,inf,,0.0,,45,,,,
436,2,2,swing_h4,200,fixed,fixed_pips,4000.0,ema,5.0,0,0.0,,inf,,0.0,,45,,,,
437,2,2,swing_h4,200,fixed,fixed_pips,4000.0,ema,7.0,0,0.0,,inf,,0.0,,45,,,,
438,2,2,swing_h4,200,r,r_multiple,,none,0.0,0,0.0,,inf,,0.0,,45,,,0.75,
439,2,2,swing_h4,200,r,r_multiple,,none,5.0,0,0.0,,inf,,0.0,,45,,,0.75,
440,2,2,swing_h4,200,r,r_multiple,,none,7.0,0,0.0,,inf,,0.0,,45,,,0.75,
441,2,2,swing_h4,200,r,r_multiple,,ema,0.0,0,0.0,,inf,,0.0,,45,,,0.75,
442,2,2,swing_h4,200,r,r_multiple,,ema,5.0,0,0.0,,inf,,0.0,,45,,,0.75,
443,2,2,swing_h4,200,r,r_multiple,,ema,7.0,0,0.0,,inf,,0.0,,45,,,0.75,
444,2,2,swing_h4,200,r,r_multiple,,none,0.0,0,0.0,,inf,,0.0,,45,,,1.0,
445,2,2,swing_h4,200,r,r_multiple,,none,5.0,0,0.0,,inf,,0.0,,45,,,1.0,
446,2,2,swing_h4,200,r,r_multiple,,none,7.0,0,0.0,,inf,,0.0,,45,,,1.0,
447,2,2,swing_h4,200,r,r_multiple,,ema,0.0,0,0.0,,inf,,0.0,,45,,,1.0,
448,2,2,swing_h4,200,r,r_multiple,,ema,5.0,0,0.0,,inf,,0.0,,45,,,1.0,
449,2,2,swing_h4,200,r,r_multiple,,ema,7.0,0,0.0,,inf,,0.0,,45,,,1.0,
450,2,2,swing_h4,200,r,r_multiple,,none,0.0,0,0.0,,inf,,0.0,,45,,,1.5,
451,2,2,swing_h4,200,r,r_multiple,,none,5.0,0,0.0,,inf,,0.0,,45,,,1.5,
452,2,2,swing_h4,200,r,r_multiple,,none,7.0,0,0.0,,inf,,0.0,,45,,,1.5,
453,2,2,swing_h4,200,r,r_multiple,,ema,0.0,0,0.0,,inf,,0.0,,45,,,1.5,
454,2,2,swing_h4,200,r,r_multiple,,ema,5.0,0,0.0,,inf,,0.0,,45,,,1.5,
455,2,2,swing_h4,200,r,r_multiple,,ema,7.0,0,0.0,,inf,,0.0,,45,,,1.5,
456,2,2,swing_h4,200,r,r_multiple,,none,0.0,0,0.0,,inf,,0.0,,45,,,2.0,
457,2,2,swing_h4,200,r,r_multiple,,none,5.0,0,0.0,,inf,,0.0,,45,,,2.0,
458,2,2,swing_h4,200,r,r_multiple,,none,7.0,0,0.0,,inf,,0.0,,45,,,2.0,
459,2,2,swing_h4,200,r,r_multiple,,ema,0.0,0,0.0,,inf,,0.0,,45,,,2.0,
460,2,2,swing_h4,200,r,r_multiple,,ema,5.0,0,0.0,,inf,,0.0,,45,,,2.0,
461,2,2,swing_h4,200,r,r_multiple,,ema,7.0,0,0.0,,inf,,0.0,,45,,,2.0,
462,2,2,swing_h4,200,atr,atr,,none,0.0,0,0.0,,inf,,0.0,,45,,,,3.0
463,2,2,swing_h4,200,atr,atr,,none,5.0,0,0.0,,inf,,0.0,,45,,,,3.0
464,2,2,swing_h4,200,atr,atr,,none,7.0,0,0.0,,inf,,0.0,,45,,,,3.0
465,2,2,swing_h4,200,atr,atr,,ema,0.0,0,0.0,,inf,,0.0,,45,,,,3.0
466,2,2,swing_h4,200,atr,atr,,ema,5.0,0,0.0,,inf,,0.0,,45,,,,3.0
467,2,2,swing_h4,200,atr,atr,,ema,7.0,0,0.0,,inf,,0.0,,45,,,,3.0
468,2,2,swing_h4,200,atr,atr,,none,0.0,0,0.0,,inf,,0.0,,45,,,,5.0
469,2,2,swing_h4,200,atr,atr,,none,5.0,0,0.0,,inf,,0.0,,45,,,,5.0
470,2,2,swing_h4,200,atr,atr,,none,7.0,0,0.0,,inf,,0.0,,45,,,,5.0
471,2,2,swing_h4,200,atr,atr,,ema,0.0,0,0.0,,inf,,0.0,,45,,,,5.0
472,2,2,swing_h4,200,atr,atr,,ema,5.0,0,0.0,,inf,,0.0,,45,,,,5.0
473,2,2,swing_h4,200,atr,atr,,ema,7.0,0,0.0,,inf,,0.0,,45,,,,5.0
474,2,2,swing_h4,200,atr,atr,,none,0.0,0,0.0,,inf,,0.0,,45,,,,8.0
475,2,2,swing_h4,200,atr,atr,,none,5.0,0,0.0,,inf,,0.0,,45,,,,8.0
476,2,2,swing_h4,200,atr,atr,,none,7.0,0,0.0,,inf,,0.0,,45,,,,8.0
477,2,2,swing_h4,200,atr,atr,,ema,0.0,0,0.0,,inf,,0.0,,45,,,,8.0
478,2,2,swing_h4,200,atr,atr,,ema,5.0,0,0.0,,inf,,0.0,,45,,,,8.0
479,2,2,swing_h4,200,atr,atr,,ema,7.0,0,0.0,,inf,,0.0,,45,,,,8.0
480,2,2,swing_d1,0,fixed,fixed_pips,1500.0,none,0.0,0,0.0,,inf,,0.0,,45,,,,
481,2,2,swing_d1,0,fixed,fixed_pips,1500.0,none,5.0,0,0.0,,inf,,0.0,,45,,,,
482,2,2,swing_d1,0,fixed,fixed_pips,1500.0,none,7.0,0,0.0,,inf,,0.0,,45,,,,
483,2,2,swing_d1,0,fixed,fixed_pips,1500.0,ema,0.0,0,0.0,,inf,,0.0,,45,,,,
484,2,2,swing_d1,0,fixed,fixed_pips,1500.0,ema,5.0,0,0.0,,inf,,0.0,,45,,,,
485,2,2,swing_d1,0,fixed,fixed_pips,1500.0,ema,7.0,0,0.0,,inf,,0.0,,45,,,,
486,2,2,swing_d1,0,fixed,fixed_pips,2500.0,none,0.0,0,0.0,,inf,,0.0,,45,,,,
487,2,2,swing_d1,0,fixed,fixed_pips,2500.0,none,5.0,0,0.0,,inf,,0.0,,45,,,,
488,2,2,swing_d1,0,fixed,fixed_pips,2500.0,none,7.0,0,0.0,,inf,,0.0,,45,,,,
489,2,2,swing_d1,0,fixed,fixed_pips,2500.0,ema,0.0,0,0.0,,inf,,0.0,,45,,,,
490,2,2,swing_d1,0,fixed,fixed_pips,2500.0,ema,5.0,0,0.0,,inf,,0.0,,45,,,,
491,2,2,swing_d1,0,fixed,fixed_pips,2500.0,ema,7.0,0,0.0,,inf,,0.0,,45,,,,
492,2,2,swing_d1,0,fixed,fixed_pips,4000.0,none,0.0,0,0.0,,inf,,0.0,,45,,,,
493,2,2,swing_d1,0,fixed,fixed_pips,4000.0,none,5.0,0,0.0,,inf,,0.0,,45,,,,
494,2,2,swing_d1,0,fixed,fixed_pips,4000.0,none,7.0,0,0.0,,inf,,0.0,,45,,,,
495,2,2,swing_d1,0,fixed,fixed_pips,4000.0,ema,0.0,0,0.0,,inf,,0.0,,45,,,,
496,2,2,swing_d1,0,fixed,fixed_pips,4000.0,ema,5.0,0,0.0,,inf,,0.0,,45,,,,
497,2,2,swing_d1,0,fixed,fixed_pips,4000.0,ema,7.0,0,0.0,,inf,,0.0,,45,,,,
498,2,2,swing_d1,0,r,r_multiple,,none,0.0,0,0.0,,inf,,0.0,,45,,,0.75,
499,2,2,swing_d1,0,r,r_multiple,,none,5.0,0,0.0,,inf,,0.0,,45,,,0.75,
500,2,2,swing_d1,0,r,r_multiple,,none,7.0,0,0.0,,inf,,0.0,,45,,,0.75,
501,2,2,swing_d1,0,r,r_multiple,,ema,0.0,0,0.0,,inf,,0.0,,45,,,0.75,
502,2,2,swing_d1,0,r,r_multiple,,ema,5.0,0,0.0,,inf,,0.0,,45,,,0.75,
503,2,2,swing_d1,0,r,r_multiple,,ema,7.0,0,0.0,,inf,,0.0,,45,,,0.75,
504,2,2,swing_d1,0,r,r_multiple,,none,0.0,0,0.0,,inf,,0.0,,45,,,1.0,
505,2,2,swing_d1,0,r,r_multiple,,none,5.0,0,0.0,,inf,,0.0,,45,,,1.0,
506,2,2,swing_d1,0,r,r_multiple,,none,7.0,0,0.0,,inf,,0.0,,45,,,1.0,
507,2,2,swing_d1,0,r,r_multiple,,ema,0.0,0,0.0,,inf,,0.0,,45,,,1.0,
508,2,2,swing_d1,0,r,r_multiple,,ema,5.0,0,0.0,,inf,,0.0,,45,,,1.0,
509,2,2,swing_d1,0,r,r_multiple,,ema,7.0,0,0.0,,inf,,0.0,,45,,,1.0,
510,2,2,swing_d1,0,r,r_multiple,,none,0.0,0,0.0,,inf,,0.0,,45,,,1.5,
511,2,2,swing_d1,0,r,r_multiple,,none,5.0,0,0.0,,inf,,0.0,,45,,,1.5,
512,2,2,swing_d1,0,r,r_multiple,,none,7.0,0,0.0,,inf,,0.0,,45,,,1.5,
513,2,2,swing_d1,0,r,r_multiple,,ema,0.0,0,0.0,,inf,,0.0,,45,,,1.5,
514,2,2,swing_d1,0,r,r_multiple,,ema,5.0,0,0.0,,inf,,0.0,,45,,,1.5,
515,2,2,swing_d1,0,r,r_multiple,,ema,7.0,0,0.0,,inf,,0.0,,45,,,1.5,
516,2,2,swing_d1,0,r,r_multiple,,none,0.0,0,0.0,,inf,,0.0,,45,,,2.0,
517,2,2,swing_d1,0,r,r_multiple,,none,5.0,0,0.0,,inf,,0.0,,45,,,2.0,
518,2,2,swing_d1,0,r,r_multiple,,none,7.0,0,0.0,,inf,,0.0,,45,,,2.0,
519,2,2,swing_d1,0,r,r_multiple,,ema,0.0,0,0.0,,inf,,0.0,,45,,,2.0,
520,2,2,swing_d1,0,r,r_multiple,,ema,5.0,0,0.0,,inf,,0.0,,45,,,2.0,
521,2,2,swing_d1,0,r,r_multiple,,ema,7.0,0,0.0,,inf,,0.0,,45,,,2.0,
522,2,2,swing_d1,0,atr,atr,,none,0.0,0,0.0,,inf,,0.0,,45,,,,3.0
523,2,2,swing_d1,0,atr,atr,,none,5.0,0,0.0,,inf,,0.0,,45,,,,3.0
524,2,2,swing_d1,0,atr,atr,,none,7.0,0,0.0,,inf,,0.0,,45,,,,3.0
525,2,2,swing_d1,0,atr,atr,,ema,0.0,0,0.0,,inf,,0.0,,45,,,,3.0
526,2,2,swing_d1,0,atr,atr,,ema,5.0,0,0.0,,inf,,0.0,,45,,,,3.0
527,2,2,swing_d1,0,atr,atr,,ema,7.0,0,0.0,,inf,,0.0,,45,,,,3.0
528,2,2,swing_d1,0,atr,atr,,none,0.0,0,0.0,,inf,,0.0,,45,,,,5.0
529,2,2,swing_d1,0,atr,atr,,none,5.0,0,0.0,,inf,,0.0,,45,,,,5.0
530,2,2,swing_d1,0,atr,atr,,none,7.0,0,0.0,,inf,,0.0,,45,,,,5.0
531,2,2,swing_d1,0,atr,atr,,ema,0.0,0,0.0,,inf,,0.0,,45,,,,5.0
532,2,2,swing_d1,0,atr,atr,,ema,5.0,0,0.0,,inf,,0.0,,45,,,,5.0
533,2,2,swing_d1,0,atr,atr,,ema,7.0,0,0.0,,inf,,0.0,,45,,,,5.0
534,2,2,swing_d1,0,atr,atr,,none,0.0,0,0.0,,inf,,0.0,,45,,,,8.0
535,2,2,swing_d1,0,atr,atr,,none,5.0,0,0.0,,inf,,0.0,,45,,,,8.0
536,2,2,swing_d1,0,atr,atr,,none,7.0,0,0.0,,inf,,0.0,,45,,,,8.0
537,2,2,swing_d1,0,atr,atr,,ema,0.0,0,0.0,,inf,,0.0,,45,,,,8.0
538,2,2,swing_d1,0,atr,atr,,ema,5.0,0,0.0,,inf,,0.0,,45,,,,8.0
539,2,2,swing_d1,0,atr,atr,,ema,7.0,0,0.0,,inf,,0.0,,45,,,,8.0
540,2,2,swing_d1,200,fixed,fixed_pips,1500.0,none,0.0,0,0.0,,inf,,0.0,,45,,,,
541,2,2,swing_d1,200,fixed,fixed_pips,1500.0,none,5.0,0,0.0,,inf,,0.0,,45,,,,
542,2,2,swing_d1,200,fixed,fixed_pips,1500.0,none,7.0,0,0.0,,inf,,0.0,,45,,,,
543,2,2,swing_d1,200,fixed,fixed_pips,1500.0,ema,0.0,0,0.0,,inf,,0.0,,45,,,,
544,2,2,swing_d1,200,fixed,fixed_pips,1500.0,ema,5.0,0,0.0,,inf,,0.0,,45,,,,
545,2,2,swing_d1,200,fixed,fixed_pips,1500.0,ema,7.0,0,0.0,,inf,,0.0,,45,,,,
546,2,2,swing_d1,200,fixed,fixed_pips,2500.0,none,0.0,0,0.0,,inf,,0.0,,45,,,,
547,2,2,swing_d1,200,fixed,fixed_pips,2500.0,none,5.0,0,0.0,,inf,,0.0,,45,,,,
548,2,2,swing_d1,200,fixed,fixed_pips,2500.0,none,7.0,0,0.0,,inf,,0.0,,45,,,,
549,2,2,swing_d1,200,fixed,fixed_pips,2500.0,ema,0.0,0,0.0,,inf,,0.0,,45,,,,
550,2,2,swing_d1,200,fixed,fixed_pips,2500.0,ema,5.0,0,0.0,,inf,,0.0,,45,,,,
551,2,2,swing_d1,200,fixed,fixed_pips,2500.0,ema,7.0,0,0.0,,inf,,0.0,,45,,,,
552,2,2,swing_d1,200,fixed,fixed_pips,4000.0,none,0.0,0,0.0,,inf,,0.0,,45,,,,
553,2,2,swing_d1,200,fixed,fixed_pips,4000.0,none,5.0,0,0.0,,inf,,0.0,,45,,,,
554,2,2,swing_d1,200,fixed,fixed_pips,4000.0,none,7.0,0,0.0,,inf,,0.0,,45,,,,
555,2,2,swing_d1,200,fixed,fixed_pips,4000.0,ema,0.0,0,0.0,,inf,,0.0,,45,,,,
556,2,2,swing_d1,200,fixed,fixed_pips,4000.0,ema,5.0,0,0.0,,inf,,0.0,,45,,,,
557,2,2,swing_d1,200,fixed,fixed_pips,4000.0,ema,7.0,0,0.0,,inf,,0.0,,45,,,,
558,2,2,swing_d1,200,r,r_multiple,,none,0.0,0,0.0,,inf,,0.0,,45,,,0.75,
559,2,2,swing_d1,200,r,r_multiple,,none,5.0,0,0.0,,inf,,0.0,,45,,,0.75,
560,2,2,swing_d1,200,r,r_multiple,,none,7.0,0,0.0,,inf,,0.0,,45,,,0.75,
561,2,2,swing_d1,200,r,r_multiple,,ema,0.0,0,0.0,,inf,,0.0,,45,,,0.75,
562,2,2,swing_d1,200,r,r_multiple,,ema,5.0,0,0.0,,inf,,0.0,,45,,,0.75,
563,2,2,swing_d1,200,r,r_multiple,,ema,7.0,0,0.0,,inf,,0.0,,45,,,0.75,
564,2,2,swing_d1,200,r,r_multiple,,none,0.0,0,0.0,,inf,,0.0,,45,,,1.0,
565,2,2,swing_d1,200,r,r_multiple,,none,5.0,0,0.0,,inf,,0.0,,45,,,1.0,
566,2,2,swing_d1,200,r,r_multiple,,none,7.0,0,0.0,,inf,,0.0,,45,,,1.0,
567,2,2,swing_d1,200,r,r_multiple,,ema,0.0,0,0.0,,inf,,0.0,,45,,,1.0,
568,2,2,swing_d1,200,r,r_multiple,,ema,5.0,0,0.0,,inf,,0.0,,45,,,1.0,
569,2,2,swing_d1,200,r,r_multiple,,ema,7.0,0,0.0,,inf,,0.0,,45,,,1.0,
570,2,2,swing_d1,200,r,r_multiple,,none,0.0,0,0.0,,inf,,0.0,,45,,,1.5,
571,2,2,swing_d1,200,r,r_multiple,,none,5.0,0,0.0,,inf,,0.0,,45,,,1.5,
572,2,2,swing_d1,200,r,r_multiple,,none,7.0,0,0.0,,inf,,0.0,,45,,,1.5,
573,2,2,swing_d1,200,r,r_multiple,,ema,0.0,0,0.0,,inf,,0.0,,45,,,1.5,
574,2,2,swing_d1,200,r,r_multiple,,ema,5.0,0,0.0,,inf,,0.0,,45,,,1.5,
575,2,2,swing_d1,200,r,r_multiple,,ema,7.0,0,0.0,,inf,,0.0,,45,,,1.5,
576,2,2,swing_d1,200,r,r_multiple,,none,0.0,0,0.0,,inf,,0.0,,45,,,2.0,
577,2,2,swing_d1,200,r,r_multiple,,none,5.0,0,0.0,,inf,,0.0,,45,,,2.0,
578,2,2,swing_d1,200,r,r_multiple,,none,7.0,0,0.0,,inf,,0.0,,45,,,2.0,
579,2,2,swing_d1,200,r,r_multiple,,ema,0.0,0,0.0,,inf,,0.0,,45,,,2.0,
580,2,2,swing_d1,200,r,r_multiple,,ema,5.0,0,0.0,,inf,,0.0,,45,,,2.0,
581,2,2,swing_d1,200,r,r_multiple,,ema,7.0,0,0.0,,inf,,0.0,,45,,,2.0,
582,2,2,swing_d1,200,atr,atr,,none,0.0,0,0.0,,inf,,0.0,,45,,,,3.0
583,2,2,swing_d1,200,atr,atr,,none,5.0,0,0.0,,inf,,0.0,,45,,,,3.0
584,2,2,swing_d1,200,atr,atr,,none,7.0,0,0.0,,inf,,0.0,,45,,,,3.0
585,2,2,swing_d1,200,atr,atr,,ema,0.0,0,0.0,,inf,,0.0,,45,,,,3.0
586,2,2,swing_d1,200,atr,atr,,ema,5.0,0,0.0,,inf,,0.0,,45,,,,3.0
587,2,2,swing_d1,200,atr,atr,,ema,7.0,0,0.0,,inf,,0.0,,45,,,,3.0
588,2,2,swing_d1,200,atr,atr,,none,0.0,0,0.0,,inf,,0.0,,45,,,,5.0
589,2,2,swing_d1,200,atr,atr,,none,5.0,0,0.0,,inf,,0.0,,45,,,,5.0
590,2,2,swing_d1,200,atr,atr,,none,7.0,0,0.0,,inf,,0.0,,45,,,,5.0
591,2,2,swing_d1,200,atr,atr,,ema,0.0,0,0.0,,inf,,0.0,,45,,,,5.0
592,2,2,swing_d1,200,atr,atr,,ema,5.0,0,0.0,,inf,,0.0,,45,,,,5.0
593,2,2,swing_d1,200,atr,atr,,ema,7.0,0,0.0,,inf,,0.0,,45,,,,5.0
594,2,2,swing_d1,200,atr,atr,,none,0.0,0,0.0,,inf,,0.0,,45,,,,8.0
595,2,2,swing_d1,200,atr,atr,,none,5.0,0,0.0,,inf,,0.0,,45,,,,8.0
596,2,2,swing_d1,200,atr,atr,,none,7.0,0,0.0,,inf,,0.0,,45,,,,8.0
597,2,2,swing_d1,200,atr,atr,,ema,0.0,0,0.0,,inf,,0.0,,45,,,,8.0
598,2,2,swing_d1,200,atr,atr,,ema,5.0,0,0.0,,inf,,0.0,,45,,,,8.0
599,2,2,swing_d1,200,atr,atr,,ema,7.0,0,0.0,,inf,,0.0,,45,,,,8.0
600,2,2,ltf,0,fixed,fixed_pips,1500.0,none,0.0,0,0.0,,inf,,0.0,,45,,,,
601,2,2,ltf,0,fixed,fixed_pips,1500.0,none,5.0,0,0.0,,inf,,0.0,,45,,,,
602,2,2,ltf,0,fixed,fixed_pips,1500.0,none,7.0,0,0.0,,inf,,0.0,,45,,,,
603,2,2,ltf,0,fixed,fixed_pips,1500.0,ema,0.0,0,0.0,,inf,,0.0,,45,,,,
604,2,2,ltf,0,fixed,fixed_pips,1500.0,ema,5.0,0,0.0,,inf,,0.0,,45,,,,
605,2,2,ltf,0,fixed,fixed_pips,1500.0,ema,7.0,0,0.0,,inf,,0.0,,45,,,,
606,2,2,ltf,0,fixed,fixed_pips,2500.0,none,0.0,0,0.0,,inf,,0.0,,45,,,,
607,2,2,ltf,0,fixed,fixed_pips,2500.0,none,5.0,0,0.0,,inf,,0.0,,45,,,,
608,2,2,ltf,0,fixed,fixed_pips,2500.0,none,7.0,0,0.0,,inf,,0.0,,45,,,,
609,2,2,ltf,0,fixed,fixed_pips,2500.0,ema,0.0,0,0.0,,inf,,0.0,,45,,,,
610,2,2,ltf,0,fixed,fixed_pips,2500.0,ema,5.0,0,0.0,,inf,,0.0,,45,,,,
611,2,2,ltf,0,fixed,fixed_pips,2500.0,ema,7.0,0,0.0,,inf,,0.0,,45,,,,
612,2,2,ltf,0,fixed,fixed_pips,4000.0,none,0.0,0,0.0,,inf,,0.0,,45,,,,
613,2,2,ltf,0,fixed,fixed_pips,4000.0,none,5.0,0,0.0,,inf,,0.0,,45,,,,
614,2,2,ltf,0,fixed,fixed_pips,4000.0,none,7.0,0,0.0,,inf,,0.0,,45,,,,
615,2,2,ltf,0,fixed,fixed_pips,4000.0,ema,0.0,0,0.0,,inf,,0.0,,45,,,,
616,2,2,ltf,0,fixed,fixed_pips,4000.0,ema,5.0,0,0.0,,inf,,0.0,,45,,,,
617,2,2,ltf,0,fixed,fixed_pips,4000.0,ema,7.0,0,0.0,,inf,,0.0,,45,,,,
618,2,2,ltf,0,r,r_multiple,,none,0.0,0,0.0,,inf,,0.0,,45,,,0.75,
619,2,2,ltf,0,r,r_multiple,,none,5.0,0,0.0,,inf,,0.0,,45,,,0.75,
620,2,2,ltf,0,r,r_multiple,,none,7.0,0,0.0,,inf,,0.0,,45,,,0.75,
621,2,2,ltf,0,r,r_multiple,,ema,0.0,0,0.0,,inf,,0.0,,45,,,0.75,
622,2,2,ltf,0,r,r_multiple,,ema,5.0,0,0.0,,inf,,0.0,,45,,,0.75,
623,2,2,ltf,0,r,r_multiple,,ema,7.0,0,0.0,,inf,,0.0,,45,,,0.75,
624,2,2,ltf,0,r,r_multiple,,none,0.0,0,0.0,,inf,,0.0,,45,,,1.0,
625,2,2,ltf,0,r,r_multiple,,none,5.0,0,0.0,,inf,,0.0,,45,,,1.0,
626,2,2,ltf,0,r,r_multiple,,none,7.0,0,0.0,,inf,,0.0,,45,,,1.0,
627,2,2,ltf,0,r,r_multiple,,ema,0.0,0,0.0,,inf,,0.0,,45,,,1.0,
628,2,2,ltf,0,r,r_multiple,,ema,5.0,0,0.0,,inf,,0.0,,45,,,1.0,
629,2,2,ltf,0,r,r_multiple,,ema,7.0,0,0.0,,inf,,0.0,,45,,,1.0,
630,2,2,ltf,0,r,r_multiple,,none,0.0,0,0.0,,inf,,0.0,,45,,,1.5,
631,2,2,ltf,0,r,r_multiple,,none,5.0,0,0.0,,inf,,0.0,,45,,,1.5,
632,2,2,ltf,0,r,r_multiple,,none,7.0,0,0.0,,inf,,0.0,,45,,,1.5,
633,2,2,ltf,0,r,r_multiple,,ema,0.0,0,0.0,,inf,,0.0,,45,,,1.5,
634,2,2,ltf,0,r,r_multiple,,ema,5.0,0,0.0,,inf,,0.0,,45,,,1.5,
635,2,2,ltf,0,r,r_multiple,,ema,7.0,0,0.0,,inf,,0.0,,45,,,1.5,
636,2,2,ltf,0,r,r_multiple,,none,0.0,0,0.0,,inf,,0.0,,45,,,2.0,
637,2,2,ltf,0,r,r_multiple,,none,5.0,0,0.0,,inf,,0.0,,45,,,2.0,
638,2,2,ltf,0,r,r_multiple,,none,7.0,0,0.0,,inf,,0.0,,45,,,2.0,
639,2,2,ltf,0,r,r_multiple,,ema,0.0,0,0.0,,inf,,0.0,,45,,,2.0,
640,2,2,ltf,0,r,r_multiple,,ema,5.0,0,0.0,,inf,,0.0,,45,,,2.0,
641,2,2,ltf,0,r,r_multiple,,ema,7.0,0,0.0,,inf,,0.0,,45,,,2.0,
642,2,2,ltf,0,atr,atr,,none,0.0,0,0.0,,inf,,0.0,,45,,,,3.0
643,2,2,ltf,0,atr,atr,,none,5.0,0,0.0,,inf,,0.0,,45,,,,3.0
644,2,2,ltf,0,atr,atr,,none,7.0,0,0.0,,inf,,0.0,,45,,,,3.0
645,2,2,ltf,0,atr,atr,,ema,0.0,0,0.0,,inf,,0.0,,45,,,,3.0
646,2,2,ltf,0,atr,atr,,ema,5.0,0,0.0,,inf,,0.0,,45,,,,3.0
647,2,2,ltf,0,atr,atr,,ema,7.0,0,0.0,,inf,,0.0,,45,,,,3.0
648,2,2,ltf,0,atr,atr,,none,0.0,0,0.0,,inf,,0.0,,45,,,,5.0
649,2,2,ltf,0,atr,atr,,none,5.0,0,0.0,,inf,,0.0,,45,,,,5.0
650,2,2,ltf,0,atr,atr,,none,7.0,0,0.0,,inf,,0.0,,45,,,,5.0
651,2,2,ltf,0,atr,atr,,ema,0.0,0,0.0,,inf,,0.0,,45,,,,5.0
652,2,2,ltf,0,atr,atr,,ema,5.0,0,0.0,,inf,,0.0,,45,,,,5.0
653,2,2,ltf,0,atr,atr,,ema,7.0,0,0.0,,inf,,0.0,,45,,,,5.0
654,2,2,ltf,0,atr,atr,,none,0.0,0,0.0,,inf,,0.0,,45,,,,8.0
655,2,2,ltf,0,atr,atr,,none,5.0,0,0.0,,inf,,0.0,,45,,,,8.0
656,2,2,ltf,0,atr,atr,,none,7.0,0,0.0,,inf,,0.0,,45,,,,8.0
657,2,2,ltf,0,atr,atr,,ema,0.0,0,0.0,,inf,,0.0,,45,,,,8.0
658,2,2,ltf,0,atr,atr,,ema,5.0,0,0.0,,inf,,0.0,,45,,,,8.0
659,2,2,ltf,0,atr,atr,,ema,7.0,0,0.0,,inf,,0.0,,45,,,,8.0
660,2,2,ltf,200,fixed,fixed_pips,1500.0,none,0.0,0,0.0,,inf,,0.0,,45,,,,
661,2,2,ltf,200,fixed,fixed_pips,1500.0,none,5.0,0,0.0,,inf,,0.0,,45,,,,
662,2,2,ltf,200,fixed,fixed_pips,1500.0,none,7.0,0,0.0,,inf,,0.0,,45,,,,
663,2,2,ltf,200,fixed,fixed_pips,1500.0,ema,0.0,0,0.0,,inf,,0.0,,45,,,,
664,2,2,ltf,200,fixed,fixed_pips,1500.0,ema,5.0,0,0.0,,inf,,0.0,,45,,,,
665,2,2,ltf,200,fixed,fixed_pips,1500.0,ema,7.0,0,0.0,,inf,,0.0,,45,,,,
666,2,2,ltf,200,fixed,fixed_pips,2500.0,none,0.0,0,0.0,,inf,,0.0,,45,,,,
667,2,2,ltf,200,fixed,fixed_pips,2500.0,none,5.0,0,0.0,,inf,,0.0,,45,,,,
668,2,2,ltf,200,fixed,fixed_pips,2500.0,none,7.0,0,0.0,,inf,,0.0,,45,,,,
669,2,2,ltf,200,fixed,fixed_pips,2500.0,ema,0.0,0,0.0,,inf,,0.0,,45,,,,
670,2,2,ltf,200,fixed,fixed_pips,2500.0,ema,5.0,0,0.0,,inf,,0.0,,45,,,,
671,2,2,ltf,200,fixed,fixed_pips,2500.0,ema,7.0,0,0.0,,inf,,0.0,,45,,,,
672,2,2,ltf,200,fixed,fixed_pips,4000.0,none,0.0,0,0.0,,inf,,0.0,,45,,,,
673,2,2,ltf,200,fixed,fixed_pips,4000.0,none,5.0,0,0.0,,inf,,0.0,,45,,,,
674,2,2,ltf,200,fixed,fixed_pips,4000.0,none,7.0,0,0.0,,inf,,0.0,,45,,,,
675,2,2,ltf,200,fixed,fixed_pips,4000.0,ema,0.0,0,0.0,,inf,,0.0,,45,,,,
676,2,2,ltf,200,fixed,fixed_pips,4000.0,ema,5.0,0,0.0,,inf,,0.0,,45,,,,
677,2,2,ltf,200,fixed,fixed_pips,4000.0,ema,7.0,0,0.0,,inf,,0.0,,45,,,,
678,2,2,ltf,200,r,r_multiple,,none,0.0,0,0.0,,inf,,0.0,,45,,,0.75,
679,2,2,ltf,200,r,r_multiple,,none,5.0,0,0.0,,inf,,0.0,,45,,,0.75,
680,2,2,ltf,200,r,r_multiple,,none,7.0,0,0.0,,inf,,0.0,,45,,,0.75,
681,2,2,ltf,200,r,r_multiple,,ema,0.0,0,0.0,,inf,,0.0,,45,,,0.75,
682,2,2,ltf,200,r,r_multiple,,ema,5.0,0,0.0,,inf,,0.0,,45,,,0.75,
683,2,2,ltf,200,r,r_multiple,,ema,7.0,0,0.0,,inf,,0.0,,45,,,0.75,
684,2,2,ltf,200,r,r_multiple,,none,0.0,0,0.0,,inf,,0.0,,45,,,1.0,
685,2,2,ltf,200,r,r_multiple,,none,5.0,0,0.0,,inf,,0.0,,45,,,1.0,
686,2,2,ltf,200,r,r_multiple,,none,7.0,0,0.0,,inf,,0.0,,45,,,1.0,
687,2,2,ltf,200,r,r_multiple,,ema,0.0,0,0.0,,inf,,0.0,,45,,,1.0,
688,2,2,ltf,200,r,r_multiple,,ema,5.0,0,0.0,,inf,,0.0,,45,,,1.0,
689,2,2,ltf,200,r,r_multiple,,ema,7.0,0,0.0,,inf,,0.0,,45,,,1.0,
690,2,2,ltf,200,r,r_multiple,,none,0.0,0,0.0,,inf,,0.0,,45,,,1.5,
691,2,2,ltf,200,r,r_multiple,,none,5.0,0,0.0,,inf,,0.0,,45,,,1.5,
692,2,2,ltf,200,r,r_multiple,,none,7.0,0,0.0,,inf,,0.0,,45,,,1.5,
693,2,2,ltf,200,r,r_multiple,,ema,0.0,0,0.0,,inf,,0.0,,45,,,1.5,
694,2,2,ltf,200,r,r_multiple,,ema,5.0,0,0.0,,inf,,0.0,,45,,,1.5,
695,2,2,ltf,200,r,r_multiple,,ema,7.0,0,0.0,,inf,,0.0,,45,,,1.5,
696,2,2,ltf,200,r,r_multiple,,none,0.0,0,0.0,,inf,,0.0,,45,,,2.0,
697,2,2,ltf,200,r,r_multiple,,none,5.0,0,0.0,,inf,,0.0,,45,,,2.0,
698,2,2,ltf,200,r,r_multiple,,none,7.0,0,0.0,,inf,,0.0,,45,,,2.0,
699,2,2,ltf,200,r,r_multiple,,ema,0.0,0,0.0,,inf,,0.0,,45,,,2.0,
700,2,2,ltf,200,r,r_multiple,,ema,5.0,0,0.0,,inf,,0.0,,45,,,2.0,
701,2,2,ltf,200,r,r_multiple,,ema,7.0,0,0.0,,inf,,0.0,,45,,,2.0,
702,2,2,ltf,200,atr,atr,,none,0.0,0,0.0,,inf,,0.0,,45,,,,3.0
703,2,2,ltf,200,atr,atr,,none,5.0,0,0.0,,inf,,0.0,,45,,,,3.0
704,2,2,ltf,200,atr,atr,,none,7.0,0,0.0,,inf,,0.0,,45,,,,3.0
705,2,2,ltf,200,atr,atr,,ema,0.0,0,0.0,,inf,,0.0,,45,,,,3.0
706,2,2,ltf,200,atr,atr,,ema,5.0,0,0.0,,inf,,0.0,,45,,,,3.0
707,2,2,ltf,200,atr,atr,,ema,7.0,0,0.0,,inf,,0.0,,45,,,,3.0
708,2,2,ltf,200,atr,atr,,none,0.0,0,0.0,,inf,,0.0,,45,,,,5.0
709,2,2,ltf,200,atr,atr,,none,5.0,0,0.0,,inf,,0.0,,45,,,,5.0
710,2,2,ltf,200,atr,atr,,none,7.0,0,0.0,,inf,,0.0,,45,,,,5.0
711,2,2,ltf,200,atr,atr,,ema,0.0,0,0.0,,inf,,0.0,,45,,,,5.0
712,2,2,ltf,200,atr,atr,,ema,5.0,0,0.0,,inf,,0.0,,45,,,,5.0
713,2,2,ltf,200,atr,atr,,ema,7.0,0,0.0,,inf,,0.0,,45,,,,5.0
714,2,2,ltf,200,atr,atr,,none,0.0,0,0.0,,inf,,0.0,,45,,,,8.0
715,2,2,ltf,200,atr,atr,,none,5.0,0,0.0,,inf,,0.0,,45,,,,8.0
716,2,2,ltf,200,atr,atr,,none,7.0,0,0.0,,inf,,0.0,,45,,,,8.0
717,2,2,ltf,200,atr,atr,,ema,0.0,0,0.0,,inf,,0.0,,45,,,,8.0
718,2,2,ltf,200,atr,atr,,ema,5.0,0,0.0,,inf,,0.0,,45,,,,8.0
719,2,2,ltf,200,atr,atr,,ema,7.0,0,0.0,,inf,,0.0,,45,,,,8.0
720,3,1,swing_h4,0,fixed,fixed_pips,1500.0,none,0.0,457,87037.19999999313,0.7024070021881839,1.2197888000064454,190.4533916848865,25170.200000000434,0.2613965345516651,45,0.7024070021881839,0.562363238512035,,
721,3,1,swing_h4,0,fixed,fixed_pips,1500.0,none,5.0,323,12230.999999994561,0.5510835913312694,1.047989942946445,37.86687306499864,22987.700000000317,0.06374032323128632,45,0.5510835913312694,0.4891640866873065,,
722,3,1,swing_h4,0,fixed,fixed_pips,1500.0,none,7.0,404,57682.399999993795,0.6435643564356436,1.1733659332682933,142.77821782176682,28927.400000000598,0.2055792649324362,45,0.6435643564356436,0.5371287128712872,,
723,3,1,swing_h4,0,fixed,fixed_pips,1500.0,ema,0.0,392,76567.69999999403,0.7091836734693877,1.22388556785072,195.32576530610723,29486.10000000031,0.2432727493336883,45,0.7091836734693877,0.5969387755102041,,
724,3,1,swing_h4,0,fixed,fixed_pips,1500.0,ema,5.0,223,24614.29999999625,0.5874439461883408,1.1431013202438511,110.37802690581277,18180.90000000102,0.14010902783669138,45,0.5874439461883408,0.5336322869955157,,
725,3,1,swing_h4,0,fixed,fixed_pips,1500.0,ema,7.0,330,42361.899999994785,0.6484848484848484,1.1517999455321877,128.36939393937814,27576.000000000502,0.16883485004436113,45,0.6484848484848484,0.5909090909090909,,
726,3,1,swing_h4,0,fixed,fixed_pips,2500.0,none,0.0,326,103947.49999999483,0.6288343558282209,1.2541176234749072,318.85736196317436,41068.30000000037,0.23244713204485387,45,0.6288343558282209,0.5674846625766872,,
727,3,1,swing_h4,0,fixed,fixed_pips,2500.0,none,5.0,278,42008.69999999486,0.44964028776978415,1.154827346134391,151.11043165465776,29006.400000000853,0.19078463338925586,45,0.44964028776978415,0.49640287769784175,,
728,3,1,swing_h4,0,fixed,fixed_pips,2500.0,none,7.0,324,89931.09999999453,0.5555555555555556,1.2495223535221918,277.5651234567733,30832.700000000994,0.27160109131930116,45,0.5555555555555556,0.5462962962962963,,
729,3,1,swing_h4,0,fixed,fixed_pips,2500.0,ema,0.0,285,106753.29999999543,0.6421052631578947,1.303917150333116,374.57298245612435,36504.60000000046,0.27262930661613965,45,0.6421052631578947,0.6035087719298246,,
730,3,1,swing_h4,0,fixed,fixed_pips,2500.0,ema,5.0,201,55431.19999999639,0.4925373134328358,1.287332453505793,275.7771144278427,19137.800000000607,0.26018643450004875,45,0.4925373134328358,0.5373134328358209,,
731,3,1,swing_h4,0,fixed,fixed_pips,2500.0,ema,7.0,267,84595.79999999545,0.5730337078651685,1.283629348444872,316.83820224717397,30459.40000000049,0.280063523196025,45,0.5730337078651685,0.5955056179775281,,
732,3,1,swing_h4,0,fixed,fixed_pips,4000.0,none,0.0,219,93974.19999999629,0.54337899543379,1.2451673765862852,429.1059360730424,43513.10000000031,0.1910818410950896,45,0.54337899543379,0.5662100456621004,,
733,3,1,swing_h4,0,fixed,fixed_pips,4000.0,none,5.0,215,83750.39999999583,0.386046511627907,1.3374200922532131,389.53674418602714,20431.60000000031,0.3617404571347498,45,0.386046511627907,0.4883720930232558,,
734,3,1,swing_h4,0,fixed,fixed_pips,4000.0,none,7.0,242,12438.099999995477,0.4214876033057851,1.0312690040381778,51.39710743799784,51298.90000000129,0.03225798411405386,45,0.4214876033057851,0.5247933884297521,,
735,3,1,swing_h4,0,fixed,fixed_pips,4000.0,ema,0.0,191,118753.49999999674,0.581151832460733,1.3636821618774202,621.7460732984123,42076.60000000037,0.28506084975292767,45,0.581151832460733,0.6178010471204188,,
736,3,1,swing_h4,0,fixed,fixed_pips,4000.0,ema,5.0,168,57776.89999999668,0.38095238095238093,1.291521163160182,343.9101190475993,16893.500000000175,0.2226600710407076,45,0.38095238095238093,0.5297619047619048,,
737,3,1,swing_h4,0,fixed,fixed_pips,4000.0,ema,7.0,204,21313.199999996184,0.4411764705882353,1.062467338531801,104.47647058821659,46933.700000000325,0.05662775531335986,45,0.4411764705882353,0.5931372549019608,,
738,3,1,swing_h4,0,r,r_multiple,,none,0.0,236,67757.72499999646,0.614406779661017,1.1708236365731064,287.1090042372731,47104.00000000014,0.15768885787214262,45,0.614406779661017,0.5466101694915254,0.75,
739,3,1,swing_h4,0,r,r_multiple,,none,5.0,316,17934.849999995102,0.5727848101265823,1.0681177948260234,56.755854430364245,22219.07500000066,0.08700002079002152,45,0.5727848101265823,0.4936708860759494,0.75,
740,3,1,swing_h4,0,r,r_multiple,,none,7.0,321,22887.499999994936,0.5763239875389408,1.060095601566476,71.30062305294372,43194.950000001154,0.0760364148509994,45,0.5763239875389408,0.5451713395638629,0.75,
741,3,1,swing_h4,0,r,r_multiple,,ema,0.0,230,62367.37499999671,0.6,1.1626838062674278,271.1624999999857,49497.07500000081,0.15637041852152725,45,0.6,0.5782608695652174,0.75,
742,3,1,swing_h4,0,r,r_multiple,,ema,5.0,222,19402.54999999656,0.5900900900900901,1.1054196509003302,87.39887387385838,18348.650000000544,0.09822505092419574,45,0.5900900900900901,0.5225225225225225,0.75,
743,3,1,swing_h4,0,r,r_multiple,,ema,7.0,262,8611.449999996059,0.583969465648855,1.0259105139557605,32.868129770977326,37816.55000000042,0.029474095715572347,45,0.583969465648855,0.5954198473282443,0.75,
744,3,1,swing_h4,0,r,r_multiple,,none,0.0,169,12267.999999996917,0.514792899408284,1.0322516024587691,72.59171597631311,68977.50000000029,0.019766570887055693,45,0.514792899408284,0.5207100591715976,1.0,
745,3,1,swing_h4,0,r,r_multiple,,none,5.0,281,28787.39999999542,0.501779359430605,1.1070829553101056,102.44626334517943,26610.30000000321,0.11646706114341936,45,0.501779359430605,0.5088967971530249,1.0,
746,3,1,swing_h4,0,r,r_multiple,,none,7.0,256,64415.8999999958,0.54296875,1.1831987884561925,251.6246093749836,54676.70000000105,0.21174838266197843,45,0.54296875,0.546875,1.0,
747,3,1,swing_h4,0,r,r_multiple,,ema,0.0,161,29411.19999999724,0.5341614906832298,1.082261704613368,182.67826086954807,64032.500000000306,0.0530106118693575,45,0.5341614906832298,0.5900621118012422,1.0,
748,3,1,swing_h4,0,r,r_multiple,,ema,5.0,202,43991.99999999687,0.5396039603960396,1.239980754407564,217.7821782178063,20692.80000000054,0.1917269760319166,45,0.5396039603960396,0.5346534653465347,1.0,
749,3,1,swing_h4,0,r,r_multiple,,ema,7.0,219,37539.19999999643,0.54337899543379,1.1195969554056842,171.41187214610244,34860.70000000081,0.1185011059647467,45,0.54337899543379,0.5844748858447488,1.0,
750,3,1,swing_h4,0,r,r_multiple,,none,0.0,125,-147.20000000283653,0.456,0.9995957540998475,-1.1776000000226923,93248.45000000116,-0.00024360763725593895,45,0.456,0.552,1.5,
751,3,1,swing_h4,0,r,r_multiple,,none,5.0,243,7853.049999995822,0.3991769547325103,1.0266809158769827,32.317078189283215,41271.55000000062,0.028808855087699512,45,0.3991769547325103,0.4773662551440329,1.5,
752,3,1,swing_h4,0,r,r_multiple,,none,7.0,196,167537.49999999665,0.5,1.5816617916380793,854.7831632652891,33628.30000000079,0.35443591041790357,45,0.5,0.5357142857142857,1.5,
753,3,1,swing_h4,0,r,r_multiple,,ema,0.0,134,13170.249999997453,0.44776119402985076,1.0358715979145228,98.28544776117502,93072.50000000097,0.02241024680312335,45,0.44776119402985076,0.5597014925373134,1.5,
754,3,1,swing_h4,0,r,r_multiple,,ema,5.0,182,36250.24999999711,0.43956043956043955,1.172220195184693,199.17719780218192,20482.100000000453,0.15484237898659625,45,0.43956043956043955,0.5274725274725275,1.5,
755,3,1,swing_h4,0,r,r_multiple,,ema,7.0,169,55427.19999999713,0.4378698224852071,1.1921830293431006,327.97159763311913,35892.85000000031,0.1492298138301168,45,0.4378698224852071,0.5680473372781065,1.5,
756,3,1,swing_h4,0,r,r_multiple,,none,0.0,77,95012.19999999843,0.45454545454545453,1.5061532339304877,1233.9246753246548,35432.40000000014,0.23302948741915697,45,0.42857142857142855,0.5974025974025974,2.0,
757,3,1,swing_h4,0,r,r_multiple,,none,5.0,204,74780.19999999666,0.37745098039215685,1.2905465391912188,366.5696078431209,31078.40000000034,0.21858330226051134,45,0.37745098039215685,0.49019607843137253,2.0,
758,3,1,swing_h4,0,r,r_multiple,,none,7.0,153,22048.29999999728,0.35947712418300654,1.0770474806326735,144.10653594769465,76568.30000000053,0.05083990711236682,45,0.35294117647058826,0.5163398692810458,2.0,
759,3,1,swing_h4,0,r,r_multiple,,ema,0.0,67,118886.49999999879,0.47761194029850745,1.7304495017141894,1774.4253731343103,39276.20000000015,0.2840623778670549,45,0.44776119402985076,0.6417910447761194,2.0,
760,3,1,swing_h4,0,r,r_multiple,,ema,5.0,162,50456.09999999763,0.38271604938271603,1.249687618921297,311.45740740739274,29113.50000000056,0.17590688910830393,45,0.38271604938271603,0.5308641975308642,2.0,
761,3,1,swing_h4,0,r,r_multiple,,ema,7.0,133,51361.199999997814,0.39849624060150374,1.2055566228027943,386.17443609020916,63526.60000000029,0.12659580136964751,45,0.39097744360902253,0.5939849624060151,2.0,
762,3,1,swing_h4,0,atr,atr,,none,0.0,398,26106.535714279496,0.6608040201005025,1.056699474008994,65.59431083989823,51017.18571428646,0.06691211361426311,45,0.6608040201005025,0.5703517587939698,,3.0
763,3,1,swing_h4,0,atr,atr,,none,5.0,311,10038.342857137563,0.5241157556270096,1.0362878974962908,32.27762976571564,20672.528571428804,0.04930805791516579,45,0.5241157556270096,0.4919614147909968,,3.0
764,3,1,swing_h4,0,atr,atr,,none,7.0,361,12142.164285708608,0.592797783933518,1.0305142143141155,33.63480411553631,28890.09285714328,0.05392446993915345,45,0.592797783933518,0.5457063711911357,,3.0
765,3,1,swing_h4,0,atr,atr,,ema,0.0,359,18941.699999994307,0.6685236768802229,1.0445705726027916,52.76239554315963,54912.821428572126,0.047902813974313625,45,0.6685236768802229,0.6072423398328691,,3.0
766,3,1,swing_h4,0,atr,atr,,ema,5.0,220,20047.77142856756,0.5636363636363636,1.1050322122115344,91.12623376621619,16181.800000000067,0.09492970246681537,45,0.5636363636363636,0.5318181818181819,,3.0
767,3,1,swing_h4,0,atr,atr,,ema,7.0,303,-8428.907142862048,0.6006600660066007,0.9757410595282737,-27.818175388983658,40369.50714285772,-0.029765713008750336,45,0.6006600660066007,0.5973597359735974,,3.0
768,3,1,swing_h4,0,atr,atr,,none,0.0,257,41105.157142852404,0.5642023346303502,1.0959900284310895,159.9422456920327,52707.04285714374,0.08768235529770421,45,0.5642023346303502,0.5525291828793775,,5.0
769,3,1,swing_h4,0,atr,atr,,none,5.0,257,1873.0785714234771,0.38910505836575876,1.006454309066161,7.288243468573841,42514.45000000081,0.007248190634258649,45,0.38910505836575876,0.4980544747081712,,5.0
770,3,1,swing_h4,0,atr,atr,,none,7.0,270,24532.97142856645,0.4777777777777778,1.0638043527570162,90.86285714283869,50662.650000000845,0.08447731126805329,45,0.4777777777777778,0.5222222222222223,,5.0
771,3,1,swing_h4,0,atr,atr,,ema,0.0,234,65815.58571428152,0.6068376068376068,1.1765919379763898,281.2631868131689,43741.571428571784,0.1638082457453609,45,0.6068376068376068,0.5982905982905983,,5.0
772,3,1,swing_h4,0,atr,atr,,ema,5.0,188,33438.30714285359,0.44680851063829785,1.1651004558901885,177.8633358662425,17701.35714285734,0.13328685371174825,45,0.44680851063829785,0.5425531914893617,,5.0
773,3,1,swing_h4,0,atr,atr,,ema,7.0,229,24297.02857142439,0.5109170305676856,1.07165333173128,106.10056144726808,47966.928571429744,0.0598764825934805,45,0.5109170305676856,0.5938864628820961,,5.0
774,3,1,swing_h4,0,atr,atr,,none,0.0,154,62636.74285713985,0.5194805194805194,1.1934099567372154,406.7320964749341,86533.05714285748,0.12506821683173314,45,0.5194805194805194,0.5714285714285714,,8.0
775,3,1,swing_h4,0,atr,atr,,none,5.0,201,66396.77142856765,0.3582089552238806,1.248922612901892,330.3321961620281,33188.21428571461,0.22145245760752438,45,0.3582089552238806,0.4925373134328358,,8.0
776,3,1,swing_h4,0,atr,atr,,none,7.0,174,123677.57142856861,0.45977011494252873,1.4790603424472046,710.7906403940725,36520.071428572264,0.3506613943011899,45,0.45977011494252873,0.5287356321839081,,8.0
777,3,1,swing_h4,0,atr,atr,,ema,0.0,139,62702.32857142584,0.5179856115107914,1.2026565724755582,451.0958890030636,86533.05714285748,0.12588645589221262,45,0.5179856115107914,0.60431654676259,,8.0
778,3,1,swing_h4,0,atr,atr,,ema,5.0,157,60716.84285713972,0.3821656050955414,1.2996777647828675,386.7314831664951,24953.014285714926,0.22485968876601978,45,0.3821656050955414,0.5477707006369427,,8.0
779,3,1,swing_h4,0,atr,atr,,ema,7.0,153,63160.18571428296,0.41830065359477125,1.240920353148996,412.8116713351828,27741.728571429194,0.1941403017552531,45,0.41830065359477125,0.5947712418300654,,8.0
780,3,1,swing_h4,200,fixed,fixed_pips,1500.0,none,0.0,442,83168.1999999934,0.7171945701357466,1.2119695421949905,188.16334841627466,26754.500000001226,0.24428772897216053,45,0.7171945701357466,0.5656108597285068,,
781,3,1,swing_h4,200,fixed,fixed_pips,1500.0,none,5.0,276,-7793.60000000481,0.5507246376811594,0.9669627623159269,-28.237681159437717,31318.90000000235,-0.045626771885018305,45,0.5507246376811594,0.463768115942029,,
782,3,1,swing_h4,200,fixed,fixed_pips,1500.0,none,7.0,383,45412.19999999415,0.6527415143603134,1.1377593783927973,118.5697127937184,34667.80000000059,0.1586297434927744,45,0.6527415143603134,0.5248041775456919,,
783,3,1,swing_h4,200,fixed,fixed_pips,1500.0,ema,0.0,384,75872.19999999418,0.7239583333333334,1.2221592361480793,197.5838541666515,30886.10000000031,0.24007335006152314,45,0.7239583333333334,0.59375,,
784,3,1,swing_h4,200,fixed,fixed_pips,1500.0,ema,5.0,191,6983.999999996762,0.5916230366492147,1.042940040111781,36.56544502616106,21794.60000000157,0.045687782951997644,45,0.5916230366492147,0.5078534031413613,,
785,3,1,swing_h4,200,fixed,fixed_pips,1500.0,ema,7.0,310,38792.09999999516,0.667741935483871,1.142546060389351,125.13580645159729,32716.400000000496,0.1508735179856622,45,0.667741935483871,0.567741935483871,,
786,3,1,swing_h4,200,fixed,fixed_pips,2500.0,none,0.0,318,96493.99999999497,0.6352201257861635,1.2351231500566262,303.4402515723112,42868.30000000037,0.20256283044542192,45,0.6352201257861635,0.5911949685534591,,
787,3,1,swing_h4,200,fixed,fixed_pips,2500.0,none,5.0,238,23827.29999999555,0.4579831932773109,1.0956718729359065,100.11470588233425,31297.800000003008,0.10743967053439327,45,0.4579831932773109,0.453781512605042,,
788,3,1,swing_h4,200,fixed,fixed_pips,2500.0,none,7.0,314,102413.79999999458,0.5668789808917197,1.2986423228209079,326.15859872609735,32887.90000000055,0.31349545390541017,45,0.5668789808917197,0.554140127388535,,
789,3,1,swing_h4,200,fixed,fixed_pips,2500.0,ema,0.0,277,89728.99999999556,0.6425992779783394,1.2512188013316592,323.9314079422222,38504.60000000044,0.21288031969486984,45,0.6425992779783394,0.6137184115523465,,
790,3,1,swing_h4,200,fixed,fixed_pips,2500.0,ema,5.0,172,30537.59999999688,0.4941860465116279,1.1670389875788303,177.54418604649348,21097.400000000565,0.16006580608637863,45,0.4941860465116279,0.5232558139534884,,
791,3,1,swing_h4,200,fixed,fixed_pips,2500.0,ema,7.0,251,78434.49999999568,0.5816733067729084,1.2733608525664575,312.4880478087477,34204.700000000434,0.275055890016609,45,0.5816733067729084,0.5856573705179283,,
792,3,1,swing_h4,200,fixed,fixed_pips,4000.0,none,0.0,213,109732.39999999633,0.5727699530516432,1.2900938283511023,515.1755868544428,49365.200000001016,0.211023099483151,45,0.5727699530516432,0.5821596244131455,,
793,3,1,swing_h4,200,fixed,fixed_pips,4000.0,none,5.0,193,52301.5999999961,0.37823834196891193,1.218230765924811,270.9927461139694,21497.200000000732,0.20111671596538694,45,0.37823834196891193,0.45077720207253885,,
794,3,1,swing_h4,200,fixed,fixed_pips,4000.0,none,7.0,230,31014.29999999566,0.44782608695652176,1.0813890109889985,134.84478260867678,54695.60000000122,0.08529538815227186,45,0.44782608695652176,0.5130434782608696,,
795,3,1,swing_h4,200,fixed,fixed_pips,4000.0,ema,0.0,197,102961.49999999662,0.5736040609137056,1.2949843084156853,522.6472081218103,47638.30000000096,0.23779495761737532,45,0.5736040609137056,0.6192893401015228,,
796,3,1,swing_h4,200,fixed,fixed_pips,4000.0,ema,5.0,149,48825.59999999703,0.40268456375838924,1.2554382969105895,327.6885906040069,22125.700000000295,0.1921931140906002,45,0.40268456375838924,0.5167785234899329,,
797,3,1,swing_h4,200,fixed,fixed_pips,4000.0,ema,7.0,192,29238.69999999637,0.4583333333333333,1.090601588449073,152.28489583331444,43702.20000000068,0.08076164491687561,45,0.4583333333333333,0.578125,,
798,3,1,swing_h4,200,r,r_multiple,,none,0.0,236,19564.124999996446,0.5805084745762712,1.0442453084079937,82.89883474574765,47904.00000000013,0.04515264770011498,45,0.5805084745762712,0.559322033898305,0.75,
799,3,1,swing_h4,200,r,r_multiple,,none,5.0,271,16230.82499999582,0.5719557195571956,1.0660793718259518,59.892343173416315,29585.875000001648,0.07948114594816746,45,0.5719557195571956,0.46863468634686345,0.75,
800,3,1,swing_h4,200,r,r_multiple,,none,7.0,284,13318.14999999541,0.5669014084507042,1.0357318781749185,46.89489436618102,51356.00000000266,0.0460322042604576,45,0.5669014084507042,0.5422535211267606,0.75,
801,3,1,swing_h4,200,r,r_multiple,,ema,0.0,236,11001.049999996532,0.5720338983050848,1.0253187673790913,46.6146186440531,51816.80000000064,0.02831248335197559,45,0.5720338983050848,0.5847457627118644,0.75,
802,3,1,swing_h4,200,r,r_multiple,,ema,5.0,190,3345.9999999969805,0.5736842105263158,1.0186049821984733,17.61052631577358,26715.350000001923,0.017653846421287877,45,0.5736842105263158,0.5052631578947369,0.75,
803,3,1,swing_h4,200,r,r_multiple,,ema,7.0,235,-3308.8000000037737,0.5829787234042553,0.9898339881164957,-14.080000000016058,52883.65000000085,-0.011329677485387546,45,0.5829787234042553,0.5829787234042553,0.75,
804,3,1,swing_h4,200,r,r_multiple,,none,0.0,150,-22546.100000002705,0.5066666666666667,0.9422460120441031,-150.30733333335138,70377.50000000028,-0.03912413283097179,45,0.5066666666666667,0.5466666666666666,1.0,
805,3,1,swing_h4,200,r,r_multiple,,none,5.0,241,9062.299999996016,0.5020746887966805,1.0348064851145784,37.60290456429882,40132.70000000277,0.034740855382184424,45,0.5020746887966805,0.46473029045643155,1.0,
806,3,1,swing_h4,200,r,r_multiple,,none,7.0,241,18837.99999999597,0.5062240663900415,1.0502865758226578,78.16597510371771,48209.700000001,0.05822160663393952,45,0.5062240663900415,0.5228215767634855,1.0,
807,3,1,swing_h4,200,r,r_multiple,,ema,0.0,166,-24029.100000003134,0.4939759036144578,0.9407478040358027,-144.7536144578502,80358.10000000116,-0.04387766125744703,45,0.4939759036144578,0.6024096385542169,1.0,
808,3,1,swing_h4,200,r,r_multiple,,ema,5.0,176,10512.199999997187,0.5170454545454546,1.0544471302629905,59.72840909089311,26973.800000000258,0.04366138732911128,45,0.5170454545454546,0.5056818181818182,1.0,
809,3,1,swing_h4,200,r,r_multiple,,ema,7.0,200,29949.999999996828,0.535,1.0974646182283134,149.74999999998414,30329.10000000029,0.0958012512512866,45,0.535,0.575,1.0,
810,3,1,swing_h4,200,r,r_multiple,,none,0.0,113,-43601.250000002474,0.415929203539823,0.8839417521418196,-385.85176991152633,99828.25000000135,-0.07203825907049878,45,0.415929203539823,0.5486725663716814,1.5,
811,3,1,swing_h4,200,r,r_multiple,,none,5.0,202,10973.849999996499,0.41089108910891087,1.0415342918067865,54.32599009899257,38490.600000000486,0.043936571800103005,45,0.41089108910891087,0.4405940594059406,1.5,
812,3,1,swing_h4,200,r,r_multiple,,none,7.0,193,97251.34999999676,0.44041450777202074,1.303679292888276,503.89300518133035,49721.2000000009,0.2042533226665135,45,0.44041450777202074,0.5233160621761658,1.5,
813,3,1,swing_h4,200,r,r_multiple,,ema,0.0,129,2291.8499999974883,0.43410852713178294,1.0061222298235615,17.76627906974797,95392.60000000108,0.0038673423606036214,45,0.43410852713178294,0.5813953488372093,1.5,
814,3,1,swing_h4,200,r,r_multiple,,ema,5.0,152,9931.3999999974,0.4276315789473684,1.0498335102934455,65.33815789471974,40208.55000000102,0.04387292382747657,45,0.4276315789473684,0.4934210526315789,1.5,
815,3,1,swing_h4,200,r,r_multiple,,ema,7.0,156,44458.99999999761,0.44871794871794873,1.1577445219268305,284.99358974357443,36968.150000000336,0.12135059104972343,45,0.44871794871794873,0.5833333333333334,1.5,
816,3,1,swing_h4,200,r,r_multiple,,none,0.0,86,-7034.000000001648,0.3372093023255814,0.9731894288441127,-81.79069767443777,78600.80000000134,-0.01622765236924867,45,0.32558139534883723,0.5348837209302325,2.0,
817,3,1,swing_h4,200,r,r_multiple,,none,5.0,183,79145.79999999728,0.40437158469945356,1.3297936794593528,432.49071038249883,27151.400000000256,0.27147518116165037,45,0.40437158469945356,0.46994535519125685,2.0,
818,3,1,swing_h4,200,r,r_multiple,,none,7.0,154,1472.8999999971857,0.34415584415584416,1.0049676859264878,9.56428571426744,78874.40000000123,0.0033800151189993543,45,0.33766233766233766,0.512987012987013,2.0,
819,3,1,swing_h4,200,r,r_multiple,,ema,0.0,79,42793.79999999859,0.35443037974683544,1.1840473224976191,541.6936708860582,59509.4000000005,0.09910254221068246,45,0.34177215189873417,0.6075949367088608,2.0,
820,3,1,swing_h4,200,r,r_multiple,,ema,5.0,134,46110.799999997995,0.39552238805970147,1.2479023289296485,344.11044776117905,25308.80000000038,0.17425063040475935,45,0.39552238805970147,0.5074626865671642,2.0,
821,3,1,swing_h4,200,r,r_multiple,,ema,7.0,114,63691.299999998395,0.42105263157894735,1.2834901198877369,558.6956140350736,64926.60000000029,0.16452885915959506,45,0.41228070175438597,0.5701754385964912,2.0,
822,3,1,swing_h4,200,atr,atr,,none,0.0,393,17480.207142851195,0.6743002544529262,1.0373380330199533,44.478898582318564,52930.442857143455,0.04303809432956636,45,0.6743002544529262,0.5801526717557252,,3.0
823,3,1,swing_h4,200,atr,atr,,none,5.0,269,7875.214285709628,0.5390334572490706,1.0309693487911449,29.275889537954008,30072.14285714506,0.03664049761498705,45,0.5390334572490706,0.45724907063197023,,3.0
824,3,1,swing_h4,200,atr,atr,,none,7.0,341,1847.235714280414,0.5982404692082112,1.0047053128462606,5.417113531614117,31355.771428571825,0.008412924754112875,45,0.5982404692082112,0.533724340175953,,3.0
825,3,1,swing_h4,200,atr,atr,,ema,0.0,353,14321.449999994591,0.6827195467422096,1.0335260966745912,40.57067988667023,56555.60000000206,0.03600724198331984,45,0.6827195467422096,0.6090651558073654,,3.0
826,3,1,swing_h4,200,atr,atr,,ema,5.0,189,214.0357142824514,0.5608465608465608,1.0011733320594158,1.1324640967325472,24007.585714287896,0.001041663269278818,45,0.5608465608465608,0.5026455026455027,,3.0
827,3,1,swing_h4,200,atr,atr,,ema,7.0,279,-20184.021428575885,0.6129032258064516,0.9404176679593997,-72.34416282643686,46411.32142857564,-0.0715329117737237,45,0.6129032258064516,0.5770609318996416,,3.0
828,3,1,swing_h4,200,atr,atr,,none,0.0,251,46972.58571428103,0.5856573705179283,1.1115723007005622,187.14177575410767,63364.457142858046,0.0977201743248173,45,0.5856573705179283,0.5617529880478087,,5.0
829,3,1,swing_h4,200,atr,atr,,none,5.0,220,-14403.764285718737,0.39545454545454545,0.947387410958316,-65.47165584417607,55117.264285717356,-0.05049201395235744,45,0.39545454545454545,0.45,,5.0
830,3,1,swing_h4,200,atr,atr,,none,7.0,255,10368.714285709662,0.4823529411764706,1.0270059039718433,40.66162464984181,46419.857142858,0.03687250249198097,45,0.4823529411764706,0.5254901960784314,,5.0
831,3,1,swing_h4,200,atr,atr,,ema,0.0,236,49697.79285713854,0.6016949152542372,1.1293353814265579,210.58386803872264,46875.65714285783,0.11756663795379568,45,0.6016949152542372,0.6059322033898306,,5.0
832,3,1,swing_h4,200,atr,atr,,ema,5.0,165,11340.26428571128,0.4484848484848485,1.0572100619040374,68.72887445885624,23969.021428571657,0.04658957830379771,45,0.4484848484848485,0.5151515151515151,,5.0
833,3,1,swing_h4,200,atr,atr,,ema,7.0,215,33073.85714285332,0.5302325581395348,1.1023671607269572,153.83189368768984,40869.94285714332,0.08171860018697581,45,0.5302325581395348,0.5767441860465117,,5.0
834,3,1,swing_h4,200,atr,atr,,none,0.0,148,62739.67142856857,0.5405405405405406,1.1918092421372573,423.9166988416795,88533.05714285748,0.12482073520862307,45,0.5405405405405406,0.581081081081081,,8.0
835,3,1,swing_h4,200,atr,atr,,none,5.0,183,66976.84285713924,0.366120218579235,1.2672740388660566,365.9936768149685,32547.857142857905,0.25298460872832546,45,0.366120218579235,0.47540983606557374,,8.0
836,3,1,swing_h4,200,atr,atr,,none,7.0,166,98722.58571428276,0.45180722891566266,1.3817150656511137,594.7143717727877,38445.385714286545,0.2752164978879046,45,0.45180722891566266,0.5180722891566265,,8.0
837,3,1,swing_h4,200,atr,atr,,ema,0.0,145,27535.657142854492,0.5241379310344828,1.0790868626252312,189.90108374382407,88533.05714285749,0.05164844590595886,45,0.5241379310344828,0.6068965517241379,,8.0
838,3,1,swing_h4,200,atr,atr,,ema,5.0,138,50103.38571428292,0.391304347826087,1.2592780639927592,363.06801242234,22689.25714285844,0.20962757630996515,45,0.391304347826087,0.5144927536231884,,8.0
839,3,1,swing_h4,200,atr,atr,,ema,7.0,144,74660.68571428311,0.4513888888888889,1.2975099439943771,518.476984126966,29128.58571428602,0.23651341059273395,45,0.4513888888888889,0.5833333333333334,,8.0
840,3,1,swing_d1,0,fixed,fixed_pips,1500.0,none,0.0,277,67287.69999999616,0.8086642599277978,1.2503391171123956,242.9158844765204,58710.70000000046,0.15184576582927015,45,0.8086642599277978,0.6028880866425993,,
841,3,1,swing_d1,0,fixed,fixed_pips,1500.0,none,5.0,163,2236.699999996994,0.44785276073619634,1.0208595239249603,13.72208588955211,17026.500000002354,0.01726534692005123,45,0.44785276073619634,0.43558282208588955,,
842,3,1,swing_d1,0,fixed,fixed_pips,1500.0,none,7.0,211,-19235.10000000376,0.4928909952606635,0.8902000250023919,-91.1616113744254,40235.800000003,-0.1323145735294074,45,0.4928909952606635,0.44549763033175355,,
843,3,1,swing_d1,0,fixed,fixed_pips,1500.0,ema,0.0,236,56270.49999999681,0.8516949152542372,1.2290566831893612,238.4343220338848,64743.00000000028,0.13980524838773045,45,0.8516949152542372,0.6313559322033898,,
844,3,1,swing_d1,0,fixed,fixed_pips,1500.0,ema,5.0,43,6997.799999999415,0.627906976744186,1.2089600372662823,162.73953488370734,9043.400000000041,0.08993051109118712,45,0.627906976744186,0.46511627906976744,,
845,3,1,swing_d1,0,fixed,fixed_pips,1500.0,ema,7.0,80,-16506.30000000119,0.625,0.8195664031883996,-206.32875000001485,31991.90000000064,-0.11081961899588826,45,0.625,0.4625,,
846,3,1,swing_d1,0,fixed,fixed_pips,2500.0,none,0.0,195,152381.8999999971,0.7897435897435897,1.6504805547670065,781.4456410256262,47965.700000000244,0.3372700987775393,45,0.7897435897435897,0.6410256410256411,,
847,3,1,swing_d1,0,fixed,fixed_pips,2500.0,none,5.0,158,4341.899999996873,0.33544303797468356,1.0338862544446241,27.48037974681565,30161.20000000067,0.024753283703916416,45,0.33544303797468356,0.44936708860759494,,
848,3,1,swing_d1,0,fixed,fixed_pips,2500.0,none,7.0,196,-16716.400000003756,0.3877551020408163,0.9191187855140961,-85.28775510205998,42393.00000000138,-0.0738364222384033,45,0.3877551020408163,0.4387755102040816,,
849,3,1,swing_d1,0,fixed,fixed_pips,2500.0,ema,0.0,164,101582.49999999758,0.8170731707317073,1.4321374195505134,619.4054878048634,55779.00000000025,0.2423963566786451,45,0.8170731707317073,0.6524390243902439,,
850,3,1,swing_d1,0,fixed,fixed_pips,2500.0,ema,5.0,43,15762.999999999329,0.5116279069767442,1.4018508132360967,366.5813953488216,14351.10000000011,0.15717563726064634,45,0.5116279069767442,0.4883720930232558,,
851,3,1,swing_d1,0,fixed,fixed_pips,2500.0,ema,7.0,74,4974.699999998755,0.5540540540540541,1.0510200523461277,67.22567567565885,18679.400000000627,0.03332297522406574,45,0.5540540540540541,0.47297297297297297,,
852,3,1,swing_d1,0,fixed,fixed_pips,4000.0,none,0.0,123,91745.59999999822,0.6829268292682927,1.3756795314242758,745.8991869918555,56866.50000000025,0.18159485889736826,45,0.6829268292682927,0.6341463414634146,,
853,3,1,swing_d1,0,fixed,fixed_pips,4000.0,none,5.0,139,-17697.700000002922,0.2302158273381295,0.8785180293749826,-127.32158273383398,37435.30000000232,-0.08634928734669425,45,0.2302158273381295,0.4460431654676259,,
854,3,1,swing_d1,0,fixed,fixed_pips,4000.0,none,7.0,165,24991.89999999681,0.3212121212121212,1.133659675604426,151.46606060604128,33423.200000000914,0.0992825328316949,45,0.3212121212121212,0.44242424242424244,,
855,3,1,swing_d1,0,fixed,fixed_pips,4000.0,ema,0.0,114,70567.89999999822,0.7192982456140351,1.274166045368305,619.0166666666511,70782.70000000022,0.142765021600327,45,0.7192982456140351,0.6754385964912281,,
856,3,1,swing_d1,0,fixed,fixed_pips,4000.0,ema,5.0,40,-8484.500000000684,0.3,0.8497746930247684,-212.1125000000171,31667.40000000053,-0.0679307864376645,45,0.3,0.45,,
857,3,1,swing_d1,0,fixed,fixed_pips,4000.0,ema,7.0,67,-7597.800000001189,0.40298507462686567,0.9350194955197411,-113.40000000001774,34896.90000000023,-0.035704112155081645,45,0.40298507462686567,0.47761194029850745,,
858,3,1,swing_d1,0,r,r_multiple,,none,0.0,53,154049.44999999943,0.7547169811320755,2.73175857591716,2906.5933962264044,22782.900000000067,0.4124540176377869,45,0.7169811320754716,0.6415094339622641,0.75,
859,3,1,swing_d1,0,r,r_multiple,,none,5.0,167,411.774999997373,0.5449101796407185,1.0039865448363208,2.465718562858521,18033.67500000209,0.0032951659926753266,45,0.5449101796407185,0.437125748502994,0.75,
860,3,1,swing_d1,0,r,r_multiple,,none,7.0,204,-41407.40000000349,0.5196078431372549,0.8037709990299158,-202.97745098040926,57948.10000000315,-0.19828022104276993,45,0.5196078431372549,0.4411764705882353,0.75,
861,3,1,swing_d1,0,r,r_multiple,,ema,0.0,42,142129.34999999948,0.7619047619047619,2.578855371831961,3384.0321428571306,22782.900000000067,0.38766722787782626,45,0.7142857142857143,0.6666666666666666,0.75,
862,3,1,swing_d1,0,r,r_multiple,,ema,5.0,43,11325.974999999378,0.627906976744186,1.3099279223071236,263.394767441846,10643.350000000079,0.12144136371040753,45,0.627906976744186,0.46511627906976744,0.75,
863,3,1,swing_d1,0,r,r_multiple,,ema,7.0,74,-18580.825000001234,0.5540540540540541,0.8461963004319961,-251.0922297297464,30895.000000000713,-0.08784958740228124,45,0.5540540540540541,0.4594594594594595,0.75,
864,3,1,swing_d1,0,r,r_multiple,,none,0.0,45,116012.99999999943,0.6,2.0516149091406732,2578.066666666654,17932.799999999996,0.30899271727178457,45,0.5555555555555556,0.5777777777777777,1.0,
865,3,1,swing_d1,0,r,r_multiple,,none,5.0,165,5949.499999997148,0.47878787878787876,1.0509031142489962,36.057575757558475,28066.100000001963,0.034886120777056474,45,0.47878787878787876,0.4484848484848485,1.0,
866,3,1,swing_d1,0,r,r_multiple,,none,7.0,190,-20413.100000003444,0.4789473684210526,0.9067074087564574,-107.43736842107076,43091.80000000165,-0.08942997543800217,45,0.4789473684210526,0.4421052631578947,1.0,
867,3,1,swing_d1,0,r,r_multiple,,ema,0.0,38,118564.09999999955,0.6578947368421053,2.1248709706799773,3120.1078947368305,17932.799999999996,0.31092628439837317,45,0.6052631578947368,0.6578947368421053,1.0,
868,3,1,swing_d1,0,r,r_multiple,,ema,5.0,44,20517.899999999303,0.5681818181818182,1.5018503344788148,466.31590909089323,11450.900000000114,0.1564839918520973,45,0.5681818181818182,0.5,1.0,
869,3,1,swing_d1,0,r,r_multiple,,ema,7.0,73,-15376.700000001367,0.4794520547945205,0.8875787318820619,-210.63972602741597,29517.900000000147,-0.07226956748539738,45,0.4794520547945205,0.4657534246575342,1.0,
870,3,1,swing_d1,0,r,r_multiple,,none,0.0,32,105215.94999999965,0.5625,2.1625185483095692,3287.998437499989,25927.699999999997,0.2793112248075551,45,0.40625,0.625,1.5,
871,3,1,swing_d1,0,r,r_multiple,,none,5.0,151,-40000.550000002404,0.3443708609271523,0.7252022483642767,-264.9043046357775,59998.900000002075,-0.1907164608674595,45,0.3443708609271523,0.4370860927152318,1.5,
872,3,1,swing_d1,0,r,r_multiple,,none,7.0,160,-21768.700000002667,0.3625,0.8963613866217628,-136.05437500001668,51287.15000000236,-0.08505556198425288,45,0.3625,0.45,1.5,
873,3,1,swing_d1,0,r,r_multiple,,ema,0.0,26,103648.74999999972,0.5769230769230769,2.1791881308419665,3986.490384615374,25927.699999999997,0.27460751782545284,45,0.38461538461538464,0.6923076923076923,1.5,
874,3,1,swing_d1,0,r,r_multiple,,ema,5.0,37,-13940.100000000553,0.3783783783783784,0.754027896635986,-376.75945945947444,38152.90000000044,-0.10726270345910364,45,0.3783783783783784,0.4594594594594595,1.5,
875,3,1,swing_d1,0,r,r_multiple,,ema,7.0,57,-44406.55000000112,0.2982456140350877,0.6811447941999828,-779.0622807017741,59790.30000000105,-0.17591598015184798,45,0.2982456140350877,0.47368421052631576,1.5,
876,3,1,swing_d1,0,r,r_multiple,,none,0.0,28,121250.09999999954,0.5357142857142857,2.571000075148796,4330.360714285698,29053.200000000063,0.29131047930274634,45,0.32142857142857145,0.6071428571428571,2.0,
877,3,1,swing_d1,0,r,r_multiple,,none,5.0,145,-41015.20000000256,0.296551724137931,0.7325980984991148,-282.8634482758797,68097.10000000239,-0.20473417675448394,45,0.296551724137931,0.4413793103448276,2.0,
878,3,1,swing_d1,0,r,r_multiple,,none,7.0,116,-71641.00000000223,0.28448275862068967,0.6267564578202572,-617.5948275862261,106038.30000000204,-0.23938353398313747,45,0.28448275862068967,0.4482758620689655,2.0,
879,3,1,swing_d1,0,r,r_multiple,,ema,0.0,23,132391.79999999964,0.6086956521739131,2.984920268430604,5756.165217391289,22782.900000000067,0.32838954389103214,45,0.34782608695652173,0.6956521739130435,2.0,
880,3,1,swing_d1,0,r,r_multiple,,ema,5.0,37,-7749.900000000598,0.32432432432432434,0.8694439250210909,-209.45675675677293,40928.30000000047,-0.05123776840268538,45,0.32432432432432434,0.4594594594594595,2.0,
881,3,1,swing_d1,0,r,r_multiple,,ema,7.0,42,-50589.4000000009,0.23809523809523808,0.585221272604433,-1204.509523809545,68444.20000000086,-0.20617611179265694,45,0.23809523809523808,0.5238095238095238,2.0,
882,3,1,swing_d1,0,atr,atr,,none,0.0,204,36361.764285711295,0.7598039215686274,1.1400634117718862,178.24394257701616,47571.74285714378,0.09482049241696754,45,0.7598039215686274,0.5686274509803921,,3.0
883,3,1,swing_d1,0,atr,atr,,none,5.0,162,-4559.457142859946,0.4012345679012346,0.9634601496480227,-28.14479717814781,18713.578571430957,-0.03363536192167687,45,0.4012345679012346,0.4382716049382716,,3.0
884,3,1,swing_d1,0,atr,atr,,none,7.0,207,-44992.89285714653,0.43478260869565216,0.7917884455933814,-217.35697032437938,66098.07142857481,-0.1985233637182159,45,0.43478260869565216,0.4492753623188406,,3.0
885,3,1,swing_d1,0,atr,atr,,ema,0.0,180,28045.47142856878,0.8055555555555556,1.1137227378337315,155.8081746031599,61672.18571428655,0.07571001458645928,45,0.8055555555555556,0.6055555555555555,,3.0
886,3,1,swing_d1,0,atr,atr,,ema,5.0,44,11285.31428571371,0.5681818181818182,1.2853105028685383,256.4844155844025,10608.242857142955,0.12747255615052291,45,0.5681818181818182,0.4772727272727273,,3.0
887,3,1,swing_d1,0,atr,atr,,ema,7.0,78,-29884.821428572664,0.5512820512820513,0.7496356024022688,-383.1387362637521,48635.54285714393,-0.15715815246772888,45,0.5512820512820513,0.46153846153846156,,3.0
888,3,1,swing_d1,0,atr,atr,,none,0.0,145,4229.242857140518,0.6551724137931034,1.0132847923059445,29.16719211821047,100148.70000000019,0.008024282296545015,45,0.6551724137931034,0.5793103448275863,,5.0
889,3,1,swing_d1,0,atr,atr,,none,5.0,151,-19679.328571431462,0.271523178807947,0.8677978893197398,-130.32667928100307,38634.31428571628,-0.09583736081536265,45,0.271523178807947,0.44370860927152317,,5.0
890,3,1,swing_d1,0,atr,atr,,none,7.0,182,-46146.51428571753,0.31868131868131866,0.8023740278627975,-253.55227629515127,59065.400000003174,-0.17816238835682566,45,0.31868131868131866,0.4230769230769231,,5.0
891,3,1,swing_d1,0,atr,atr,,ema,0.0,125,-6697.94285714485,0.728,0.9781724008636451,-53.5835428571588,108194.75000000093,-0.013013314122493095,45,0.728,0.648,,5.0
892,3,1,swing_d1,0,atr,atr,,ema,5.0,40,17192.835714285095,0.45,1.382499064806878,429.8208928571274,18714.000000000076,0.11719195307147366,45,0.45,0.5,,5.0
893,3,1,swing_d1,0,atr,atr,,ema,7.0,68,-12354.25000000112,0.45588235294117646,0.9008451348563871,-181.68014705884002,32686.835714286142,-0.05368542133773953,45,0.45588235294117646,0.47058823529411764,,5.0
894,3,1,swing_d1,0,atr,atr,,none,0.0,70,143261.21428571304,0.7,2.1706987383242664,2046.5887755101862,25362.214285714334,0.43296583025556407,45,0.7,0.6285714285714286,,8.0
895,3,1,swing_d1,0,atr,atr,,none,5.0,138,-46631.38571428851,0.16666666666666666,0.7149336247634948,-337.9085921325254,73335.0428571454,-0.20003868026507088,45,0.16666666666666666,0.4420289855072464,,8.0
896,3,1,swing_d1,0,atr,atr,,none,7.0,149,-8113.700000002636,0.2483221476510067,0.9600097588864884,-54.45436241612508,54507.37142857197,-0.028469125109116825,45,0.2483221476510067,0.42953020134228187,,8.0
897,3,1,swing_d1,0,atr,atr,,ema,0.0,61,133059.34285714178,0.7540983606557377,2.1031795777049953,2181.300702576095,25362.214285714334,0.40210929678952173,45,0.7540983606557377,0.6721311475409836,,8.0
898,3,1,swing_d1,0,atr,atr,,ema,5.0,37,-3133.342857143596,0.2702702702702703,0.9481848858448667,-84.68494208496206,37644.94285714342,-0.01948506424538092,45,0.2702702702702703,0.4594594594594595,,8.0
899,3,1,swing_d1,0,atr,atr,,ema,7.0,57,-28676.257142858143,0.3157894736842105,0.7889185659394794,-503.09223057645863,50086.87142857174,-0.11525364007907656,45,0.3157894736842105,0.49122807017543857,,8.0
900,3,1,swing_d1,200,fixed,fixed_pips,1500.0,none,0.0,275,70313.49999999625,0.8181818181818182,1.2630903476353768,255.6854545454409,60310.70000000046,0.16229841713290818,45,0.8181818181818182,0.6,,
901,3,1,swing_d1,200,fixed,fixed_pips,1500.0,none,5.0,152,10579.899999997155,0.46710526315789475,1.1103399294568357,69.60460526313918,14252.100000000337,0.07757795800445572,45,0.46710526315789475,0.4342105263157895,,
902,3,1,swing_d1,200,fixed,fixed_pips,1500.0,none,7.0,200,-31183.0000000036,0.49,0.8249463886736774,-155.915000000018,49746.300000002906,-0.1952871004503721,45,0.49,0.44,,
903,3,1,swing_d1,200,fixed,fixed_pips,1500.0,ema,0.0,233,57781.7999999969,0.8583690987124464,1.238127088647019,247.99055793990087,65943.00000000028,0.14673664954847954,45,0.8583690987124464,0.630901287553648,,
904,3,1,swing_d1,200,fixed,fixed_pips,1500.0,ema,5.0,36,8560.499999999456,0.6388888888888888,1.3301643011415984,237.79166666665157,6240.400000000022,0.11230358322137238,45,0.6388888888888888,0.4722222222222222,,
905,3,1,swing_d1,200,fixed,fixed_pips,1500.0,ema,7.0,69,-17316.700000001038,0.6231884057971014,0.7882919780133685,-250.9666666666817,28824.300000000763,-0.12493709201978076,45,0.6231884057971014,0.43478260869565216,,
906,3,1,swing_d1,200,fixed,fixed_pips,2500.0,none,0.0,191,136074.89999999717,0.7905759162303665,1.5598200510965883,712.4340314135977,49365.700000000244,0.31415171528435454,45,0.7905759162303665,0.6282722513089005,,
907,3,1,swing_d1,200,fixed,fixed_pips,2500.0,none,5.0,148,5897.199999997065,0.34459459459459457,1.0485057654677061,39.84594594592611,25618.300000000614,0.034314881875007516,45,0.34459459459459457,0.4391891891891892,,
908,3,1,swing_d1,200,fixed,fixed_pips,2500.0,none,7.0,185,-24320.500000003613,0.3891891891891892,0.8809478937462055,-131.4621621621817,43479.700000002864,-0.12002512312669175,45,0.3891891891891892,0.4486486486486487,,
909,3,1,swing_d1,200,fixed,fixed_pips,2500.0,ema,0.0,162,86933.99999999763,0.8148148148148148,1.355239511048153,536.629629629615,56779.00000000025,0.21379883030611002,45,0.8148148148148148,0.6419753086419753,,
910,3,1,swing_d1,200,fixed,fixed_pips,2500.0,ema,5.0,36,5782.0999999994,0.4722222222222222,1.1575100655417778,160.61388888887222,12148.100000000091,0.06276434688961574,45,0.4722222222222222,0.4722222222222222,,
911,3,1,swing_d1,200,fixed,fixed_pips,2500.0,ema,7.0,67,105.49999999887041,0.5522388059701493,1.0011420715337191,1.5746268656547822,21998.200000000405,0.0007094673865912423,45,0.5522388059701493,0.4626865671641791,,
912,3,1,swing_d1,200,fixed,fixed_pips,4000.0,none,0.0,123,86581.29999999815,0.6910569105691057,1.3417104684654588,703.9130081300663,58266.50000000025,0.17027040153400763,45,0.6910569105691057,0.6341463414634146,,
913,3,1,swing_d1,200,fixed,fixed_pips,4000.0,none,5.0,131,-16050.300000002766,0.2366412213740458,0.8853834903895138,-122.52137404582264,38849.50000000216,-0.08618997470955786,45,0.2366412213740458,0.44274809160305345,,
914,3,1,swing_d1,200,fixed,fixed_pips,4000.0,none,7.0,158,5524.9999999967695,0.3037974683544304,1.0296324503488679,34.9683544303593,37859.00000000119,0.020800155121279154,45,0.3037974683544304,0.45569620253164556,,
915,3,1,swing_d1,200,fixed,fixed_pips,4000.0,ema,0.0,109,54832.49999999827,0.7155963302752294,1.2132494064251849,503.0504587155804,71982.70000000022,0.11200326302077987,45,0.7155963302752294,0.6880733944954128,,
916,3,1,swing_d1,200,fixed,fixed_pips,4000.0,ema,5.0,35,936.2999999994154,0.34285714285714286,1.0198968500372816,26.751428571411868,18181.100000000242,0.008026552260946448,45,0.34285714285714286,0.45714285714285713,,
917,3,1,swing_d1,200,fixed,fixed_pips,4000.0,ema,7.0,58,-7766.000000001055,0.39655172413793105,0.9221488754893162,-133.89655172415613,34167.300000000345,-0.03913804571830278,45,0.39655172413793105,0.4482758620689655,,
918,3,1,swing_d1,200,r,r_multiple,,none,0.0,53,149384.2249999994,0.7547169811320755,2.6124805030088645,2818.5702830188566,23600.200000000084,0.42193355827151535,45,0.7169811320754716,0.6226415094339622,0.75,
919,3,1,swing_d1,200,r,r_multiple,,none,5.0,156,3029.324999997357,0.5384615384615384,1.0314088287806022,19.418749999983056,17660.25000000166,0.02161880394750892,45,0.5384615384615384,0.4358974358974359,0.75,
920,3,1,swing_d1,200,r,r_multiple,,none,7.0,193,-39158.97500000322,0.5181347150259067,0.8055561210707866,-202.89624352333274,60752.275000002905,-0.1812426016788199,45,0.5181347150259067,0.45077720207253885,0.75,
921,3,1,swing_d1,200,r,r_multiple,,ema,0.0,41,136349.3249999995,0.7560975609756098,2.476169248757663,3325.593292682914,23600.200000000084,0.39290429746074684,45,0.7073170731707317,0.6585365853658537,0.75,
922,3,1,swing_d1,200,r,r_multiple,,ema,5.0,36,15202.824999999417,0.6388888888888888,1.5209444132240213,422.30069444442825,7890.350000000058,0.15461734975550995,45,0.6388888888888888,0.4722222222222222,0.75,
923,3,1,swing_d1,200,r,r_multiple,,ema,7.0,68,-7693.925000001082,0.5735294117647058,0.9285094056484903,-113.14595588236885,26944.875000000276,-0.03598685989441932,45,0.5735294117647058,0.47058823529411764,0.75,
924,3,1,swing_d1,200,r,r_multiple,,none,0.0,44,139668.8999999995,0.6363636363636364,2.4633949311464383,3174.2931818181705,18132.799999999996,0.3211591727749546,45,0.5909090909090909,0.6136363636363636,1.0,
925,3,1,swing_d1,200,r,r_multiple,,none,5.0,153,118.79999999739539,0.49019607843137253,1.001044785045128,0.7764705882182705,25419.200000001732,0.0007052086039630386,45,0.49019607843137253,0.43790849673202614,1.0,
926,3,1,swing_d1,200,r,r_multiple,,none,7.0,181,-34818.300000003146,0.47513812154696133,0.8333583004971128,-192.36629834255882,48847.70000000279,-0.1746842923602544,45,0.47513812154696133,0.4530386740331492,1.0,
927,3,1,swing_d1,200,r,r_multiple,,ema,0.0,37,140059.49999999965,0.6756756756756757,2.521970636272053,3785.3918918918826,18132.799999999996,0.320533358310716,45,0.6216216216216216,0.6756756756756757,1.0,
928,3,1,swing_d1,200,r,r_multiple,,ema,5.0,36,16232.899999999403,0.5555555555555556,1.4500388134183324,450.9138888888723,11072.000000000276,0.1343147176760264,45,0.5555555555555556,0.4722222222222222,1.0,
929,3,1,swing_d1,200,r,r_multiple,,ema,7.0,63,-14122.400000001107,0.49206349206349204,0.883763672114516,-224.16507936509694,27849.100000000544,-0.07194233573519314,45,0.49206349206349204,0.4444444444444444,1.0,
930,3,1,swing_d1,200,r,r_multiple,,none,0.0,30,101743.89999999959,0.5666666666666667,2.1053736875955984,3391.4633333333195,26327.699999999997,0.2623331003274197,45,0.4,0.6333333333333333,1.5,
931,3,1,swing_d1,200,r,r_multiple,,none,5.0,142,-49514.95000000231,0.33098591549295775,0.6565747466529509,-348.69683098593174,71378.90000000212,-0.2799533375100815,45,0.33098591549295775,0.4295774647887324,1.5,
932,3,1,swing_d1,200,r,r_multiple,,none,7.0,163,-17074.950000002813,0.37423312883435583,0.9175208456710146,-104.75429447854486,49815.900000002555,-0.06456334222251055,45,0.37423312883435583,0.4662576687116564,1.5,
933,3,1,swing_d1,200,r,r_multiple,,ema,0.0,25,99132.19999999968,0.56,2.1051724445474997,3965.2879999999873,26327.699999999997,0.25461314342380814,45,0.36,0.68,1.5,
934,3,1,swing_d1,200,r,r_multiple,,ema,5.0,32,-12456.050000000509,0.34375,0.7552083845115212,-389.2515625000159,33750.45000000041,-0.09961969156796129,45,0.34375,0.46875,1.5,
935,3,1,swing_d1,200,r,r_multiple,,ema,7.0,50,-33042.300000000956,0.32,0.7251891064693271,-660.8460000000191,54178.65000000091,-0.13976186648931382,45,0.32,0.46,1.5,
936,3,1,swing_d1,200,r,r_multiple,,none,0.0,27,130879.39999999953,0.6296296296296297,2.8563005722957646,4847.385185185168,32096.900000000045,0.3031183052745315,45,0.4074074074074074,0.6666666666666666,2.0,
937,3,1,swing_d1,200,r,r_multiple,,none,5.0,136,-33239.80000000245,0.3088235294117647,0.7701614687627787,-244.41029411766505,64105.500000002234,-0.17603780166637886,45,0.3088235294117647,0.4338235294117647,2.0,
938,3,1,swing_d1,200,r,r_multiple,,none,7.0,125,-74961.60000000252,0.28,0.6289472394630061,-599.6928000000202,105891.40000000234,-0.2515971116062861,45,0.28,0.472,2.0,
939,3,1,swing_d1,200,r,r_multiple,,ema,0.0,24,134665.4999999997,0.625,3.059716490824484,5611.062499999988,23182.900000000067,0.32399981523619253,45,0.375,0.6666666666666666,2.0,
940,3,1,swing_d1,200,r,r_multiple,,ema,5.0,32,355.1999999994878,0.34375,1.0069805421318458,11.099999999983993,28998.500000000447,0.002347860934325876,45,0.34375,0.46875,2.0,
941,3,1,swing_d1,200,r,r_multiple,,ema,7.0,40,-56287.50000000082,0.225,0.5303582752060831,-1407.1875000000205,74542.30000000079,-0.23549253063520348,45,0.225,0.5,2.0,
942,3,1,swing_d1,200,atr,atr,,none,0.0,203,41849.549999997136,0.7733990147783252,1.162912882518489,206.1554187191977,39269.32142857225,0.11249088728317147,45,0.7733990147783252,0.5615763546798029,,3.0
943,3,1,swing_d1,200,atr,atr,,none,5.0,150,-4771.421428574104,0.4,0.9592810907319624,-31.809476190494024,19066.321428573705,-0.03267202191726797,45,0.4,0.43333333333333335,,3.0
944,3,1,swing_d1,200,atr,atr,,none,7.0,196,-64870.371428574916,0.42857142857142855,0.7057999685775391,-330.97128279885163,83158.53571428891,-0.2704712153372767,45,0.42857142857142855,0.44387755102040816,,3.0
945,3,1,swing_d1,200,atr,atr,,ema,0.0,178,31761.96428571172,0.8146067415730337,1.130491850251422,178.43800160512203,54600.27857142931,0.08835500729843342,45,0.8146067415730337,0.601123595505618,,3.0
946,3,1,swing_d1,200,atr,atr,,ema,5.0,36,11555.042857142349,0.5555555555555556,1.3545165907977044,320.9734126983986,8005.242857142935,0.1305726844088368,45,0.5555555555555556,0.4722222222222222,,3.0
947,3,1,swing_d1,200,atr,atr,,ema,7.0,67,-33911.064285715336,0.5373134328358209,0.6936094199658555,-506.13528784649753,50098.66428571518,-0.185022735967036,45,0.5373134328358209,0.43283582089552236,,3.0
948,3,1,swing_d1,200,atr,atr,,none,0.0,144,8890.392857140585,0.6666666666666666,1.0282858509135564,61.7388392856985,101548.70000000019,0.01665869974766649,45,0.6666666666666666,0.5833333333333334,,5.0
949,3,1,swing_d1,200,atr,atr,,none,5.0,142,-9532.071428574089,0.29577464788732394,0.9311005155237793,-67.12726358150766,26880.621428573206,-0.04885653864583894,45,0.29577464788732394,0.43661971830985913,,5.0
950,3,1,swing_d1,200,atr,atr,,none,7.0,172,-46931.51428571736,0.3313953488372093,0.7901351298087631,-272.8576411960312,63903.000000003034,-0.1744688286505559,45,0.3313953488372093,0.43023255813953487,,5.0
951,3,1,swing_d1,200,atr,atr,,ema,0.0,124,-3609.2571428590472,0.7338709677419355,0.9880981077937855,-29.106912442411673,108204.68571428614,-0.0069134152476428385,45,0.7338709677419355,0.6532258064516129,,5.0
952,3,1,swing_d1,200,atr,atr,,ema,5.0,34,15238.764285713794,0.4411764705882353,1.3874915588064505,448.1989495798175,14095.000000000073,0.1168474044245535,45,0.4411764705882353,0.5,,5.0
953,3,1,swing_d1,200,atr,atr,,ema,7.0,59,-7054.085714286681,0.4745762711864407,0.934507197117696,-119.56077481841832,35637.00000000036,-0.03187121984087469,45,0.4745762711864407,0.4576271186440678,,5.0
954,3,1,swing_d1,200,atr,atr,,none,0.0,70,143124.64285714168,0.7142857142857143,2.147656952610499,2044.637755102024,25762.214285714334,0.43289411329314453,45,0.7142857142857143,0.6285714285714286,,8.0
955,3,1,swing_d1,200,atr,atr,,none,5.0,130,-38586.47142857405,0.18461538461538463,0.7502834795469783,-296.81901098903114,67362.87142857382,-0.17177826601442453,45,0.18461538461538463,0.43846153846153846,,8.0
956,3,1,swing_d1,200,atr,atr,,none,7.0,150,-21694.25714285997,0.24666666666666667,0.8949437260547044,-144.6283809523998,59017.50000000259,-0.07463880545152064,45,0.24666666666666667,0.46,,8.0
957,3,1,swing_d1,200,atr,atr,,ema,0.0,61,130850.02857142751,0.7540983606557377,2.0619702613609054,2145.082435597172,25762.214285714348,0.394198883304994,45,0.7540983606557377,0.6721311475409836,,8.0
958,3,1,swing_d1,200,atr,atr,,ema,5.0,32,3248.642857142204,0.28125,1.062002680725375,101.52008928569387,26735.285714286198,0.020317372633143094,45,0.28125,0.46875,,8.0
959,3,1,swing_d1,200,atr,atr,,ema,7.0,50,-23151.257142858092,0.32,0.8023989332438449,-463.0251428571618,48306.00000000036,-0.09959720286150524,45,0.32,0.46,,8.0
960,3,1,ltf,0,fixed,fixed_pips,1500.0,none,0.0,700,60893.099999987404,0.42714285714285716,1.1565483979607478,86.99014285712487,28184.30000000367,0.23534244722663514,45,0.42714285714285716,0.5471428571428572,,
961,3,1,ltf,0,fixed,fixed_pips,1500.0,none,5.0,698,55183.699999987395,0.42263610315186245,1.1419755976828143,79.05974212032578,27002.200000003686,0.21698703653620627,45,0.42263610315186245,0.5487106017191977,,
962,3,1,ltf,0,fixed,fixed_pips,1500.0,none,7.0,700,60893.099999987404,0.42714285714285716,1.1565483979607478,86.99014285712487,28184.30000000367,0.23534244722663514,45,0.42714285714285716,0.5471428571428572,,
963,3,1,ltf,0,fixed,fixed_pips,1500.0,ema,0.0,537,68056.09999999046,0.4450651769087523,1.2331966145832953,126.73389199253344,16615.800000001465,0.3138862980618328,45,0.4450651769087523,0.5791433891992551,,
964,3,1,ltf,0,fixed,fixed_pips,1500.0,ema,5.0,536,63846.19999999045,0.44029850746268656,1.2189878011218227,119.11604477610159,16615.800000001458,0.29812251308875726,45,0.44029850746268656,0.582089552238806,,
965,3,1,ltf,0,fixed,fixed_pips,1500.0,ema,7.0,537,68056.09999999046,0.4450651769087523,1.2331966145832953,126.73389199253344,16615.800000001465,0.3138862980618328,45,0.4450651769087523,0.5791433891992551,,
966,3,1,ltf,0,fixed,fixed_pips,2500.0,none,0.0,596,104545.69999998853,0.3422818791946309,1.2566514870686671,175.41224832212842,28765.800000002513,0.33380780281097694,45,0.3422818791946309,0.552013422818792,,
967,3,1,ltf,0,fixed,fixed_pips,2500.0,none,5.0,601,94583.09999998828,0.33610648918469216,1.229269353330323,157.37620632277583,28765.800000002513,0.3097859237615951,45,0.33610648918469216,0.5540765391014975,,
968,3,1,ltf,0,fixed,fixed_pips,2500.0,none,7.0,596,104545.69999998853,0.3422818791946309,1.2566514870686671,175.41224832212842,28765.800000002513,0.33380780281097694,45,0.3422818791946309,0.552013422818792,,
969,3,1,ltf,0,fixed,fixed_pips,2500.0,ema,0.0,474,107102.59999999098,0.350210970464135,1.3472654402106388,225.95485232065607,19621.30000000108,0.4198120790555692,45,0.350210970464135,0.5843881856540084,,
970,3,1,ltf,0,fixed,fixed_pips,2500.0,ema,5.0,476,101604.09999999082,0.3445378151260504,1.3286569535635149,213.45399159661937,21068.300000001065,0.394213080904223,45,0.3445378151260504,0.5861344537815126,,
971,3,1,ltf,0,fixed,fixed_pips,2500.0,ema,7.0,474,107102.59999999098,0.350210970464135,1.3472654402106388,225.95485232065607,19621.30000000108,0.4198120790555692,45,0.350210970464135,0.5843881856540084,,
972,3,1,ltf,0,fixed,fixed_pips,4000.0,none,0.0,457,89465.19999999061,0.25601750547045954,1.2358851533348643,195.76630196934488,18528.00000000123,0.39429628321359683,45,0.25601750547045954,0.5470459518599562,,
973,3,1,ltf,0,fixed,fixed_pips,4000.0,none,5.0,465,97016.79999999035,0.2537634408602151,1.2582141118586467,208.63827956987174,16718.4000000007,0.46743873213524906,45,0.2537634408602151,0.556989247311828,,
974,3,1,ltf,0,fixed,fixed_pips,4000.0,none,7.0,457,89465.19999999061,0.25601750547045954,1.2358851533348643,195.76630196934488,18528.00000000123,0.39429628321359683,45,0.25601750547045954,0.5470459518599562,,
975,3,1,ltf,0,fixed,fixed_pips,4000.0,ema,0.0,381,71714.09999999215,0.2572178477690289,1.2224555253974116,188.2259842519479,22350.100000000726,0.29381145277890214,45,0.2572178477690289,0.5721784776902887,,
976,3,1,ltf,0,fixed,fixed_pips,4000.0,ema,5.0,392,82773.99999999185,0.25510204081632654,1.2592243812596748,211.15816326528534,19313.600000000697,0.3329180209000728,45,0.25510204081632654,0.5739795918367347,,
977,3,1,ltf,0,fixed,fixed_pips,4000.0,ema,7.0,381,71714.09999999215,0.2572178477690289,1.2224555253974116,188.2259842519479,22350.100000000726,0.29381145277890214,45,0.2572178477690289,0.5721784776902887,,
978,3,1,ltf,0,r,r_multiple,,none,0.0,727,55744.799999988885,0.5612104539202201,1.1675786400423378,76.67785419530796,26011.850000007827,0.19727484732526618,45,0.5612104539202201,0.5488308115543329,0.75,
979,3,1,ltf,0,r,r_multiple,,none,5.0,740,48092.69999998869,0.5608108108108109,1.143847392138422,64.99013513511986,28659.325000007848,0.1806275566049171,45,0.5608108108108109,0.5527027027027027,0.75,
980,3,1,ltf,0,r,r_multiple,,none,7.0,727,55744.799999988885,0.5612104539202201,1.1675786400423378,76.67785419530796,26011.850000007827,0.19727484732526618,45,0.5612104539202201,0.5488308115543329,0.75,
981,3,1,ltf,0,r,r_multiple,,ema,0.0,554,62908.64999999158,0.572202166064982,1.2515639608397573,113.55351985558048,18354.150000001027,0.2877188252765232,45,0.572202166064982,0.575812274368231,0.75,
982,3,1,ltf,0,r,r_multiple,,ema,5.0,564,62103.89999999143,0.5709219858156028,1.2492546909917144,110.11329787232523,16138.675000001102,0.2751497582278092,45,0.5709219858156028,0.5780141843971631,0.75,
983,3,1,ltf,0,r,r_multiple,,ema,7.0,554,62908.64999999158,0.572202166064982,1.2515639608397573,113.55351985558048,18354.150000001027,0.2877188252765232,45,0.572202166064982,0.575812274368231,0.75,
984,3,1,ltf,0,r,r_multiple,,none,0.0,683,54235.79999998893,0.49487554904831627,1.1456619119659832,79.40819912150648,23360.700000001445,0.18789710650023195,45,0.49487554904831627,0.5431918008784773,1.0,
985,3,1,ltf,0,r,r_multiple,,none,5.0,701,50171.99999998854,0.4950071326676177,1.1339400841570104,71.57203994292232,23250.900000001042,0.1702750472817537,45,0.4950071326676177,0.5477888730385164,1.0,
986,3,1,ltf,0,r,r_multiple,,none,7.0,683,54235.79999998893,0.49487554904831627,1.1456619119659832,79.40819912150648,23360.700000001445,0.18789710650023195,45,0.49487554904831627,0.5431918008784773,1.0,
987,3,1,ltf,0,r,r_multiple,,ema,0.0,526,63525.69999999156,0.5095057034220533,1.2199857396096718,120.77129277564934,19637.100000001068,0.2530892642657481,45,0.5095057034220533,0.5722433460076045,1.0,
988,3,1,ltf,0,r,r_multiple,,ema,5.0,540,61059.39999999127,0.5111111111111111,1.2115898747739835,113.0729629629468,16746.800000001167,0.23610585649527993,45,0.5111111111111111,0.5777777777777777,1.0,
989,3,1,ltf,0,r,r_multiple,,ema,7.0,526,63525.69999999156,0.5095057034220533,1.2199857396096718,120.77129277564934,19637.100000001068,0.2530892642657481,45,0.5095057034220533,0.5722433460076045,1.0,
990,3,1,ltf,0,r,r_multiple,,none,0.0,612,72236.34999998979,0.40522875816993464,1.1788925584958898,118.03325163397025,26850.450000000958,0.21801481397649305,45,0.40522875816993464,0.5441176470588235,1.5,
991,3,1,ltf,0,r,r_multiple,,none,5.0,635,75492.44999998936,0.4125984251968504,1.185029653048154,118.88574803147931,22767.80000000062,0.25669475684134546,45,0.4125984251968504,0.552755905511811,1.5,
992,3,1,ltf,0,r,r_multiple,,none,7.0,612,72236.34999998979,0.40522875816993464,1.1788925584958898,118.03325163397025,26850.450000000958,0.21801481397649305,45,0.40522875816993464,0.5441176470588235,1.5,
993,3,1,ltf,0,r,r_multiple,,ema,0.0,477,60450.299999992356,0.41509433962264153,1.1863991289699538,126.73018867922926,19983.80000000055,0.22461758705608897,45,0.41509433962264153,0.5723270440251572,1.5,
994,3,1,ltf,0,r,r_multiple,,ema,5.0,495,69662.09999999209,0.4202020202020202,1.2139221470920412,140.73151515149917,19577.100000000737,0.2701485967945805,45,0.4202020202020202,0.5777777777777777,1.5,
995,3,1,ltf,0,r,r_multiple,,ema,7.0,477,60450.299999992356,0.41509433962264153,1.1863991289699538,126.73018867922926,19983.80000000055,0.22461758705608897,45,0.41509433962264153,0.5723270440251572,1.5,
996,3,1,ltf,0,r,r_multiple,,none,0.0,533,101045.19999999019,0.35834896810506567,1.2567467510655004,189.5782363977302,30724.90000000179,0.2896547503631233,45,0.35834896810506567,0.5422138836772983,2.0,
997,3,1,ltf,0,r,r_multiple,,none,5.0,573,94041.79999998945,0.3612565445026178,1.2285631372922334,164.12181500870759,26694.300000000847,0.28290720422809695,45,0.3612565445026178,0.5479930191972077,2.0,
998,3,1,ltf,0,r,r_multiple,,none,7.0,550,91020.6999999898,0.35454545454545455,1.225866615647279,165.49218181816326,30724.900000001802,0.26354615633693984,45,0.35454545454545455,0.5418181818181819,2.0,
999,3,1,ltf,0,r,r_multiple,,ema,0.0,423,85263.89999999259,0.36879432624113473,1.2636194036772421,201.56950354608176,21351.500000000895,0.28967384391384865,45,0.36879432624113473,0.5602836879432624,2.0,
1000,3,1,ltf,0,r,r_multiple,,ema,5.0,450,98218.39999999222,0.37333333333333335,1.3039134052377495,218.26311111109382,18935.200000000157,0.3370390478042637,45,0.37333333333333335,0.5688888888888889,2.0,
1001,3,1,ltf,0,r,r_multiple,,ema,7.0,436,78882.59999999226,0.3669724770642202,1.2400498099110122,180.92339449539512,21351.500000000902,0.2737144135753641,45,0.3669724770642202,0.5642201834862385,2.0,
1002,3,1,ltf,0,atr,atr,,none,0.0,664,100506.67857141627,0.4126506024096386,1.2476372627956858,151.3654797762293,19700.635714286385,0.39551072320390274,45,0.4126506024096386,0.5512048192771084,,3.0
1003,3,1,ltf,0,atr,atr,,none,5.0,663,92838.18571427342,0.40874811463046756,1.2289057202997316,140.02742943329324,19700.635714286378,0.36755455141211824,45,0.40874811463046756,0.5535444947209653,,3.0
1004,3,1,ltf,0,atr,atr,,none,7.0,664,100506.67857141627,0.4126506024096386,1.2476372627956858,151.3654797762293,19700.635714286385,0.39551072320390274,45,0.4126506024096386,0.5512048192771084,,3.0
1005,3,1,ltf,0,atr,atr,,ema,0.0,515,90968.84285713347,0.42330097087378643,1.2855341627032817,176.63852981967662,14110.628571430012,0.39565550798906407,45,0.42330097087378643,0.5844660194174758,,3.0
1006,3,1,ltf,0,atr,atr,,ema,5.0,514,83300.34999999062,0.4182879377431907,1.2617012647060686,162.0629377431724,14110.628571430012,0.36373332677874437,45,0.4182879377431907,0.5875486381322957,,3.0
1007,3,1,ltf,0,atr,atr,,ema,7.0,515,90968.84285713347,0.42330097087378643,1.2855341627032817,176.63852981967662,14110.628571430012,0.39565550798906407,45,0.42330097087378643,0.5844660194174758,,3.0
1008,3,1,ltf,0,atr,atr,,none,0.0,538,34912.578571417725,0.2825278810408922,1.0816107061116949,64.8932687201073,32422.228571436186,0.11616860563874883,45,0.2825278810408922,0.5353159851301115,,5.0
1009,3,1,ltf,0,atr,atr,,none,5.0,555,50482.749999988875,0.28468468468468466,1.118236743064305,90.95990990988986,26440.935714289306,0.1736223651395902,45,0.28468468468468466,0.5441441441441441,,5.0
1010,3,1,ltf,0,atr,atr,,none,7.0,538,34912.578571417725,0.2825278810408922,1.0816107061116949,64.8932687201073,32422.228571436186,0.11616860563874883,45,0.2825278810408922,0.5353159851301115,,5.0
1011,3,1,ltf,0,atr,atr,,ema,0.0,444,76430.01428570546,0.30855855855855857,1.219805101058285,172.13967181465193,24403.814285715212,0.2816510160306308,45,0.30855855855855857,0.5788288288288288,,5.0
1012,3,1,ltf,0,atr,atr,,ema,5.0,450,82432.77857141959,0.3088888888888889,1.2385006202352633,183.18395238093242,19661.407142857883,0.3001999450400082,45,0.3088888888888889,0.5822222222222222,,5.0
1013,3,1,ltf,0,atr,atr,,ema,7.0,444,76430.01428570546,0.30855855855855857,1.219805101058285,172.13967181465193,24403.814285715212,0.2816510160306308,45,0.30855855855855857,0.5788288288288288,,5.0
1014,3,1,ltf,0,atr,atr,,none,0.0,393,108022.01428570619,0.23918575063613232,1.3215349518694903,274.86517629950686,32080.85714285767,0.2546020090439043,45,0.23918575063613232,0.549618320610687,,8.0
1015,3,1,ltf,0,atr,atr,,none,5.0,397,93594.49999999185,0.23425692695214106,1.2777251902054274,235.75440806043287,40888.65714285773,0.22992910215791987,45,0.23425692695214106,0.5516372795969773,,8.0
1016,3,1,ltf,0,atr,atr,,none,7.0,393,108022.01428570619,0.23918575063613232,1.3215349518694903,274.86517629950686,32080.85714285767,0.2546020090439043,45,0.23918575063613232,0.549618320610687,,8.0
1017,3,1,ltf,0,atr,atr,,ema,0.0,342,62852.185714278225,0.22807017543859648,1.203712678572268,183.7783208019831,39459.900000000634,0.18302697921435362,45,0.22807017543859648,0.5789473684210527,,8.0
1018,3,1,ltf,0,atr,atr,,ema,5.0,354,67178.21428570665,0.2231638418079096,1.2212444235757884,189.76896690877584,39459.900000000634,0.19878465484424482,45,0.2231638418079096,0.576271186440678,,8.0
1019,3,1,ltf,0,atr,atr,,ema,7.0,342,62852.185714278225,0.22807017543859648,1.203712678572268,183.7783208019831,39459.900000000634,0.18302697921435362,45,0.22807017543859648,0.5789473684210527,,8.0
1020,3,1,ltf,200,fixed,fixed_pips,1500.0,none,0.0,700,60893.099999987404,0.42714285714285716,1.1565483979607478,86.99014285712487,28184.30000000367,0.23534244722663514,45,0.42714285714285716,0.5471428571428572,,
1021,3,1,ltf,200,fixed,fixed_pips,1500.0,none,5.0,698,55183.699999987395,0.42263610315186245,1.1419755976828143,79.05974212032578,27002.200000003686,0.21698703653620627,45,0.42263610315186245,0.5487106017191977,,
1022,3,1,ltf,200,fixed,fixed_pips,1500.0,none,7.0,700,60893.099999987404,0.42714285714285716,1.1565483979607478,86.99014285712487,28184.30000000367,0.23534244722663514,45,0.42714285714285716,0.5471428571428572,,
1023,3,1,ltf,200,fixed,fixed_pips,1500.0,ema,0.0,537,68056.09999999046,0.4450651769087523,1.2331966145832953,126.73389199253344,16615.800000001465,0.3138862980618328,45,0.4450651769087523,0.5791433891992551,,
1024,3,1,ltf,200,fixed,fixed_pips,1500.0,ema,5.0,536,63846.19999999045,0.44029850746268656,1.2189878011218227,119.11604477610159,16615.800000001458,0.29812251308875726,45,0.44029850746268656,0.582089552238806,,
1025,3,1,ltf,200,fixed,fixed_pips,1500.0,ema,7.0,537,68056.09999999046,0.4450651769087523,1.2331966145832953,126.73389199253344,16615.800000001465,0.3138862980618328,45,0.4450651769087523,0.5791433891992551,,
1026,3,1,ltf,200,fixed,fixed_pips,2500.0,none,0.0,596,104545.69999998853,0.3422818791946309,1.2566514870686671,175.41224832212842,28765.800000002513,0.33380780281097694,45,0.3422818791946309,0.552013422818792,,
1027,3,1,ltf,200,fixed,fixed_pips,2500.0,none,5.0,601,94583.09999998828,0.33610648918469216,1.229269353330323,157.37620632277583,28765.800000002513,0.3097859237615951,45,0.33610648918469216,0.5540765391014975,,
1028,3,1,ltf,200,fixed,fixed_pips,2500.0,none,7.0,596,104545.69999998853,0.3422818791946309,1.2566514870686671,175.41224832212842,28765.800000002513,0.33380780281097694,45,0.3422818791946309,0.552013422818792,,
1029,3,1,ltf,200,fixed,fixed_pips,2500.0,ema,0.0,474,107102.59999999098,0.350210970464135,1.3472654402106388,225.95485232065607,19621.30000000108,0.4198120790555692,45,0.350210970464135,0.5843881856540084,,
1030,3,1,ltf,200,fixed,fixed_pips,2500.0,ema,5.0,476,101604.09999999082,0.3445378151260504,1.3286569535635149,213.45399159661937,21068.300000001065,0.394213080904223,45,0.3445378151260504,0.5861344537815126,,
1031,3,1,ltf,200,fixed,fixed_pips,2500.0,ema,7.0,474,107102.59999999098,0.350210970464135,1.3472654402106388,225.95485232065607,19621.30000000108,0.4198120790555692,45,0.350210970464135,0.5843881856540084,,
1032,3,1,ltf,200,fixed,fixed_pips,4000.0,none,0.0,457,89465.19999999061,0.25601750547045954,1.2358851533348643,195.76630196934488,18528.00000000123,0.39429628321359683,45,0.25601750547045954,0.5470459518599562,,
1033,3,1,ltf,200,fixed,fixed_pips,4000.0,none,5.0,465,97016.79999999035,0.2537634408602151,1.2582141118586467,208.63827956987174,16718.4000000007,0.46743873213524906,45,0.2537634408602151,0.556989247311828,,
1034,3,1,ltf,200,fixed,fixed_pips,4000.0,none,7.0,457,89465.19999999061,0.25601750547045954,1.2358851533348643,195.76630196934488,18528.00000000123,0.39429628321359683,45,0.25601750547045954,0.5470459518599562,,
1035,3,1,ltf,200,fixed,fixed_pips,4000.0,ema,0.0,381,71714.09999999215,0.2572178477690289,1.2224555253974116,188.2259842519479,22350.100000000726,0.29381145277890214,45,0.2572178477690289,0.5721784776902887,,
1036,3,1,ltf,200,fixed,fixed_pips,4000.0,ema,5.0,392,82773.99999999185,0.25510204081632654,1.2592243812596748,211.15816326528534,19313.600000000697,0.3329180209000728,45,0.25510204081632654,0.5739795918367347,,
1037,3,1,ltf,200,fixed,fixed_pips,4000.0,ema,7.0,381,71714.09999999215,0.2572178477690289,1.2224555253974116,188.2259842519479,22350.100000000726,0.29381145277890214,45,0.2572178477690289,0.5721784776902887,,
1038,3,1,ltf,200,r,r_multiple,,none,0.0,727,55744.799999988885,0.5612104539202201,1.1675786400423378,76.67785419530796,26011.850000007827,0.19727484732526618,45,0.5612104539202201,0.5488308115543329,0.75,
1039,3,1,ltf,200,r,r_multiple,,none,5.0,740,48092.69999998869,0.5608108108108109,1.143847392138422,64.99013513511986,28659.325000007848,0.1806275566049171,45,0.5608108108108109,0.5527027027027027,0.75,
1040,3,1,ltf,200,r,r_multiple,,none,7.0,727,55744.799999988885,0.5612104539202201,1.1675786400423378,76.67785419530796,26011.850000007827,0.19727484732526618,45,0.5612104539202201,0.5488308115543329,0.75,
1041,3,1,ltf,200,r,r_multiple,,ema,0.0,554,62908.64999999158,0.572202166064982,1.2515639608397573,113.55351985558048,18354.150000001027,0.2877188252765232,45,0.572202166064982,0.575812274368231,0.75,
1042,3,1,ltf,200,r,r_multiple,,ema,5.0,564,62103.89999999143,0.5709219858156028,1.2492546909917144,110.11329787232523,16138.675000001102,0.2751497582278092,45,0.5709219858156028,0.5780141843971631,0.75,
1043,3,1,ltf,200,r,r_multiple,,ema,7.0,554,62908.64999999158,0.572202166064982,1.2515639608397573,113.55351985558048,18354.150000001027,0.2877188252765232,45,0.572202166064982,0.575812274368231,0.75,
1044,3,1,ltf,200,r,r_multiple,,none,0.0,683,54235.79999998893,0.49487554904831627,1.1456619119659832,79.40819912150648,23360.700000001445,0.18789710650023195,45,0.49487554904831627,0.5431918008784773,1.0,
1045,3,1,ltf,200,r,r_multiple,,none,5.0,701,50171.99999998854,0.4950071326676177,1.1339400841570104,71.57203994292232,23250.900000001042,0.1702750472817537,45,0.4950071326676177,0.5477888730385164,1.0,
1046,3,1,ltf,200,r,r_multiple,,none,7.0,683,54235.79999998893,0.49487554904831627,1.1456619119659832,79.40819912150648,23360.700000001445,0.18789710650023195,45,0.49487554904831627,0.5431918008784773,1.0,
1047,3,1,ltf,200,r,r_multiple,,ema,0.0,526,63525.69999999156,0.5095057034220533,1.2199857396096718,120.77129277564934,19637.100000001068,0.2530892642657481,45,0.5095057034220533,0.5722433460076045,1.0,
1048,3,1,ltf,200,r,r_multiple,,ema,5.0,540,61059.39999999127,0.5111111111111111,1.2115898747739835,113.0729629629468,16746.800000001167,0.23610585649527993,45,0.5111111111111111,0.5777777777777777,1.0,
1049,3,1,ltf,200,r,r_multiple,,ema,7.0,526,63525.69999999156,0.5095057034220533,1.2199857396096718,120.77129277564934,19637.100000001068,0.2530892642657481,45,0.5095057034220533,0.5722433460076045,1.0,
1050,3,1,ltf,200,r,r_multiple,,none,0.0,612,72236.34999998979,0.40522875816993464,1.1788925584958898,118.03325163397025,26850.450000000958,0.21801481397649305,45,0.40522875816993464,0.5441176470588235,1.5,
1051,3,1,ltf,200,r,r_multiple,,none,5.0,635,75492.44999998936,0.4125984251968504,1.185029653048154,118.88574803147931,22767.80000000062,0.25669475684134546,45,0.4125984251968504,0.552755905511811,1.5,
1052,3,1,ltf,200,r,r_multiple,,none,7.0,612,72236.34999998979,0.40522875816993464,1.1788925584958898,118.03325163397025,26850.450000000958,0.21801481397649305,45,0.40522875816993464,0.5441176470588235,1.5,
1053,3,1,ltf,200,r,r_multiple,,ema,0.0,477,60450.299999992356,0.41509433962264153,1.1863991289699538,126.73018867922926,19983.80000000055,0.22461758705608897,45,0.41509433962264153,0.5723270440251572,1.5,
1054,3,1,ltf,200,r,r_multiple,,ema,5.0,495,69662.09999999209,0.4202020202020202,1.2139221470920412,140.73151515149917,19577.100000000737,0.2701485967945805,45,0.4202020202020202,0.5777777777777777,1.5,
1055,3,1,ltf,200,r,r_multiple,,ema,7.0,477,60450.299999992356,0.41509433962264153,1.1863991289699538,126.73018867922926,19983.80000000055,0.22461758705608897,45,0.41509433962264153,0.5723270440251572,1.5,
1056,3,1,ltf,200,r,r_multiple,,none,0.0,533,101045.19999999019,0.35834896810506567,1.2567467510655004,189.5782363977302,30724.90000000179,0.2896547503631233,45,0.35834896810506567,0.5422138836772983,2.0,
1057,3,1,ltf,200,r,r_multiple,,none,5.0,573,94041.79999998945,0.3612565445026178,1.2285631372922334,164.12181500870759,26694.300000000847,0.28290720422809695,45,0.3612565445026178,0.5479930191972077,2.0,
1058,3,1,ltf,200,r,r_multiple,,none,7.0,550,91020.6999999898,0.35454545454545455,1.225866615647279,165.49218181816326,30724.900000001802,0.26354615633693984,45,0.35454545454545455,0.5418181818181819,2.0,
1059,3,1,ltf,200,r,r_multiple,,ema,0.0,423,85263.89999999259,0.36879432624113473,1.2636194036772421,201.56950354608176,21351.500000000895,0.28967384391384865,45,0.36879432624113473,0.5602836879432624,2.0,
1060,3,1,ltf,200,r,r_multiple,,ema,5.0,450,98218.39999999222,0.37333333333333335,1.3039134052377495,218.26311111109382,18935.200000000157,0.3370390478042637,45,0.37333333333333335,0.5688888888888889,2.0,
1061,3,1,ltf,200,r,r_multiple,,ema,7.0,436,78882.59999999226,0.3669724770642202,1.2400498099110122,180.92339449539512,21351.500000000902,0.2737144135753641,45,0.3669724770642202,0.5642201834862385,2.0,
1062,3,1,ltf,200,atr,atr,,none,0.0,664,100506.67857141627,0.4126506024096386,1.2476372627956858,151.3654797762293,19700.635714286385,0.39551072320390274,45,0.4126506024096386,0.5512048192771084,,3.0
1063,3,1,ltf,200,atr,atr,,none,5.0,663,92838.18571427342,0.40874811463046756,1.2289057202997316,140.02742943329324,19700.635714286378,0.36755455141211824,45,0.40874811463046756,0.5535444947209653,,3.0
1064,3,1,ltf,200,atr,atr,,none,7.0,664,100506.67857141627,0.4126506024096386,1.2476372627956858,151.3654797762293,19700.635714286385,0.39551072320390274,45,0.4126506024096386,0.5512048192771084,,3.0
1065,3,1,ltf,200,atr,atr,,ema,0.0,515,90968.84285713347,0.42330097087378643,1.2855341627032817,176.63852981967662,14110.628571430012,0.39565550798906407,45,0.42330097087378643,0.5844660194174758,,3.0
1066,3,1,ltf,200,atr,atr,,ema,5.0,514,83300.34999999062,0.4182879377431907,1.2617012647060686,162.0629377431724,14110.628571430012,0.36373332677874437,45,0.4182879377431907,0.5875486381322957,,3.0
1067,3,1,ltf,200,atr,atr,,ema,7.0,515,90968.84285713347,0.42330097087378643,1.2855341627032817,176.63852981967662,14110.628571430012,0.39565550798906407,45,0.42330097087378643,0.5844660194174758,,3.0
1068,3,1,ltf,200,atr,atr,,none,0.0,538,34912.578571417725,0.2825278810408922,1.0816107061116949,64.8932687201073,32422.228571436186,0.11616860563874883,45,0.2825278810408922,0.5353159851301115,,5.0
1069,3,1,ltf,200,atr,atr,,none,5.0,555,50482.749999988875,0.28468468468468466,1.118236743064305,90.95990990988986,26440.935714289306,0.1736223651395902,45,0.28468468468468466,0.5441441441441441,,5.0
1070,3,1,ltf,200,atr,atr,,none,7.0,538,34912.578571417725,0.2825278810408922,1.0816107061116949,64.8932687201073,32422.228571436186,0.11616860563874883,45,0.2825278810408922,0.5353159851301115,,5.0
1071,3,1,ltf,200,atr,atr,,ema,0.0,444,76430.01428570546,0.30855855855855857,1.219805101058285,172.13967181465193,24403.814285715212,0.2816510160306308,45,0.30855855855855857,0.5788288288288288,,5.0
1072,3,1,ltf,200,atr,atr,,ema,5.0,450,82432.77857141959,0.3088888888888889,1.2385006202352633,183.18395238093242,19661.407142857883,0.3001999450400082,45,0.3088888888888889,0.5822222222222222,,5.0
1073,3,1,ltf,200,atr,atr,,ema,7.0,444,76430.01428570546,0.30855855855855857,1.219805101058285,172.13967181465193,24403.814285715212,0.2816510160306308,45,0.30855855855855857,0.5788288288288288,,5.0
1074,3,1,ltf,200,atr,atr,,none,0.0,393,108022.01428570619,0.23918575063613232,1.3215349518694903,274.86517629950686,32080.85714285767,0.2546020090439043,45,0.23918575063613232,0.549618320610687,,8.0
1075,3,1,ltf,200,atr,atr,,none,5.0,397,93594.49999999185,0.23425692695214106,1.2777251902054274,235.75440806043287,40888.65714285773,0.22992910215791987,45,0.23425692695214106,0.5516372795969773,,8.0
1076,3,1,ltf,200,atr,atr,,none,7.0,393,108022.01428570619,0.23918575063613232,1.3215349518694903,274.86517629950686,32080.85714285767,0.2546020090439043,45,0.23918575063613232,0.549618320610687,,8.0
1077,3,1,ltf,200,atr,atr,,ema,0.0,342,62852.185714278225,0.22807017543859648,1.203712678572268,183.7783208019831,39459.900000000634,0.18302697921435362,45,0.22807017543859648,0.5789473684210527,,8.0
1078,3,1,ltf,200,atr,atr,,ema,5.0,354,67178.21428570665,0.2231638418079096,1.2212444235757884,189.76896690877584,39459.900000000634,0.19878465484424482,45,0.2231638418079096,0.576271186440678,,8.0
1079,3,1,ltf,200,atr,atr,,ema,7.0,342,62852.185714278225,0.22807017543859648,1.203712678572268,183.7783208019831,39459.900000000634,0.18302697921435362,45,0.22807017543859648,0.5789473684210527,,8.0
1080,3,2,swing_h4,0,fixed,fixed_pips,1500.0,none,0.0,383,40996.29999999427,0.6788511749347258,1.1175104342918194,107.0399477806639,22393.30000000145,0.14489466698634978,45,0.6788511749347258,0.5718015665796344,,
1081,3,2,swing_h4,0,fixed,fixed_pips,1500.0,none,5.0,230,-42067.8000000039,0.5043478260869565,0.8052505025234812,-182.90347826088654,46946.60000000386,-0.216829302967045,45,0.5043478260869565,0.4826086956521739,,
1082,3,2,swing_h4,0,fixed,fixed_pips,1500.0,none,7.0,332,-16049.300000005182,0.5933734939759037,0.9484692285266085,-48.34126506025657,36898.000000002095,-0.06384020549413563,45,0.5933734939759037,0.5271084337349398,,
1083,3,2,swing_h4,0,fixed,fixed_pips,1500.0,ema,0.0,331,45187.59999999494,0.7039274924471299,1.1485476957447311,136.51842900300588,30442.30000000038,0.16544388005561841,45,0.7039274924471299,0.6102719033232629,,
1084,3,2,swing_h4,0,fixed,fixed_pips,1500.0,ema,5.0,166,-11474.200000002793,0.5542168674698795,0.9232126198401466,-69.12168674700477,23480.300000000654,-0.06524783356489455,45,0.5542168674698795,0.5060240963855421,,
1085,3,2,swing_h4,0,fixed,fixed_pips,1500.0,ema,7.0,258,16287.099999996033,0.6395348837209303,1.0704671475495904,63.12829457362803,24864.500000000742,0.0733276130656523,45,0.6395348837209303,0.5658914728682171,,
1086,3,2,swing_h4,0,fixed,fixed_pips,2500.0,none,0.0,270,91285.0999999957,0.6370370370370371,1.2692275476828645,338.092962962947,55485.80000000149,0.23849622136285584,45,0.6370370370370371,0.5814814814814815,,
1087,3,2,swing_h4,0,fixed,fixed_pips,2500.0,none,5.0,203,-12529.200000003748,0.4187192118226601,0.9445325919498346,-61.72019704435344,47522.200000001234,-0.056288481420163676,45,0.4187192118226601,0.47783251231527096,,
1088,3,2,swing_h4,0,fixed,fixed_pips,2500.0,none,7.0,274,30223.099999995284,0.5255474452554745,1.0915465909813595,110.30328467151564,31506.30000000119,0.1144779122867036,45,0.5255474452554745,0.5145985401459854,,
1089,3,2,swing_h4,0,fixed,fixed_pips,2500.0,ema,0.0,243,67328.49999999601,0.6419753086419753,1.2084295583411313,277.07201646088896,44630.600000001206,0.18560219107103162,45,0.6419753086419753,0.5967078189300411,,
1090,3,2,swing_h4,0,fixed,fixed_pips,2500.0,ema,5.0,150,21854.799999997325,0.47333333333333333,1.1396410384199884,145.69866666664885,28132.500000000327,0.10915917812020179,45,0.47333333333333333,0.5133333333333333,,
1091,3,2,swing_h4,0,fixed,fixed_pips,2500.0,ema,7.0,222,44347.19999999618,0.5540540540540541,1.1679379889112116,199.76216216214493,30698.20000000034,0.16672449857655888,45,0.5540540540540541,0.5630630630630631,,
1092,3,2,swing_h4,0,fixed,fixed_pips,4000.0,none,0.0,204,100512.89999999655,0.5343137254901961,1.2966803515668346,492.7102941176301,36034.60000000031,0.2454485809441445,45,0.5343137254901961,0.5735294117647058,,
1093,3,2,swing_h4,0,fixed,fixed_pips,4000.0,none,5.0,168,6125.999999996608,0.3333333333333333,1.027924531742145,36.46428571426552,41166.70000000085,0.025640917122418803,45,0.3333333333333333,0.5059523809523809,,
1094,3,2,swing_h4,0,fixed,fixed_pips,4000.0,none,7.0,223,56182.999999996035,0.43946188340807174,1.165455608845882,251.94170403585665,42061.00000000129,0.17729742005488267,45,0.43946188340807174,0.5112107623318386,,
1095,3,2,swing_h4,0,fixed,fixed_pips,4000.0,ema,0.0,181,103552.79999999699,0.56353591160221,1.3372448992884545,572.1149171270552,29145.800000000192,0.2677509825997797,45,0.56353591160221,0.6077348066298343,,
1096,3,2,swing_h4,0,fixed,fixed_pips,4000.0,ema,5.0,129,-2452.600000002556,0.3333333333333333,0.9859394339656028,-19.01240310079501,35193.50000000042,-0.010914625466055261,45,0.3333333333333333,0.5271317829457365,,
1097,3,2,swing_h4,0,fixed,fixed_pips,4000.0,ema,7.0,180,38847.69999999675,0.45555555555555555,1.1333829357244904,215.8205555555375,32447.900000000645,0.13038693179731053,45,0.45555555555555555,0.5666666666666667,,
1098,3,2,swing_h4,0,r,r_multiple,,none,0.0,206,9354.349999997059,0.6213592233009708,1.0274424285024366,45.4094660194032,81851.35000000114,0.025456801912134806,45,0.6213592233009708,0.5679611650485437,0.75,
1099,3,2,swing_h4,0,r,r_multiple,,none,5.0,236,-652.3250000035878,0.5508474576271186,0.9968601841556631,-2.76408898306605,40805.77500000275,-0.0030344598405322694,45,0.5508474576271186,0.4830508474576271,0.75,
1100,3,2,swing_h4,0,r,r_multiple,,none,7.0,285,25304.599999995786,0.5824561403508772,1.0765335225454458,88.78807017542381,57486.92500000124,0.09138680005908245,45,0.5824561403508772,0.519298245614035,0.75,
1101,3,2,swing_h4,0,r,r_multiple,,ema,0.0,188,15774.974999997423,0.6436170212765957,1.0498547179071704,83.909441489348,74153.95000000091,0.042901551176456214,45,0.6436170212765957,0.5904255319148937,0.75,
1102,3,2,swing_h4,0,r,r_multiple,,ema,5.0,170,16640.424999997478,0.5941176470588235,1.1167418968530114,97.88485294116164,26595.950000000674,0.0870917626271773,45,0.5941176470588235,0.5,0.75,
1103,3,2,swing_h4,0,r,r_multiple,,ema,7.0,224,28182.14999999684,0.6071428571428571,1.1057911546122126,125.81316964284304,31236.425000000734,0.10367001197378664,45,0.6071428571428571,0.5580357142857143,0.75,
1104,3,2,swing_h4,0,r,r_multiple,,none,0.0,156,43557.79999999744,0.5512820512820513,1.1453861756664694,279.21666666665027,38930.300000000214,0.1403475759485215,45,0.5512820512820513,0.5384615384615384,1.0,
1105,3,2,swing_h4,0,r,r_multiple,,none,5.0,209,-15825.000000003321,0.46411483253588515,0.9292697599954094,-75.71770334929819,56182.00000000272,-0.05921356810622835,45,0.46411483253588515,0.4880382775119617,1.0,
1106,3,2,swing_h4,0,r,r_multiple,,none,7.0,235,-13882.400000004083,0.4851063829787234,0.9594536891056061,-59.07404255320886,45658.80000000379,-0.04534183152976539,45,0.4851063829787234,0.502127659574468,1.0,
1107,3,2,swing_h4,0,r,r_multiple,,ema,0.0,139,34571.19999999775,0.5467625899280576,1.1220138611687778,248.71366906473202,41322.100000000544,0.10218434823536772,45,0.5467625899280576,0.5971223021582733,1.0,
1108,3,2,swing_h4,0,r,r_multiple,,ema,5.0,154,14865.699999997742,0.5194805194805194,1.095813906122891,96.53051948050482,27390.400000001813,0.06741110162811494,45,0.5194805194805194,0.5064935064935064,1.0,
1109,3,2,swing_h4,0,r,r_multiple,,ema,7.0,187,-742.7000000030675,0.5187165775401069,0.9973541184836109,-3.971657754027099,41199.50000000085,-0.0024814855937502515,45,0.5187165775401069,0.5454545454545454,1.0,
1110,3,2,swing_h4,0,r,r_multiple,,none,0.0,102,140253.14999999796,0.5294117647058824,1.6751444126736428,1375.0308823529213,34910.50000000013,0.3835959473019069,45,0.5196078431372549,0.5392156862745098,1.5,
1111,3,2,swing_h4,0,r,r_multiple,,none,5.0,186,2322.1999999965046,0.3709677419354839,1.0100087968108926,12.484946236540347,50786.25000000293,0.008136488178017222,45,0.3709677419354839,0.5053763440860215,1.5,
1112,3,2,swing_h4,0,r,r_multiple,,none,7.0,181,154959.09999999704,0.47513812154696133,1.622584988205914,856.1276243093758,20457.85000000082,0.4112129220121987,45,0.47513812154696133,0.49171270718232046,1.5,
1113,3,2,swing_h4,0,r,r_multiple,,ema,0.0,101,85405.64999999813,0.48514851485148514,1.3533807069380832,845.6004950494864,43550.70000000014,0.2309011221397708,45,0.48514851485148514,0.5841584158415841,1.5,
1114,3,2,swing_h4,0,r,r_multiple,,ema,5.0,137,16899.499999997664,0.40875912408759124,1.1014007518278024,123.3540145985231,18320.30000000009,0.0793711193548744,45,0.40875912408759124,0.5255474452554745,1.5,
1115,3,2,swing_h4,0,r,r_multiple,,ema,7.0,145,62224.84999999775,0.45517241379310347,1.2535751223968898,429.1368965517086,35048.750000000306,0.19327932008820173,45,0.45517241379310347,0.5586206896551724,1.5,
1116,3,2,swing_h4,0,r,r_multiple,,none,0.0,71,31123.09999999863,0.4225352112676056,1.1633561302309876,438.35352112674127,53559.50000000016,0.061575550265972064,45,0.4084507042253521,0.5633802816901409,2.0,
1117,3,2,swing_h4,0,r,r_multiple,,none,5.0,174,41187.39999999695,0.3448275862068966,1.183867068083753,236.70919540228132,34845.600000000886,0.12530347239204226,45,0.3448275862068966,0.5057471264367817,2.0,
1118,3,2,swing_h4,0,r,r_multiple,,none,7.0,124,171953.59999999797,0.4435483870967742,1.926717800801053,1386.722580645145,17873.900000000278,0.44940461206617555,45,0.43548387096774194,0.4838709677419355,2.0,
1119,3,2,swing_h4,0,r,r_multiple,,ema,0.0,69,37019.99999999851,0.42028985507246375,1.1946053013385727,536.5217391304132,53559.50000000016,0.07174998346534021,45,0.4057971014492754,0.5797101449275363,2.0,
1120,3,2,swing_h4,0,r,r_multiple,,ema,5.0,131,40003.699999997974,0.366412213740458,1.2353151902494257,305.3717557251754,24218.50000000043,0.1485872921940502,45,0.366412213740458,0.5267175572519084,2.0,
1121,3,2,swing_h4,0,r,r_multiple,,ema,7.0,111,79685.3999999981,0.43243243243243246,1.3857345959863547,717.8864864864694,47794.00000000037,0.24085283360933396,45,0.42342342342342343,0.5225225225225225,2.0,
1122,3,2,swing_h4,0,atr,atr,,none,0.0,358,65306.36428570877,0.6731843575418994,1.1846984061082781,182.42001197125356,29701.828571429447,0.20162036769317793,45,0.6731843575418994,0.5670391061452514,,3.0
1123,3,2,swing_h4,0,atr,atr,,none,5.0,238,-59.6642857183906,0.5336134453781513,0.9997179569670952,-0.2506902761276916,38422.77142857243,-0.0002685535866936066,45,0.5336134453781513,0.4831932773109244,,3.0
1124,3,2,swing_h4,0,atr,atr,,none,7.0,325,-11875.057142862312,0.5846153846153846,0.9656294266759454,-36.53863736265327,28931.32142857242,-0.0499542468462924,45,0.5846153846153846,0.5076923076923077,,3.0
1125,3,2,swing_h4,0,atr,atr,,ema,0.0,312,66298.7857142807,0.7019230769230769,1.214786405793962,212.496108058592,25224.62142857175,0.23468707275725434,45,0.7019230769230769,0.5865384615384616,,3.0
1126,3,2,swing_h4,0,atr,atr,,ema,5.0,172,22287.97142856845,0.5813953488372093,1.1551526393216391,129.58122923586308,24313.221428572106,0.11296977213561508,45,0.5813953488372093,0.5058139534883721,,3.0
1127,3,2,swing_h4,0,atr,atr,,ema,7.0,250,4587.871428567523,0.62,1.017203348029462,18.351485714270094,31031.492857143123,0.01912421665048911,45,0.62,0.556,,3.0
1128,3,2,swing_h4,0,atr,atr,,none,0.0,258,56029.964285710565,0.5852713178294574,1.1485072252156316,217.17040420818049,59005.05714285854,0.14913436321769943,45,0.5852713178294574,0.562015503875969,,5.0
1129,3,2,swing_h4,0,atr,atr,,none,5.0,202,-6162.59285714661,0.40594059405940597,0.9734605505602957,-30.507885431418863,55167.464285717324,-0.024180147619318127,45,0.40594059405940597,0.5,,5.0
1130,3,2,swing_h4,0,atr,atr,,none,7.0,257,1671.257142852759,0.4785992217898833,1.004744686946688,6.50294608113914,47376.80000000136,0.00611996363619068,45,0.4785992217898833,0.5097276264591439,,5.0
1131,3,2,swing_h4,0,atr,atr,,ema,0.0,228,69627.65714285366,0.6271929824561403,1.20437277093322,305.3844611528669,44782.250000000684,0.19126916754312595,45,0.6271929824561403,0.6008771929824561,,5.0
1132,3,2,swing_h4,0,atr,atr,,ema,5.0,145,5875.921428568861,0.43448275862068964,1.03535437232556,40.523596059095595,29905.250000001986,0.026006056642699237,45,0.43448275862068964,0.5241379310344828,,5.0
1133,3,2,swing_h4,0,atr,atr,,ema,7.0,201,4538.721428567791,0.5074626865671642,1.0156469812937206,22.58070362471538,47145.85000000097,0.014706951197737869,45,0.5074626865671642,0.572139303482587,,5.0
1134,3,2,swing_h4,0,atr,atr,,none,0.0,153,86683.27142856902,0.5163398692810458,1.32193746236307,566.5573295984904,27850.81428571447,0.2678544466885943,45,0.5163398692810458,0.5490196078431373,,8.0
1135,3,2,swing_h4,0,atr,atr,,none,5.0,172,46454.88571428236,0.3546511627906977,1.20732189135459,270.08654485047884,36827.07142857221,0.1504299708309414,45,0.3546511627906977,0.5174418604651163,,8.0
1136,3,2,swing_h4,0,atr,atr,,none,7.0,176,76610.05714285452,0.4147727272727273,1.281076864220838,435.2844155844007,31341.54285714442,0.2511393796609307,45,0.4147727272727273,0.48863636363636365,,8.0
1137,3,2,swing_h4,0,atr,atr,,ema,0.0,143,77203.81428571214,0.5174825174825175,1.283020850075322,539.8868131867982,33825.900000000096,0.2256213342949192,45,0.5174825174825175,0.5944055944055944,,8.0
1138,3,2,swing_h4,0,atr,atr,,ema,5.0,130,44689.299999997456,0.36923076923076925,1.2590157017325572,343.7638461538266,26762.02857142889,0.17727497942508663,45,0.36923076923076925,0.5384615384615384,,8.0
1139,3,2,swing_h4,0,atr,atr,,ema,7.0,140,46765.6714285692,0.4357142857142857,1.1900447153518035,334.0405102040657,37549.01428571443,0.1513768688015228,45,0.4357142857142857,0.5571428571428572,,8.0
1140,3,2,swing_h4,200,fixed,fixed_pips,1500.0,none,0.0,380,30458.599999994294,0.6868421052631579,1.0843936827621279,80.15421052630077,26633.900000000584,0.10091671932646797,45,0.6868421052631579,0.5789473684210527,,
1141,3,2,swing_h4,200,fixed,fixed_pips,1500.0,none,5.0,191,-43991.80000000326,0.518324607329843,0.7714026490017908,-230.32356020944115,48490.30000000335,-0.2326984744150458,45,0.518324607329843,0.4607329842931937,,
1142,3,2,swing_h4,200,fixed,fixed_pips,1500.0,none,7.0,310,-23483.20000000483,0.6064516129032258,0.923104025944583,-75.7522580645317,47565.800000001924,-0.10644726500689057,45,0.6064516129032258,0.5161290322580645,,
1143,3,2,swing_h4,200,fixed,fixed_pips,1500.0,ema,0.0,330,36800.799999994975,0.7090909090909091,1.1171693270105556,111.51757575756054,33794.30000000038,0.1289022328885416,45,0.7090909090909091,0.6121212121212121,,
1144,3,2,swing_h4,200,fixed,fixed_pips,1500.0,ema,5.0,138,-24961.60000000232,0.5507246376811594,0.820321385279376,-180.88115942030666,28856.100000001567,-0.1537312155307791,45,0.5507246376811594,0.4927536231884058,,
1145,3,2,swing_h4,200,fixed,fixed_pips,1500.0,ema,7.0,240,1136.6999999962445,0.6416666666666667,1.0049467701076882,4.736249999984352,29809.600000001556,0.00553543986217082,45,0.6416666666666667,0.5583333333333333,,
1146,3,2,swing_h4,200,fixed,fixed_pips,2500.0,none,0.0,261,84967.79999999588,0.6513409961685823,1.249625346633306,325.54712643676584,64606.200000000994,0.21283371379277222,45,0.6513409961685823,0.5823754789272031,,
1147,3,2,swing_h4,200,fixed,fixed_pips,2500.0,none,5.0,171,-25539.200000003122,0.4269005847953216,0.8774726919622504,-149.352046783644,61604.80000000213,-0.10909796133363903,45,0.4269005847953216,0.43859649122807015,,
1148,3,2,swing_h4,200,fixed,fixed_pips,2500.0,none,7.0,255,19047.69999999555,0.5254901960784314,1.0602166670776292,74.6968627450806,38064.20000000301,0.07651547881445107,45,0.5254901960784314,0.5019607843137255,,
1149,3,2,swing_h4,200,fixed,fixed_pips,2500.0,ema,0.0,237,52216.4999999961,0.6455696202531646,1.1579250129520975,220.32278481011014,51998.600000000806,0.13785744126234376,45,0.6455696202531646,0.6075949367088608,,
1150,3,2,swing_h4,200,fixed,fixed_pips,2500.0,ema,5.0,130,2124.999999997748,0.46923076923076923,1.0140503485147476,16.346153846136524,31156.40000000146,0.011634555225225865,45,0.46923076923076923,0.5,,
1151,3,2,swing_h4,200,fixed,fixed_pips,2500.0,ema,7.0,203,34441.499999996435,0.5566502463054187,1.1383306102186532,169.6625615763371,30627.20000000031,0.14198153601462363,45,0.5566502463054187,0.5467980295566502,,
1152,3,2,swing_h4,200,fixed,fixed_pips,4000.0,none,0.0,200,89978.49999999662,0.545,1.2575772279384518,449.8924999999831,37834.60000000031,0.21044626412279,45,0.545,0.58,,
1153,3,2,swing_h4,200,fixed,fixed_pips,4000.0,none,5.0,146,-3172.3000000028987,0.3424657534246575,0.9845010438331624,-21.728082191800677,43198.90000000213,-0.012182532085116417,45,0.3424657534246575,0.4863013698630137,,
1154,3,2,swing_h4,200,fixed,fixed_pips,4000.0,none,7.0,201,38121.7999999963,0.4427860696517413,1.1193196721054794,189.6606965173945,35911.40000000119,0.13693450919833045,45,0.4427860696517413,0.48756218905472637,,
1155,3,2,swing_h4,200,fixed,fixed_pips,4000.0,ema,0.0,184,80668.79999999692,0.5543478260869565,1.2444959556184785,438.4173913043311,30680.9000000007,0.19329877596097395,45,0.5543478260869565,0.6141304347826086,,
1156,3,2,swing_h4,200,fixed,fixed_pips,4000.0,ema,5.0,114,12968.899999997895,0.37719298245614036,1.0815604843984123,113.76228070173592,26944.30000000091,0.0592348843233543,45,0.37719298245614036,0.5263157894736842,,
1157,3,2,swing_h4,200,fixed,fixed_pips,4000.0,ema,7.0,159,32850.19999999699,0.46540880503144655,1.1248521546652106,206.60503144652196,34490.80000000067,0.11471449020083148,45,0.46540880503144655,0.5534591194968553,,
1158,3,2,swing_h4,200,r,r_multiple,,none,0.0,191,4845.249999997235,0.612565445026178,1.0139633973253253,25.367801047105942,79008.35000000102,0.013479621354078349,45,0.612565445026178,0.5759162303664922,0.75,
1159,3,2,swing_h4,200,r,r_multiple,,none,5.0,190,437.5499999970052,0.5526315789473685,1.002346434684852,2.3028947368263433,46259.625000002125,0.001890219740369347,45,0.5526315789473685,0.4631578947368421,0.75,
1160,3,2,swing_h4,200,r,r_multiple,,none,7.0,253,28951.399999995967,0.5810276679841897,1.0925589111378178,114.43241106717774,36054.30000000284,0.10241993302711355,45,0.5810276679841897,0.4901185770750988,0.75,
1161,3,2,swing_h4,200,r,r_multiple,,ema,0.0,179,9985.749999997424,0.6256983240223464,1.030434338693349,55.78631284914762,72909.37500000079,0.027586110672717646,45,0.6256983240223464,0.5921787709497207,0.75,
1162,3,2,swing_h4,200,r,r_multiple,,ema,5.0,138,5298.399999997899,0.5797101449275363,1.0397032596477918,38.3942028985355,31551.55000000142,0.030023061967088982,45,0.5797101449275363,0.4927536231884058,0.75,
1163,3,2,swing_h4,200,r,r_multiple,,ema,7.0,200,12142.124999996835,0.6,1.0469984327565744,60.71062499998418,32545.47500000072,0.050329631926674355,45,0.6,0.55,0.75,
1164,3,2,swing_h4,200,r,r_multiple,,none,0.0,146,19198.599999997554,0.5273972602739726,1.060509273091951,131.49726027395585,43210.50000000055,0.05734022653518606,45,0.5273972602739726,0.5547945205479452,1.0,
1165,3,2,swing_h4,200,r,r_multiple,,none,5.0,175,-10336.500000002972,0.46285714285714286,0.9493539461686179,-59.06571428573127,64462.9000000023,-0.034621878695908166,45,0.46285714285714286,0.4685714285714286,1.0,
1166,3,2,swing_h4,200,r,r_multiple,,none,7.0,210,-18175.000000003707,0.4714285714285714,0.9452855731829058,-86.5476190476367,51633.40000000276,-0.06443849641945355,45,0.4714285714285714,0.48095238095238096,1.0,
1167,3,2,swing_h4,200,r,r_multiple,,ema,0.0,136,44281.49999999771,0.5441176470588235,1.1509133732733472,325.5992647058655,40823.100000000566,0.13173449819039826,45,0.5441176470588235,0.6102941176470589,1.0,
1168,3,2,swing_h4,200,r,r_multiple,,ema,5.0,133,16735.49999999791,0.518796992481203,1.1151424083618187,125.83082706765347,27752.000000001546,0.07564097258192282,45,0.518796992481203,0.49624060150375937,1.0,
1169,3,2,swing_h4,200,r,r_multiple,,ema,7.0,170,6356.0999999971755,0.5176470588235295,1.0238493238732893,37.38882352939515,33515.80000000065,0.020569979476055312,45,0.5176470588235295,0.5352941176470588,1.0,
1170,3,2,swing_h4,200,r,r_multiple,,none,0.0,115,113061.04999999754,0.5043478260869565,1.446672937781625,983.13956521737,38888.20000000032,0.24375873340937604,45,0.4956521739130435,0.5304347826086957,1.5,
1171,3,2,swing_h4,200,r,r_multiple,,none,5.0,161,-7245.300000002961,0.37267080745341613,0.9669743915129619,-45.00186335405566,60476.500000002285,-0.025267683532542665,45,0.37267080745341613,0.4720496894409938,1.5,
1172,3,2,swing_h4,200,r,r_multiple,,none,7.0,175,101520.74999999684,0.42857142857142855,1.3650894430161364,580.1185714285534,30548.00000000146,0.2771178975897594,45,0.42857142857142855,0.4742857142857143,1.5,
1173,3,2,swing_h4,200,r,r_multiple,,ema,0.0,100,39634.74999999788,0.45,1.1418858569676928,396.3474999999788,39966.15000000043,0.09841833269966285,45,0.45,0.57,1.5,
1174,3,2,swing_h4,200,r,r_multiple,,ema,5.0,120,6871.049999998075,0.4083333333333333,1.0432672689994134,57.258749999983955,23959.900000000787,0.03626741280318424,45,0.4083333333333333,0.49166666666666664,1.5,
1175,3,2,swing_h4,200,r,r_multiple,,ema,7.0,146,76822.04999999757,0.4794520547945205,1.3207038849136976,526.1784246575177,31557.600000000413,0.2396948162657112,45,0.4794520547945205,0.541095890410959,1.5,
1176,3,2,swing_h4,200,r,r_multiple,,none,0.0,70,23791.499999998996,0.42857142857142855,1.1196789245572252,339.8785714285571,54559.50000000017,0.04575950462082611,45,0.4142857142857143,0.5714285714285714,2.0,
1177,3,2,swing_h4,200,r,r_multiple,,none,5.0,151,25673.099999997397,0.33774834437086093,1.120151408999443,170.02052980130728,47417.50000000212,0.0837250860895602,45,0.33774834437086093,0.48344370860927155,2.0,
1178,3,2,swing_h4,200,r,r_multiple,,none,7.0,114,145104.69999999815,0.4473684210526316,1.8067283748479959,1272.8482456140189,15819.600000000266,0.3900943778781335,45,0.43859649122807015,0.47368421052631576,2.0,
1179,3,2,swing_h4,200,r,r_multiple,,ema,0.0,61,11125.999999998949,0.4098360655737705,1.0580633175102123,182.39344262293358,54559.50000000016,0.02166397563091968,45,0.39344262295081966,0.6229508196721312,2.0,
1180,3,2,swing_h4,200,r,r_multiple,,ema,5.0,119,44445.09999999832,0.37815126050420167,1.2728573121236157,373.4882352941035,21487.700000000747,0.1810658418868808,45,0.37815126050420167,0.5210084033613446,2.0,
1181,3,2,swing_h4,200,r,r_multiple,,ema,7.0,106,103959.0999999984,0.4528301886792453,1.5468141331321823,980.7462264150793,40585.80000000016,0.3038335664768101,45,0.44339622641509435,0.5471698113207547,2.0,
1182,3,2,swing_h4,200,atr,atr,,none,0.0,353,52264.17857142323,0.6798866855524079,1.1431386278836262,148.05716309185053,35975.77142857226,0.15095210614883603,45,0.6798866855524079,0.5722379603399433,,3.0
1183,3,2,swing_h4,200,atr,atr,,none,5.0,193,-4795.571428574749,0.533678756476684,0.9746986280926532,-24.84752035530958,47863.27857143105,-0.02004058529113709,45,0.533678756476684,0.47150259067357514,,3.0
1184,3,2,swing_h4,200,atr,atr,,none,7.0,299,-12113.114285719046,0.5953177257525084,0.9636046410458768,-40.51208791210383,41777.742857145065,-0.04791556606970746,45,0.5953177257525084,0.5083612040133779,,3.0
1185,3,2,swing_h4,200,atr,atr,,ema,0.0,309,52939.428571423785,0.7055016181229773,1.165408163488467,171.32501155800577,30311.642857143306,0.17383642526793125,45,0.7055016181229773,0.5889967637540453,,3.0
1186,3,2,swing_h4,200,atr,atr,,ema,5.0,142,7139.3928571404595,0.5704225352112676,1.0529665878317864,50.27741448690465,28459.571428573126,0.038566426719430356,45,0.5704225352112676,0.49295774647887325,,3.0
1187,3,2,swing_h4,200,atr,atr,,ema,7.0,228,-9038.32857143227,0.6228070175438597,0.9651196779478851,-39.641791979966094,32579.21428571479,-0.037197103548480465,45,0.6228070175438597,0.5526315789473685,,3.0
1188,3,2,swing_h4,200,atr,atr,,none,0.0,253,43635.9999999962,0.5889328063241107,1.1130119965823841,172.47430830038024,53787.35714285854,0.11137649848606665,45,0.5889328063241107,0.5691699604743083,,5.0
1189,3,2,swing_h4,200,atr,atr,,none,5.0,166,-34118.32142857449,0.37349397590361444,0.844620794018726,-205.53205679864152,82397.1714285738,-0.12367583255292211,45,0.37349397590361444,0.4759036144578313,,5.0
1190,3,2,swing_h4,200,atr,atr,,none,7.0,227,-2916.4428571467215,0.4801762114537445,0.9911904528883232,-12.847765890514191,50770.4857142893,-0.011771102171612174,45,0.4801762114537445,0.4977973568281938,,5.0
1191,3,2,swing_h4,200,atr,atr,,ema,0.0,230,56456.49285713931,0.6217391304347826,1.1592520972799625,245.46301242234483,43008.72857142922,0.14767171221449182,45,0.6217391304347826,0.5956521739130435,,5.0
1192,3,2,swing_h4,200,atr,atr,,ema,5.0,124,-8339.235714287775,0.41935483870967744,0.9473331940906237,-67.25190092167561,43221.36428571585,-0.041150893916751724,45,0.41935483870967744,0.5161290322580645,,5.0
1193,3,2,swing_h4,200,atr,atr,,ema,7.0,180,12564.828571425223,0.5166666666666667,1.0478350165147274,69.80460317458457,36946.657142857766,0.04016636823484407,45,0.5166666666666667,0.55,,5.0
1194,3,2,swing_h4,200,atr,atr,,none,0.0,153,90988.49999999782,0.5555555555555556,1.3225593176476327,594.6960784313583,32300.842857143143,0.262287078950594,45,0.5555555555555556,0.5424836601307189,,8.0
1195,3,2,swing_h4,200,atr,atr,,none,5.0,146,30034.528571425926,0.3493150684931507,1.1460862453588279,205.71594911935566,41760.5428571451,0.10098057230874143,45,0.3493150684931507,0.4931506849315068,,8.0
1196,3,2,swing_h4,200,atr,atr,,none,7.0,163,78673.6428571406,0.4294478527607362,1.3024870414013188,482.6603856266294,47817.2571428585,0.24899164958085557,45,0.4294478527607362,0.4723926380368098,,8.0
1197,3,2,swing_h4,200,atr,atr,,ema,0.0,142,98735.45714285495,0.5633802816901409,1.36921023793301,695.3201207243306,26139.00000000003,0.28781846944739653,45,0.5633802816901409,0.5845070422535211,,8.0
1198,3,2,swing_h4,200,atr,atr,,ema,5.0,117,48708.92857142662,0.39316239316239315,1.3027576888931671,416.3156288156122,20911.085714285855,0.21681310286886624,45,0.39316239316239315,0.5299145299145299,,8.0
1199,3,2,swing_h4,200,atr,atr,,ema,7.0,129,60853.285714283425,0.4728682170542636,1.2701846600864588,471.73089700994905,33092.600000000544,0.19107154010372338,45,0.4728682170542636,0.5426356589147286,,8.0
1200,3,2,swing_d1,0,fixed,fixed_pips,1500.0,none,0.0,260,51930.999999996515,0.7807692307692308,1.205693802172542,199.73461538460197,32710.30000000105,0.14040297358183756,45,0.7807692307692308,0.6038461538461538,,
1201,3,2,swing_d1,0,fixed,fixed_pips,1500.0,none,5.0,111,9256.199999998058,0.4594594594594595,1.137703571795149,83.38918918917169,10858.500000000367,0.08550591739839035,45,0.4594594594594595,0.4594594594594595,,
1202,3,2,swing_d1,0,fixed,fixed_pips,1500.0,none,7.0,148,-36398.80000000253,0.4594594594594595,0.7369359837183874,-245.93783783785491,47220.200000002056,-0.22307350545506782,45,0.4594594594594595,0.43243243243243246,,
1203,3,2,swing_d1,0,fixed,fixed_pips,1500.0,ema,0.0,222,33262.199999997145,0.8333333333333334,1.1362393623796856,149.82972972971686,30048.60000000008,0.08974527847150437,45,0.8333333333333334,0.6351351351351351,,
1204,3,2,swing_d1,0,fixed,fixed_pips,1500.0,ema,5.0,30,24931.69999999962,0.7666666666666667,3.608791645739083,831.056666666654,2429.8000000000247,0.43384711623033817,45,0.7666666666666667,0.5666666666666667,,
1205,3,2,swing_d1,0,fixed,fixed_pips,1500.0,ema,7.0,58,-14919.300000000863,0.6206896551724138,0.783468526718643,-257.2293103448425,31828.300000000425,-0.11014032531080266,45,0.6206896551724138,0.46551724137931033,,
1206,3,2,swing_d1,0,fixed,fixed_pips,2500.0,none,0.0,165,100912.99999999738,0.7515151515151515,1.4815638261878605,611.5939393939235,35084.60000000031,0.258605046232348,45,0.7515151515151515,0.6181818181818182,,
1207,3,2,swing_d1,0,fixed,fixed_pips,2500.0,none,5.0,107,-19973.200000002107,0.29906542056074764,0.8001824781006095,-186.66542056076736,30949.9000000008,-0.1449926339393725,45,0.29906542056074764,0.45794392523364486,,
1208,3,2,swing_d1,0,fixed,fixed_pips,2500.0,none,7.0,141,-37796.7000000026,0.3546099290780142,0.7677931728918349,-268.061702127678,51387.40000000228,-0.217979944828768,45,0.3546099290780142,0.4326241134751773,,
1209,3,2,swing_d1,0,fixed,fixed_pips,2500.0,ema,0.0,142,92173.09999999797,0.823943661971831,1.4595711179462925,649.1063380281547,39785.00000000028,0.23407608042352437,45,0.823943661971831,0.6619718309859155,,
1210,3,2,swing_d1,0,fixed,fixed_pips,2500.0,ema,5.0,30,13657.59999999957,0.5333333333333333,1.5186220305000089,455.25333333331895,8030.9999999999945,0.16073686543593035,45,0.5333333333333333,0.5666666666666667,,
1211,3,2,swing_d1,0,fixed,fixed_pips,2500.0,ema,7.0,55,-15758.600000000866,0.4909090909090909,0.8106963653115826,-286.5200000000157,32283.300000000578,-0.11369239688362229,45,0.4909090909090909,0.4727272727272727,,
1212,3,2,swing_d1,0,fixed,fixed_pips,4000.0,none,0.0,116,103359.3999999983,0.6810344827586207,1.4826898909598234,891.029310344813,32903.10000000015,0.23639353571806732,45,0.6810344827586207,0.603448275862069,,
1213,3,2,swing_d1,0,fixed,fixed_pips,4000.0,none,5.0,102,1370.1999999979525,0.2549019607843137,1.0131563028695558,13.43333333331326,30893.200000000754,0.008992585952636136,45,0.2549019607843137,0.47058823529411764,,
1214,3,2,swing_d1,0,fixed,fixed_pips,4000.0,none,7.0,131,-1921.4000000024535,0.31297709923664124,0.9885242895768227,-14.667175572537813,26903.700000000936,-0.00946765534633647,45,0.31297709923664124,0.44274809160305345,,
1215,3,2,swing_d1,0,fixed,fixed_pips,4000.0,ema,0.0,102,83855.29999999849,0.7352941176470589,1.3880264054136011,822.1107843137107,44123.20000000027,0.19843878598335643,45,0.7352941176470589,0.6666666666666666,,
1216,3,2,swing_d1,0,fixed,fixed_pips,4000.0,ema,5.0,28,14866.999999999576,0.42857142857142855,1.4487879977057818,530.9642857142705,9365.30000000007,0.15337288081712258,45,0.42857142857142855,0.5357142857142857,,
1217,3,2,swing_d1,0,fixed,fixed_pips,4000.0,ema,7.0,50,-5452.300000000809,0.42,0.9390408064238334,-109.04600000001618,31780.1000000004,-0.032354759504235366,45,0.42,0.46,,
1218,3,2,swing_d1,0,r,r_multiple,,none,0.0,58,138304.64999999927,0.6724137931034483,2.3494953466905653,2384.5629310344702,23988.10000000008,0.36109637356337787,45,0.6379310344827587,0.6551724137931034,0.75,
1219,3,2,swing_d1,0,r,r_multiple,,none,5.0,111,3255.1999999983327,0.5135135135135135,1.044703539671072,29.326126126111106,13466.850000000524,0.03267289069397518,45,0.5135135135135135,0.45045045045045046,0.75,
1220,3,2,swing_d1,0,r,r_multiple,,none,7.0,143,-43247.00000000231,0.46853146853146854,0.7303288532600243,-302.4265734265895,59942.65000000205,-0.22349196681265882,45,0.46853146853146854,0.4195804195804196,0.75,
1221,3,2,swing_d1,0,r,r_multiple,,ema,0.0,50,136290.37499999936,0.72,2.3708933162470758,2725.807499999987,23988.10000000008,0.3612243561874031,45,0.68,0.68,0.75,
1222,3,2,swing_d1,0,r,r_multiple,,ema,5.0,30,16247.249999999602,0.7,1.8202450549783151,541.5749999999867,8030.9999999999945,0.24018610169899682,45,0.7,0.5666666666666667,0.75,
1223,3,2,swing_d1,0,r,r_multiple,,ema,7.0,54,-32270.425000000883,0.5185185185185185,0.6690219609805858,-597.6004629629793,51319.22500000054,-0.14617068519640175,45,0.5185185185185185,0.46296296296296297,0.75,
1224,3,2,swing_d1,0,r,r_multiple,,none,0.0,43,132033.59999999945,0.5813953488372093,2.080329907704385,3070.5488372092896,30910.60000000007,0.25203147270689275,45,0.5348837209302325,0.5581395348837209,1.0,
1225,3,2,swing_d1,0,r,r_multiple,,none,5.0,110,16370.69999999833,0.4909090909090909,1.2142859947772224,148.8245454545303,13606.900000000427,0.14059631445067602,45,0.4909090909090909,0.45454545454545453,1.0,
1226,3,2,swing_d1,0,r,r_multiple,,none,7.0,136,-48464.40000000228,0.4264705882352941,0.7218299471145964,-356.3558823529579,58620.50000000215,-0.21476662396008128,45,0.4264705882352941,0.4117647058823529,1.0,
1227,3,2,swing_d1,0,r,r_multiple,,ema,0.0,38,113644.99999999955,0.5789473684210527,1.889630127731921,2990.6578947368303,39414.70000000013,0.23767185249946068,45,0.5263157894736842,0.631578947368421,1.0,
1228,3,2,swing_d1,0,r,r_multiple,,ema,5.0,30,28269.09999999962,0.7,2.4271701047061964,942.3033333333207,8030.999999999993,0.33607437741111007,45,0.7,0.5666666666666667,1.0,
1229,3,2,swing_d1,0,r,r_multiple,,ema,7.0,52,-39059.10000000088,0.46153846153846156,0.6421117542334073,-751.1365384615553,51662.2000000005,-0.16827201005537415,45,0.46153846153846156,0.4423076923076923,1.0,
1230,3,2,swing_d1,0,r,r_multiple,,none,0.0,42,105589.24999999926,0.47619047619047616,1.7466712819798342,2514.029761904744,21352.700000000048,0.25871701779001544,45,0.40476190476190477,0.4523809523809524,1.5,
1231,3,2,swing_d1,0,r,r_multiple,,none,5.0,104,572.3999999985626,0.38461538461538464,1.0060570467135288,5.503846153832333,19190.200000000572,0.0039690714580929935,45,0.38461538461538464,0.46153846153846156,1.5,
1232,3,2,swing_d1,0,r,r_multiple,,none,7.0,125,-42219.40000000188,0.336,0.7591697341303236,-337.755200000015,54144.35000000131,-0.17474959837042317,45,0.336,0.424,1.5,
1233,3,2,swing_d1,0,r,r_multiple,,ema,0.0,35,36645.2499999994,0.45714285714285713,1.2213592555565917,1047.0071428571257,49635.200000000164,0.08679436450119443,45,0.37142857142857144,0.5714285714285714,1.5,
1234,3,2,swing_d1,0,r,r_multiple,,ema,5.0,25,17065.29999999975,0.56,1.6089617322542304,682.61199999999,8030.9999999999945,0.19324684713219242,45,0.56,0.56,1.5,
1235,3,2,swing_d1,0,r,r_multiple,,ema,7.0,44,-54619.4500000007,0.3409090909090909,0.5329191818905552,-1241.3511363636524,70890.20000000056,-0.21860451375669074,45,0.3409090909090909,0.45454545454545453,1.5,
1236,3,2,swing_d1,0,r,r_multiple,,none,0.0,28,143212.49999999968,0.5714285714285714,3.3981262087962545,5114.732142857131,16554.300000000017,0.347331465671955,45,0.35714285714285715,0.6071428571428571,2.0,
1237,3,2,swing_d1,0,r,r_multiple,,none,5.0,102,-1405.400000001604,0.30392156862745096,0.9865080736516562,-13.778431372564745,30559.50000000137,-0.007386111071204455,45,0.30392156862745096,0.46078431372549017,2.0,
1238,3,2,swing_d1,0,r,r_multiple,,none,7.0,106,-76121.90000000154,0.27358490566037735,0.5712034113601173,-718.1311320754862,93113.50000000148,-0.3405025777946497,45,0.27358490566037735,0.44339622641509435,2.0,
1239,3,2,swing_d1,0,r,r_multiple,,ema,0.0,27,136942.1999999997,0.5925925925925926,3.245351636027348,5071.933333333322,16554.300000000017,0.34950535909755737,45,0.37037037037037035,0.6296296296296297,2.0,
1240,3,2,swing_d1,0,r,r_multiple,,ema,5.0,25,22287.299999999734,0.48,1.7283955055592093,891.4919999999894,9333.300000000054,0.1960618658445255,45,0.48,0.56,2.0,
1241,3,2,swing_d1,0,r,r_multiple,,ema,7.0,40,-80548.00000000058,0.275,0.3524570263573799,-2013.7000000000146,91841.5000000006,-0.33927068719963094,45,0.275,0.475,2.0,
1242,3,2,swing_d1,0,atr,atr,,none,0.0,217,62029.04285713959,0.7649769585253456,1.2424668869364475,285.84812376562024,30616.06428571524,0.17644535364271846,45,0.7649769585253456,0.5852534562211982,,3.0
1243,3,2,swing_d1,0,atr,atr,,none,5.0,111,14055.642857141036,0.45045045045045046,1.179352305023304,126.62741312739672,11017.07857142892,0.12659707731650846,45,0.45045045045045046,0.45045045045045046,,3.0
1244,3,2,swing_d1,0,atr,atr,,none,7.0,147,-22625.285714288064,0.46938775510204084,0.8484169522022792,-153.91350826046303,48452.807142857826,-0.11824086856587458,45,0.46938775510204084,0.42857142857142855,,3.0
1245,3,2,swing_d1,0,atr,atr,,ema,0.0,189,50692.09285714014,0.8306878306878307,1.2097715527632502,268.21213151925997,36299.43571428654,0.14761518789245914,45,0.8306878306878307,0.6190476190476191,,3.0
1246,3,2,swing_d1,0,atr,atr,,ema,5.0,30,21355.971428571094,0.7,2.078159686011113,711.8657142857031,8030.9999999999945,0.28986998269950864,45,0.7,0.5666666666666667,,3.0
1247,3,2,swing_d1,0,atr,atr,,ema,7.0,56,-18254.135714286505,0.6071428571428571,0.7800277196960564,-325.9667091836876,49248.350000000486,-0.08837314987811846,45,0.6071428571428571,0.48214285714285715,,3.0
1248,3,2,swing_d1,0,atr,atr,,none,0.0,134,54135.72142856952,0.7014925373134329,1.2417346318639344,403.9979211087278,39758.37857142883,0.1348689266588127,45,0.7014925373134329,0.6194029850746269,,5.0
1249,3,2,swing_d1,0,atr,atr,,none,5.0,105,3116.828571426484,0.2857142857142857,1.0332395766965317,29.68408163263318,27328.05000000073,0.01570465033643487,45,0.2857142857142857,0.47619047619047616,,5.0
1250,3,2,swing_d1,0,atr,atr,,none,7.0,133,-40663.37857143092,0.3157894736842105,0.7591141957894667,-305.7396885069994,49921.171428573565,-0.2272095562532629,45,0.3157894736842105,0.44360902255639095,,5.0
1251,3,2,swing_d1,0,atr,atr,,ema,0.0,116,65589.26428571278,0.7931034482758621,1.324048023703411,565.4246921182137,45297.70000000026,0.16488505971416798,45,0.7931034482758621,0.6551724137931034,,5.0
1252,3,2,swing_d1,0,atr,atr,,ema,5.0,28,34877.47857142813,0.6071428571428571,2.6479080058506757,1245.6242346938618,8030.999999999993,0.3883148261216284,45,0.6071428571428571,0.6071428571428571,,5.0
1253,3,2,swing_d1,0,atr,atr,,ema,7.0,50,-19523.064285714987,0.46,0.7974819475432474,-390.4612857142997,41026.76428571469,-0.08626977663430002,45,0.46,0.48,,5.0
1254,3,2,swing_d1,0,atr,atr,,none,0.0,79,135993.8571428563,0.6835443037974683,1.937027896738002,1721.4412296564087,29650.599999999977,0.4127609318773449,45,0.6835443037974683,0.5822784810126582,,8.0
1255,3,2,swing_d1,0,atr,atr,,none,5.0,99,21725.742857140853,0.23232323232323232,1.2129327641318863,219.45194805192781,35785.685714286476,0.09130372685421054,45,0.23232323232323232,0.46464646464646464,,8.0
1256,3,2,swing_d1,0,atr,atr,,none,7.0,120,18227.914285712333,0.2833333333333333,1.1170855547279401,151.89928571426944,26231.028571429328,0.05882556694719194,45,0.2833333333333333,0.425,,8.0
1257,3,2,swing_d1,0,atr,atr,,ema,0.0,72,136672.42857142782,0.7361111111111112,1.9683019314784806,1898.2281746031642,29650.599999999977,0.40619864983982856,45,0.7361111111111112,0.6388888888888888,,8.0
1258,3,2,swing_d1,0,atr,atr,,ema,5.0,25,30641.38571428525,0.44,1.9716288860792874,1225.65542857141,9333.300000000054,0.25278988711236466,45,0.44,0.56,,8.0
1259,3,2,swing_d1,0,atr,atr,,ema,7.0,45,-23843.357142857843,0.35555555555555557,0.7844570860345532,-529.8523809523965,49096.285714286,-0.08977390244509817,45,0.35555555555555557,0.4666666666666667,,8.0
1260,3,2,swing_d1,200,fixed,fixed_pips,1500.0,none,0.0,262,62316.09999999651,0.7900763358778626,1.251193161571798,237.84770992365083,31054.20000000009,0.17381223168057117,45,0.7900763358778626,0.6030534351145038,,
1261,3,2,swing_d1,200,fixed,fixed_pips,1500.0,none,5.0,100,15482.49999999823,0.48,1.2740580774779027,154.8249999999823,9411.200000000144,0.16062577666687694,45,0.48,0.44,,
1262,3,2,swing_d1,200,fixed,fixed_pips,1500.0,none,7.0,137,-14510.900000002333,0.49635036496350365,0.875418215972419,-105.91897810220681,32267.60000000063,-0.10219065468245367,45,0.49635036496350365,0.41605839416058393,,
1263,3,2,swing_d1,200,fixed,fixed_pips,1500.0,ema,0.0,223,36641.59999999716,0.8385650224215246,1.1503153243145225,164.31210762330565,30648.60000000008,0.10004838602068526,45,0.8385650224215246,0.6322869955156951,,
1264,3,2,swing_d1,200,fixed,fixed_pips,1500.0,ema,5.0,25,22075.99999999968,0.8,3.7894869850896384,883.0399999999872,2629.800000000021,0.4226145967324523,45,0.8,0.56,,
1265,3,2,swing_d1,200,fixed,fixed_pips,1500.0,ema,7.0,52,-252.20000000071923,0.6923076923076923,0.9953497977290946,-4.850000000013831,20756.000000000175,-0.0020880011037222616,45,0.6923076923076923,0.4230769230769231,,
1266,3,2,swing_d1,200,fixed,fixed_pips,2500.0,none,0.0,159,80871.39999999753,0.7547169811320755,1.3686638843745527,508.6251572326889,38854.20000000033,0.21281166170633564,45,0.7547169811320755,0.5974842767295597,,
1267,3,2,swing_d1,200,fixed,fixed_pips,2500.0,none,5.0,98,-1462.8000000019274,0.336734693877551,0.9825745744600787,-14.926530612264566,23389.80000000063,-0.011296802294663027,45,0.336734693877551,0.42857142857142855,,
1268,3,2,swing_d1,200,fixed,fixed_pips,2500.0,none,7.0,127,-22817.800000002346,0.3700787401574803,0.8373576118202802,-179.66771653545155,38370.10000000202,-0.15998935000307107,45,0.3700787401574803,0.4094488188976378,,
1269,3,2,swing_d1,200,fixed,fixed_pips,2500.0,ema,0.0,138,73525.59999999804,0.8188405797101449,1.3514393000810554,532.7942028985366,41185.00000000028,0.19383664505839934,45,0.8188405797101449,0.6521739130434783,,
1270,3,2,swing_d1,200,fixed,fixed_pips,2500.0,ema,5.0,25,10909.399999999643,0.56,1.4529804514275084,436.3759999999857,8230.999999999995,0.14059057275785294,45,0.56,0.56,,
1271,3,2,swing_d1,200,fixed,fixed_pips,2500.0,ema,7.0,48,-4591.000000000713,0.5416666666666666,0.9340164994682129,-95.6458333333482,21561.500000000204,-0.03594700103119613,45,0.5416666666666666,0.4166666666666667,,
1272,3,2,swing_d1,200,fixed,fixed_pips,4000.0,none,0.0,116,95155.49999999828,0.6810344827586207,1.4279806239205437,820.3060344827438,33903.10000000015,0.217834640276394,45,0.6810344827586207,0.6120689655172413,,
1273,3,2,swing_d1,200,fixed,fixed_pips,4000.0,none,5.0,93,21759.599999998143,0.2903225806451613,1.247950326979084,233.97419354836714,23973.300000000632,0.15114378452051652,45,0.2903225806451613,0.43010752688172044,,
1274,3,2,swing_d1,200,fixed,fixed_pips,4000.0,none,7.0,117,20874.19999999777,0.3333333333333333,1.1527708758881912,178.41196581194677,22831.000000000837,0.12590328138743492,45,0.3333333333333333,0.41025641025641024,,
1275,3,2,swing_d1,200,fixed,fixed_pips,4000.0,ema,0.0,101,92381.59999999852,0.7425742574257426,1.4450390185224085,914.6693069306784,37497.00000000013,0.2159484805531348,45,0.7425742574257426,0.6633663366336634,,
1276,3,2,swing_d1,200,fixed,fixed_pips,4000.0,ema,5.0,24,21387.39999999966,0.5,1.8038381454225447,891.1416666666524,8396.80000000003,0.22748779516367326,45,0.5,0.5416666666666666,,
1277,3,2,swing_d1,200,fixed,fixed_pips,4000.0,ema,7.0,43,-313.40000000068267,0.4418604651162791,0.9958927394274644,-7.288372093039132,26162.300000000163,-0.0020462584405745395,45,0.4418604651162791,0.3953488372093023,,
1278,3,2,swing_d1,200,r,r_multiple,,none,0.0,58,141950.32499999923,0.7068965517241379,2.4788602644335556,2447.4193965517106,25926.900000000067,0.3553375029950452,45,0.6724137931034483,0.6724137931034483,0.75,
1279,3,2,swing_d1,200,r,r_multiple,,none,5.0,100,8783.524999998439,0.53,1.1399912181998157,87.83524999998438,12275.700000000372,0.09615934377947472,45,0.53,0.43,0.75,
1280,3,2,swing_d1,200,r,r_multiple,,none,7.0,131,-29129.050000002084,0.48854961832061067,0.7963800889162164,-222.3591603053594,46832.12500000182,-0.16185724134418314,45,0.48854961832061067,0.40458015267175573,0.75,
1281,3,2,swing_d1,200,r,r_multiple,,ema,0.0,45,133926.27499999944,0.7333333333333333,2.476205947094065,2976.1394444444322,25926.900000000067,0.3452263644481212,45,0.6888888888888889,0.7111111111111111,0.75,
1282,3,2,swing_d1,200,r,r_multiple,,ema,5.0,25,13525.399999999649,0.72,1.7285429571774609,541.015999999986,8230.999999999995,0.21057427821351155,45,0.72,0.56,0.75,
1283,3,2,swing_d1,200,r,r_multiple,,ema,7.0,47,-22476.125000000735,0.5531914893617021,0.7402838073470221,-478.2154255319305,40679.50000000033,-0.10555528598253414,45,0.5531914893617021,0.40425531914893614,0.75,
1284,3,2,swing_d1,200,r,r_multiple,,none,0.0,44,107812.69999999944,0.5909090909090909,1.8203569121385517,2450.288636363624,31310.60000000007,0.22577703703137605,45,0.5454545454545454,0.5909090909090909,1.0,
1285,3,2,swing_d1,200,r,r_multiple,,none,5.0,100,15935.599999998522,0.51,1.2270914858505777,159.35599999998522,16373.200000000088,0.13328931694007592,45,0.51,0.43,1.0,
1286,3,2,swing_d1,200,r,r_multiple,,none,7.0,127,-27327.900000002017,0.4566929133858268,0.8185797145514384,-215.1803149606458,44076.4000000005,-0.12688408362866982,45,0.4566929133858268,0.3937007874015748,1.0,
1287,3,2,swing_d1,200,r,r_multiple,,ema,0.0,39,92014.49999999952,0.5641025641025641,1.6696254108996331,2359.3461538461415,40214.70000000013,0.20491225460611323,45,0.5128205128205128,0.6410256410256411,1.0,
1288,3,2,swing_d1,200,r,r_multiple,,ema,5.0,25,24225.1999999997,0.72,2.304885537301349,969.007999999988,8230.999999999995,0.30050779636991776,45,0.72,0.56,1.0,
1289,3,2,swing_d1,200,r,r_multiple,,ema,7.0,46,-23496.000000000684,0.5217391304347826,0.7544073100827154,-510.782608695667,43413.500000000335,-0.10273931340045056,45,0.5217391304347826,0.391304347826087,1.0,
1290,3,2,swing_d1,200,r,r_multiple,,none,0.0,37,96171.39999999935,0.5135135135135135,1.8002086819339433,2599.2270270270096,23741.10000000005,0.24778470979077083,45,0.43243243243243246,0.4864864864864865,1.5,
1291,3,2,swing_d1,200,r,r_multiple,,none,5.0,94,8712.29999999873,0.39361702127659576,1.106138962695469,92.68404255317797,16373.200000000088,0.06384054304496356,45,0.39361702127659576,0.43617021276595747,1.5,
1292,3,2,swing_d1,200,r,r_multiple,,none,7.0,112,-1034.0500000017055,0.38392857142857145,0.992733126066424,-9.232589285729514,43203.15000000037,-0.004455293819284575,45,0.38392857142857145,0.4017857142857143,1.5,
1293,3,2,swing_d1,200,r,r_multiple,,ema,0.0,33,51571.89999999944,0.48484848484848486,1.3552483478150605,1562.7848484848316,43595.90000000016,0.1275343791317795,45,0.3939393939393939,0.5757575757575758,1.5,
1294,3,2,swing_d1,200,r,r_multiple,,ema,5.0,22,14488.349999999764,0.5454545454545454,1.563795096097334,658.5613636363529,8230.999999999995,0.16990811710330728,45,0.5454545454545454,0.5909090909090909,1.5,
1295,3,2,swing_d1,200,r,r_multiple,,ema,7.0,38,-37241.60000000061,0.3684210526315789,0.6351899252484897,-980.042105263174,57997.80000000035,-0.15149980460958312,45,0.3684210526315789,0.39473684210526316,1.5,
1296,3,2,swing_d1,200,r,r_multiple,,none,0.0,27,144253.3999999997,0.5925925925925926,3.536800769551356,5342.718518518507,17499.40000000001,0.3469531979588394,45,0.37037037037037035,0.6666666666666666,2.0,
1297,3,2,swing_d1,200,r,r_multiple,,none,5.0,92,4753.799999998522,0.30434782608695654,1.0507352329073394,51.67173913041872,26214.600000000606,0.02570644804438461,45,0.30434782608695654,0.44565217391304346,2.0,
1298,3,2,swing_d1,200,r,r_multiple,,none,7.0,93,-56541.80000000153,0.27956989247311825,0.6373879940383136,-607.976344086038,76717.20000000145,-0.2690674710377366,45,0.27956989247311825,0.41935483870967744,2.0,
1299,3,2,swing_d1,200,r,r_multiple,,ema,0.0,23,157158.29999999973,0.6521739130434783,4.634406985833132,6832.96956521738,12667.90000000003,0.4329059583508286,45,0.34782608695652173,0.6956521739130435,2.0,
1300,3,2,swing_d1,200,r,r_multiple,,ema,5.0,22,21932.899999999834,0.5,1.8114340468667798,996.9499999999924,8230.999999999995,0.20059234904562784,45,0.5,0.5909090909090909,2.0,
1301,3,2,swing_d1,200,r,r_multiple,,ema,7.0,34,-67822.60000000044,0.29411764705882354,0.38832100462303937,-1994.7823529411894,79916.10000000046,-0.2928660381013994,45,0.29411764705882354,0.4117647058823529,2.0,
1302,3,2,swing_d1,200,atr,atr,,none,0.0,218,67891.30714285394,0.7752293577981652,1.2664502366681434,311.4280144167612,27401.114285714633,0.20276070033437196,45,0.7752293577981652,0.5825688073394495,,3.0
1303,3,2,swing_d1,200,atr,atr,,none,5.0,100,15469.10714285552,0.45,1.2191544872290203,154.6910714285552,11269.76428571454,0.14906166629903678,45,0.45,0.43,,3.0
1304,3,2,swing_d1,200,atr,atr,,none,7.0,138,-10338.58571428786,0.4927536231884058,0.9236639119822873,-74.91728778469464,44887.942857143484,-0.054880018113256185,45,0.4927536231884058,0.42028985507246375,,3.0
1305,3,2,swing_d1,200,atr,atr,,ema,0.0,190,50846.41428571158,0.8315789473684211,1.2093363355517746,267.61270676690305,30637.33571428647,0.15205871137311988,45,0.8315789473684211,0.6157894736842106,,3.0
1306,3,2,swing_d1,200,atr,atr,,ema,5.0,25,19452.307142856916,0.72,2.0477946212150173,778.0922857142766,8230.999999999995,0.2751922893917388,45,0.72,0.56,,3.0
1307,3,2,swing_d1,200,atr,atr,,ema,7.0,52,-9718.721428572077,0.6538461538461539,0.871664468980549,-186.89848901100146,45206.400000000256,-0.046060126291906374,45,0.6538461538461539,0.4423076923076923,,3.0
1308,3,2,swing_d1,200,atr,atr,,none,0.0,140,63020.63571428389,0.7071428571428572,1.2747638598669775,450.14739795917063,32842.37857142876,0.1549078490179963,45,0.7071428571428572,0.6142857142857143,,5.0
1309,3,2,swing_d1,200,atr,atr,,none,5.0,96,18925.621428569506,0.3229166666666667,1.2351835667516546,197.14188988093235,20197.378571429206,0.0974779968675999,45,0.3229166666666667,0.4583333333333333,,5.0
1310,3,2,swing_d1,200,atr,atr,,none,7.0,121,-19163.350000002087,0.33884297520661155,0.8700557252280963,-158.374793388447,34207.750000000306,-0.12001556212901641,45,0.33884297520661155,0.4214876033057851,,5.0
1311,3,2,swing_d1,200,atr,atr,,ema,0.0,121,73650.14999999845,0.7933884297520661,1.355816046618804,608.6789256198219,38381.700000000186,0.1842733425593001,45,0.7933884297520661,0.6446280991735537,,5.0
1312,3,2,swing_d1,200,atr,atr,,ema,5.0,23,30675.17142857109,0.6086956521739131,2.5244669453963513,1333.7031055900475,8230.999999999993,0.3600903098561455,45,0.6086956521739131,0.6086956521739131,,5.0
1313,3,2,swing_d1,200,atr,atr,,ema,7.0,43,-6477.750000000558,0.5116279069767442,0.9215146393326362,-150.6453488372223,33498.43571428587,-0.028821312944929706,45,0.5116279069767442,0.4186046511627907,,5.0
1314,3,2,swing_d1,200,atr,atr,,none,0.0,83,134911.89999999903,0.6746987951807228,1.8992561960885368,1625.4445783132414,30050.599999999977,0.40577744048278663,45,0.6746987951807228,0.5903614457831325,,8.0
1315,3,2,swing_d1,200,atr,atr,,none,5.0,90,31247.51428571251,0.25555555555555554,1.3472246959815624,347.19460317458345,27502.785714286365,0.1358977330181454,45,0.25555555555555554,0.4444444444444444,,8.0
1316,3,2,swing_d1,200,atr,atr,,none,7.0,109,33280.82857142674,0.29357798165137616,1.2474593190980325,305.3287024901536,20499.61428571503,0.11136027752823852,45,0.29357798165137616,0.3944954128440367,,8.0
1317,3,2,swing_d1,200,atr,atr,,ema,0.0,73,136536.09999999916,0.7397260273972602,1.9458913101460638,1870.3575342465638,30050.599999999977,0.39939532170001796,45,0.7397260273972602,0.6301369863013698,,8.0
1318,3,2,swing_d1,200,atr,atr,,ema,5.0,22,33807.828571428174,0.45454545454545453,2.208799617114782,1536.7194805194624,8230.999999999993,0.2799485942644342,45,0.45454545454545453,0.5909090909090909,,8.0
1319,3,2,swing_d1,200,atr,atr,,ema,7.0,38,-18319.48571428629,0.3684210526315789,0.812073337420037,-482.0917293233234,48054.471428571625,-0.07065673302376349,45,0.3684210526315789,0.39473684210526316,,8.0
1320,3,2,ltf,0,fixed,fixed_pips,1500.0,none,0.0,516,15280.699999990866,0.45155038759689925,1.0457365218130186,29.61375968990478,35112.000000002925,0.07323049384962467,45,0.45155038759689925,0.563953488372093,,
1321,3,2,ltf,0,fixed,fixed_pips,1500.0,none,5.0,510,10034.19999999091,0.4392156862745098,1.030793564475819,19.67490196076649,34320.70000000274,0.04875796470723301,45,0.4392156862745098,0.5588235294117647,,
1322,3,2,ltf,0,fixed,fixed_pips,1500.0,none,7.0,517,21023.599999990893,0.44874274661508706,1.0643198135962337,40.664603481607145,35077.40000000292,0.0971022397467459,45,0.44874274661508706,0.5609284332688588,,
1323,3,2,ltf,0,fixed,fixed_pips,1500.0,ema,0.0,407,44067.09999999282,0.4914004914004914,1.1722495425724837,108.27297297295533,19693.8000000011,0.22125555825920903,45,0.4914004914004914,0.5896805896805897,,
1324,3,2,ltf,0,fixed,fixed_pips,1500.0,ema,5.0,400,39107.299999992916,0.4775,1.15813887096171,97.76824999998229,22105.60000000141,0.20005676563313252,45,0.4775,0.585,,
1325,3,2,ltf,0,fixed,fixed_pips,1500.0,ema,7.0,408,49809.999999992855,0.4877450980392157,1.2003696842799378,122.08333333331582,19693.8000000011,0.24287500079348695,45,0.4877450980392157,0.5857843137254902,,
1326,3,2,ltf,0,fixed,fixed_pips,2500.0,none,0.0,445,25656.29999999165,0.3685393258426966,1.0665983454958807,57.65460674155427,21587.000000003147,0.1256199370773103,45,0.3685393258426966,0.5662921348314607,,
1327,3,2,ltf,0,fixed,fixed_pips,2500.0,none,5.0,445,28579.499999991614,0.3550561797752809,1.0778056463712102,64.22359550559914,25951.400000001217,0.14516699961753562,45,0.3550561797752809,0.5573033707865168,,
1328,3,2,ltf,0,fixed,fixed_pips,2500.0,none,7.0,447,29662.79999999163,0.36465324384787473,1.0783210771273377,66.35973154360543,22739.300000001007,0.14178796560713336,45,0.36465324384787473,0.5615212527964206,,
1329,3,2,ltf,0,fixed,fixed_pips,2500.0,ema,0.0,367,38745.49999999306,0.3869209809264305,1.1221634683446124,105.57356948226992,17775.600000000763,0.19972209488456247,45,0.3869209809264305,0.5885558583106267,,
1330,3,2,ltf,0,fixed,fixed_pips,2500.0,ema,5.0,364,44858.29999999314,0.37362637362637363,1.1515220504013743,123.23708791206907,24307.600000001035,0.2243126634516467,45,0.37362637362637363,0.5796703296703297,,
1331,3,2,ltf,0,fixed,fixed_pips,2500.0,ema,7.0,370,42249.99999999302,0.3810810810810811,1.1357834997176421,114.18918918917034,21382.20000000086,0.21351899442727454,45,0.3810810810810811,0.5837837837837838,,
1332,3,2,ltf,0,fixed,fixed_pips,4000.0,none,0.0,341,85644.59999999331,0.31378299120234604,1.2489949447786315,251.15718475071353,18557.10000000034,0.34171603572458836,45,0.31378299120234604,0.5747800586510264,,
1333,3,2,ltf,0,fixed,fixed_pips,4000.0,none,5.0,350,79138.8999999929,0.29428571428571426,1.2361377543088619,226.11114285712256,23545.80000000119,0.31046659030246176,45,0.29428571428571426,0.56,,
1334,3,2,ltf,0,fixed,fixed_pips,4000.0,none,7.0,345,87183.99999999326,0.3072463768115942,1.257012844746341,252.70724637679206,17600.600000000122,0.3449074274204226,45,0.3072463768115942,0.5681159420289855,,
1335,3,2,ltf,0,fixed,fixed_pips,4000.0,ema,0.0,290,86764.19999999426,0.3275862068965517,1.295803919723578,299.18689655170436,18267.500000000306,0.32855638230502965,45,0.3275862068965517,0.593103448275862,,
1336,3,2,ltf,0,fixed,fixed_pips,4000.0,ema,5.0,298,75679.2999999939,0.30201342281879195,1.2654726600620347,253.95738255031512,26016.30000000108,0.2892063535927077,45,0.30201342281879195,0.5838926174496645,,
1337,3,2,ltf,0,fixed,fixed_pips,4000.0,ema,7.0,294,88303.59999999423,0.3197278911564626,1.3059979388430796,300.35238095236133,19566.70000000055,0.3318358454900203,45,0.3197278911564626,0.5850340136054422,,
1338,3,2,ltf,0,r,r_multiple,,none,0.0,519,27449.82499999251,0.5664739884393064,1.0884497859791276,52.88983622349231,26625.90000000223,0.12922091520686854,45,0.5664739884393064,0.5568400770712909,0.75,
1339,3,2,ltf,0,r,r_multiple,,none,5.0,530,21321.399999992263,0.5528301886792453,1.0709257464178257,40.22905660375899,27642.375000002245,0.10774531065796686,45,0.5528301886792453,0.5509433962264151,0.75,
1340,3,2,ltf,0,r,r_multiple,,none,7.0,523,23110.049999992472,0.5602294455066922,1.0750632400744982,44.187476099411995,26625.90000000223,0.10860950786203843,45,0.5602294455066922,0.5506692160611855,0.75,
1341,3,2,ltf,0,r,r_multiple,,ema,0.0,413,46384.24999999402,0.5980629539951574,1.190203685463559,112.31053268763685,22624.67500000031,0.23740881326063085,45,0.5980629539951574,0.5811138014527845,0.75,
1342,3,2,ltf,0,r,r_multiple,,ema,5.0,419,41736.199999993885,0.5847255369928401,1.1808399641579872,99.60906921239591,15016.500000000087,0.24765708019370308,45,0.5847255369928401,0.5751789976133651,0.75,
1343,3,2,ltf,0,r,r_multiple,,ema,7.0,416,45064.92499999401,0.59375,1.1887521895122608,108.32914663460097,22624.67500000031,0.22832183060498393,45,0.59375,0.5745192307692307,0.75,
1344,3,2,ltf,0,r,r_multiple,,none,0.0,486,23805.19999999248,0.49382716049382713,1.0677867836672725,48.98189300409975,27060.200000002238,0.12980536288511987,45,0.49382716049382713,0.5576131687242798,1.0,
1345,3,2,ltf,0,r,r_multiple,,none,5.0,504,32431.39999999232,0.49404761904761907,1.0977575807082904,64.34801587300063,26406.900000002228,0.15755976807978067,45,0.49404761904761907,0.5615079365079365,1.0,
1346,3,2,ltf,0,r,r_multiple,,none,7.0,496,25234.499999992433,0.4939516129032258,1.0726230133319674,50.87600806450087,24657.400000002213,0.12643831766361877,45,0.4939516129032258,0.5544354838709677,1.0,
1347,3,2,ltf,0,r,r_multiple,,ema,0.0,389,44903.89999999397,0.5244215938303342,1.1600379638381015,115.43419023134696,20770.200000000237,0.2494699393021835,45,0.5244215938303342,0.583547557840617,1.0,
1348,3,2,ltf,0,r,r_multiple,,ema,5.0,402,52310.29999999392,0.5248756218905473,1.2019189719368322,130.12512437809434,19280.400000000962,0.2650179206501016,45,0.5248756218905473,0.5895522388059702,1.0,
1349,3,2,ltf,0,r,r_multiple,,ema,7.0,398,45469.49999999392,0.5226130653266332,1.164222326319502,114.24497487435657,20770.200000000237,0.23117708273507276,45,0.5226130653266332,0.5804020100502513,1.0,
1350,3,2,ltf,0,r,r_multiple,,none,0.0,419,58254.74999999395,0.4033412887828162,1.1653400334342594,139.0328162291025,28543.850000000828,0.18591245606827742,45,0.4033412887828162,0.5584725536992841,1.5,
1351,3,2,ltf,0,r,r_multiple,,none,5.0,450,33984.449999993514,0.3933333333333333,1.0947669715376394,75.52099999998559,35050.25000000299,0.10956946507096325,45,0.3933333333333333,0.5511111111111111,1.5,
1352,3,2,ltf,0,r,r_multiple,,none,7.0,426,51427.44999999389,0.39906103286384975,1.1461608770200946,120.72171361500914,28543.850000000835,0.16228999625733972,45,0.39906103286384975,0.5516431924882629,1.5,
1353,3,2,ltf,0,r,r_multiple,,ema,0.0,341,55629.34999999497,0.41348973607038125,1.1891661900334611,163.13592375365093,27302.15000000067,0.20630348759464,45,0.41348973607038125,0.5835777126099707,1.5,
1354,3,2,ltf,0,r,r_multiple,,ema,5.0,366,33695.64999999467,0.40437158469945356,1.1142902254317868,92.06461748632422,27538.400000001,0.12632873337555545,45,0.40437158469945356,0.5792349726775956,1.5,
1355,3,2,ltf,0,r,r_multiple,,ema,7.0,347,50056.94999999493,0.4092219020172911,1.1712263095711082,144.25634005762228,27302.15000000067,0.18373445352447507,45,0.4092219020172911,0.5734870317002881,1.5,
1356,3,2,ltf,0,r,r_multiple,,none,0.0,343,72233.39999999481,0.37026239067055394,1.21584721497584,210.59300291543678,23002.200000001918,0.2594482346276618,45,0.37026239067055394,0.5626822157434402,2.0,
1357,3,2,ltf,0,r,r_multiple,,none,5.0,387,54581.49999999427,0.35658914728682173,1.1591494572942518,141.03746770024358,36869.00000000317,0.20519747134209076,45,0.35658914728682173,0.5529715762273901,2.0,
1358,3,2,ltf,0,r,r_multiple,,none,7.0,354,77928.19999999474,0.3728813559322034,1.236606152023476,220.13615819207556,22499.600000000966,0.28031402501221797,45,0.3728813559322034,0.5536723163841808,2.0,
1359,3,2,ltf,0,r,r_multiple,,ema,0.0,283,80659.69999999585,0.38869257950530034,1.2837065451828615,285.01660777383694,23072.500000000568,0.3457546511945719,45,0.38869257950530034,0.5865724381625441,2.0,
1360,3,2,ltf,0,r,r_multiple,,ema,5.0,318,67870.59999999552,0.3742138364779874,1.238664587263696,213.4295597484136,23487.200000000757,0.2820756917781788,45,0.3742138364779874,0.5691823899371069,2.0,
1361,3,2,ltf,0,r,r_multiple,,ema,7.0,293,87609.39999999582,0.3924914675767918,1.3154144807235992,299.0081911262656,23072.500000000582,0.3773454867712357,45,0.3924914675767918,0.5733788395904437,2.0,
1362,3,2,ltf,0,atr,atr,,none,0.0,508,22221.88571427687,0.452755905511811,1.0583465224518598,43.743869516293046,19630.114285715266,0.12140451557875462,45,0.452755905511811,0.5551181102362205,,3.0
1363,3,2,ltf,0,atr,atr,,none,5.0,500,24505.499999991247,0.438,1.0682614534420447,49.010999999982495,23185.69285714544,0.1321943652826422,45,0.438,0.55,,3.0
1364,3,2,ltf,0,atr,atr,,none,7.0,506,25935.14999999127,0.44861660079051385,1.0695675277235543,51.25523715413294,19630.114285715266,0.14043003575535012,45,0.44861660079051385,0.5513833992094862,,3.0
1365,3,2,ltf,0,atr,atr,,ema,0.0,401,37567.485714278584,0.48129675810473815,1.1249578341840523,93.68450302812614,21496.65714285743,0.19876683531871497,45,0.48129675810473815,0.5835411471321695,,3.0
1366,3,2,ltf,0,atr,atr,,ema,5.0,392,37036.62857142158,0.461734693877551,1.1323308120235518,94.48119533525913,19585.392857142957,0.1958371616085536,45,0.461734693877551,0.5790816326530612,,3.0
1367,3,2,ltf,0,atr,atr,,ema,7.0,399,41280.749999992986,0.47619047619047616,1.1410891901258235,103.4605263157719,21496.657142857446,0.21674465758446024,45,0.47619047619047616,0.5789473684210527,,3.0
1368,3,2,ltf,0,atr,atr,,none,0.0,416,84506.96428570652,0.3485576923076923,1.2383315691266896,203.1417410714099,25376.778571430033,0.2582088448423831,45,0.3485576923076923,0.5576923076923077,,5.0
1369,3,2,ltf,0,atr,atr,,none,5.0,418,71024.55714284925,0.3349282296650718,1.2017799851269904,169.91520847571593,28309.77857143203,0.21629771928026176,45,0.3349282296650718,0.5454545454545454,,5.0
1370,3,2,ltf,0,atr,atr,,none,7.0,418,78923.5999999922,0.3444976076555024,1.220174876492022,188.81244019136892,25803.34285714603,0.2392441074982467,45,0.3444976076555024,0.5550239234449761,,5.0
1371,3,2,ltf,0,atr,atr,,ema,0.0,344,59267.32857142197,0.35755813953488375,1.1910053858128873,172.2887458471569,28171.078571429436,0.21312718054845317,45,0.35755813953488375,0.5872093023255814,,5.0
1372,3,2,ltf,0,atr,atr,,ema,5.0,341,51897.54285713636,0.3460410557184751,1.1728014974745664,152.19220779218873,23978.721428572127,0.1846256673272961,45,0.3460410557184751,0.5747800586510264,,5.0
1373,3,2,ltf,0,atr,atr,,ema,7.0,346,53683.96428570766,0.35260115606936415,1.1708740040057788,155.15596614366376,28171.078571429436,0.1920837520152068,45,0.35260115606936415,0.5838150289017341,,5.0
1374,3,2,ltf,0,atr,atr,,none,0.0,302,83277.38571427944,0.2682119205298013,1.270806323546575,275.75293282873986,18672.800000000032,0.3200435481554747,45,0.2682119205298013,0.5364238410596026,,8.0
1375,3,2,ltf,0,atr,atr,,none,5.0,323,64948.75714285049,0.23839009287925697,1.2091208614297417,201.0797434763173,27751.300000003066,0.23870231716094573,45,0.23839009287925697,0.5294117647058824,,8.0
1376,3,2,ltf,0,atr,atr,,none,7.0,306,80663.48571427945,0.26143790849673204,1.2637927139136238,263.6061624649655,20633.885714286702,0.3038352853074912,45,0.26143790849673204,0.5294117647058824,,8.0
1377,3,2,ltf,0,atr,atr,,ema,0.0,266,99291.9142857088,0.2894736842105263,1.3530252399316758,373.2778732545444,19703.000000000044,0.4138480079443269,45,0.2894736842105263,0.5601503759398496,,8.0
1378,3,2,ltf,0,atr,atr,,ema,5.0,275,92052.18571428013,0.26181818181818184,1.3448359032679718,334.73522077920046,22735.242857143785,0.33514400429044666,45,0.26181818181818184,0.5490909090909091,,8.0
1379,3,2,ltf,0,atr,atr,,ema,7.0,270,96678.01428570882,0.2814814814814815,1.3458625124834218,358.0667195766993,22507.671428572183,0.3942357065394493,45,0.2814814814814815,0.5518518518518518,,8.0
1380,3,2,ltf,200,fixed,fixed_pips,1500.0,none,0.0,516,15280.699999990866,0.45155038759689925,1.0457365218130186,29.61375968990478,35112.000000002925,0.07323049384962467,45,0.45155038759689925,0.563953488372093,,
1381,3,2,ltf,200,fixed,fixed_pips,1500.0,none,5.0,510,10034.19999999091,0.4392156862745098,1.030793564475819,19.67490196076649,34320.70000000274,0.04875796470723301,45,0.4392156862745098,0.5588235294117647,,
1382,3,2,ltf,200,fixed,fixed_pips,1500.0,none,7.0,517,21023.599999990893,0.44874274661508706,1.0643198135962337,40.664603481607145,35077.40000000292,0.0971022397467459,45,0.44874274661508706,0.5609284332688588,,
1383,3,2,ltf,200,fixed,fixed_pips,1500.0,ema,0.0,407,44067.09999999282,0.4914004914004914,1.1722495425724837,108.27297297295533,19693.8000000011,0.22125555825920903,45,0.4914004914004914,0.5896805896805897,,
1384,3,2,ltf,200,fixed,fixed_pips,1500.0,ema,5.0,400,39107.299999992916,0.4775,1.15813887096171,97.76824999998229,22105.60000000141,0.20005676563313252,45,0.4775,0.585,,
1385,3,2,ltf,200,fixed,fixed_pips,1500.0,ema,7.0,408,49809.999999992855,0.4877450980392157,1.2003696842799378,122.08333333331582,19693.8000000011,0.24287500079348695,45,0.4877450980392157,0.5857843137254902,,
1386,3,2,ltf,200,fixed,fixed_pips,2500.0,none,0.0,445,25656.29999999165,0.3685393258426966,1.0665983454958807,57.65460674155427,21587.000000003147,0.1256199370773103,45,0.3685393258426966,0.5662921348314607,,
1387,3,2,ltf,200,fixed,fixed_pips,2500.0,none,5.0,445,28579.499999991614,0.3550561797752809,1.0778056463712102,64.22359550559914,25951.400000001217,0.14516699961753562,45,0.3550561797752809,0.5573033707865168,,
1388,3,2,ltf,200,fixed,fixed_pips,2500.0,none,7.0,447,29662.79999999163,0.36465324384787473,1.0783210771273377,66.35973154360543,22739.300000001007,0.14178796560713336,45,0.36465324384787473,0.5615212527964206,,
1389,3,2,ltf,200,fixed,fixed_pips,2500.0,ema,0.0,367,38745.49999999306,0.3869209809264305,1.1221634683446124,105.57356948226992,17775.600000000763,0.19972209488456247,45,0.3869209809264305,0.5885558583106267,,
1390,3,2,ltf,200,fixed,fixed_pips,2500.0,ema,5.0,364,44858.29999999314,0.37362637362637363,1.1515220504013743,123.23708791206907,24307.600000001035,0.2243126634516467,45,0.37362637362637363,0.5796703296703297,,
1391,3,2,ltf,200,fixed,fixed_pips,2500.0,ema,7.0,370,42249.99999999302,0.3810810810810811,1.1357834997176421,114.18918918917034,21382.20000000086,0.21351899442727454,45,0.3810810810810811,0.5837837837837838,,
1392,3,2,ltf,200,fixed,fixed_pips,4000.0,none,0.0,341,85644.59999999331,0.31378299120234604,1.2489949447786315,251.15718475071353,18557.10000000034,0.34171603572458836,45,0.31378299120234604,0.5747800586510264,,
1393,3,2,ltf,200,fixed,fixed_pips,4000.0,none,5.0,350,79138.8999999929,0.29428571428571426,1.2361377543088619,226.11114285712256,23545.80000000119,0.31046659030246176,45,0.29428571428571426,0.56,,
1394,3,2,ltf,200,fixed,fixed_pips,4000.0,none,7.0,345,87183.99999999326,0.3072463768115942,1.257012844746341,252.70724637679206,17600.600000000122,0.3449074274204226,45,0.3072463768115942,0.5681159420289855,,
1395,3,2,ltf,200,fixed,fixed_pips,4000.0,ema,0.0,290,86764.19999999426,0.3275862068965517,1.295803919723578,299.18689655170436,18267.500000000306,0.32855638230502965,45,0.3275862068965517,0.593103448275862,,
1396,3,2,ltf,200,fixed,fixed_pips,4000.0,ema,5.0,298,75679.2999999939,0.30201342281879195,1.2654726600620347,253.95738255031512,26016.30000000108,0.2892063535927077,45,0.30201342281879195,0.5838926174496645,,
1397,3,2,ltf,200,fixed,fixed_pips,4000.0,ema,7.0,294,88303.59999999423,0.3197278911564626,1.3059979388430796,300.35238095236133,19566.70000000055,0.3318358454900203,45,0.3197278911564626,0.5850340136054422,,
1398,3,2,ltf,200,r,r_multiple,,none,0.0,519,27449.82499999251,0.5664739884393064,1.0884497859791276,52.88983622349231,26625.90000000223,0.12922091520686854,45,0.5664739884393064,0.5568400770712909,0.75,
1399,3,2,ltf,200,r,r_multiple,,none,5.0,530,21321.399999992263,0.5528301886792453,1.0709257464178257,40.22905660375899,27642.375000002245,0.10774531065796686,45,0.5528301886792453,0.5509433962264151,0.75,
1400,3,2,ltf,200,r,r_multiple,,none,7.0,523,23110.049999992472,0.5602294455066922,1.0750632400744982,44.187476099411995,26625.90000000223,0.10860950786203843,45,0.5602294455066922,0.5506692160611855,0.75,
1401,3,2,ltf,200,r,r_multiple,,ema,0.0,413,46384.24999999402,0.5980629539951574,1.190203685463559,112.31053268763685,22624.67500000031,0.23740881326063085,45,0.5980629539951574,0.5811138014527845,0.75,
1402,3,2,ltf,200,r,r_multiple,,ema,5.0,419,41736.199999993885,0.5847255369928401,1.1808399641579872,99.60906921239591,15016.500000000087,0.24765708019370308,45,0.5847255369928401,0.5751789976133651,0.75,
1403,3,2,ltf,200,r,r_multiple,,ema,7.0,416,45064.92499999401,0.59375,1.1887521895122608,108.32914663460097,22624.67500000031,0.22832183060498393,45,0.59375,0.5745192307692307,0.75,
1404,3,2,ltf,200,r,r_multiple,,none,0.0,486,23805.19999999248,0.49382716049382713,1.0677867836672725,48.98189300409975,27060.200000002238,0.12980536288511987,45,0.49382716049382713,0.5576131687242798,1.0,
1405,3,2,ltf,200,r,r_multiple,,none,5.0,504,32431.39999999232,0.49404761904761907,1.0977575807082904,64.34801587300063,26406.900000002228,0.15755976807978067,45,0.49404761904761907,0.5615079365079365,1.0,
1406,3,2,ltf,200,r,r_multiple,,none,7.0,496,25234.499999992433,0.4939516129032258,1.0726230133319674,50.87600806450087,24657.400000002213,0.12643831766361877,45,0.4939516129032258,0.5544354838709677,1.0,
1407,3,2,ltf,200,r,r_multiple,,ema,0.0,389,44903.89999999397,0.5244215938303342,1.1600379638381015,115.43419023134696,20770.200000000237,0.2494699393021835,45,0.5244215938303342,0.583547557840617,1.0,
1408,3,2,ltf,200,r,r_multiple,,ema,5.0,402,52310.29999999392,0.5248756218905473,1.2019189719368322,130.12512437809434,19280.400000000962,0.2650179206501016,45,0.5248756218905473,0.5895522388059702,1.0,
1409,3,2,ltf,200,r,r_multiple,,ema,7.0,398,45469.49999999392,0.5226130653266332,1.164222326319502,114.24497487435657,20770.200000000237,0.23117708273507276,45,0.5226130653266332,0.5804020100502513,1.0,
1410,3,2,ltf,200,r,r_multiple,,none,0.0,419,58254.74999999395,0.4033412887828162,1.1653400334342594,139.0328162291025,28543.850000000828,0.18591245606827742,45,0.4033412887828162,0.5584725536992841,1.5,
1411,3,2,ltf,200,r,r_multiple,,none,5.0,450,33984.449999993514,0.3933333333333333,1.0947669715376394,75.52099999998559,35050.25000000299,0.10956946507096325,45,0.3933333333333333,0.5511111111111111,1.5,
1412,3,2,ltf,200,r,r_multiple,,none,7.0,426,51427.44999999389,0.39906103286384975,1.1461608770200946,120.72171361500914,28543.850000000835,0.16228999625733972,45,0.39906103286384975,0.5516431924882629,1.5,
1413,3,2,ltf,200,r,r_multiple,,ema,0.0,341,55629.34999999497,0.41348973607038125,1.1891661900334611,163.13592375365093,27302.15000000067,0.20630348759464,45,0.41348973607038125,0.5835777126099707,1.5,
1414,3,2,ltf,200,r,r_multiple,,ema,5.0,366,33695.64999999467,0.40437158469945356,1.1142902254317868,92.06461748632422,27538.400000001,0.12632873337555545,45,0.40437158469945356,0.5792349726775956,1.5,
1415,3,2,ltf,200,r,r_multiple,,ema,7.0,347,50056.94999999493,0.4092219020172911,1.1712263095711082,144.25634005762228,27302.15000000067,0.18373445352447507,45,0.4092219020172911,0.5734870317002881,1.5,
1416,3,2,ltf,200,r,r_multiple,,none,0.0,343,72233.39999999481,0.37026239067055394,1.21584721497584,210.59300291543678,23002.200000001918,0.2594482346276618,45,0.37026239067055394,0.5626822157434402,2.0,
1417,3,2,ltf,200,r,r_multiple,,none,5.0,387,54581.49999999427,0.35658914728682173,1.1591494572942518,141.03746770024358,36869.00000000317,0.20519747134209076,45,0.35658914728682173,0.5529715762273901,2.0,
1418,3,2,ltf,200,r,r_multiple,,none,7.0,354,77928.19999999474,0.3728813559322034,1.236606152023476,220.13615819207556,22499.600000000966,0.28031402501221797,45,0.3728813559322034,0.5536723163841808,2.0,
1419,3,2,ltf,200,r,r_multiple,,ema,0.0,283,80659.69999999585,0.38869257950530034,1.2837065451828615,285.01660777383694,23072.500000000568,0.3457546511945719,45,0.38869257950530034,0.5865724381625441,2.0,
1420,3,2,ltf,200,r,r_multiple,,ema,5.0,318,67870.59999999552,0.3742138364779874,1.238664587263696,213.4295597484136,23487.200000000757,0.2820756917781788,45,0.3742138364779874,0.5691823899371069,2.0,
1421,3,2,ltf,200,r,r_multiple,,ema,7.0,293,87609.39999999582,0.3924914675767918,1.3154144807235992,299.0081911262656,23072.500000000582,0.3773454867712357,45,0.3924914675767918,0.5733788395904437,2.0,
1422,3,2,ltf,200,atr,atr,,none,0.0,508,22221.88571427687,0.452755905511811,1.0583465224518598,43.743869516293046,19630.114285715266,0.12140451557875462,45,0.452755905511811,0.5551181102362205,,3.0
1423,3,2,ltf,200,atr,atr,,none,5.0,500,24505.499999991247,0.438,1.0682614534420447,49.010999999982495,23185.69285714544,0.1321943652826422,45,0.438,0.55,,3.0
1424,3,2,ltf,200,atr,atr,,none,7.0,506,25935.14999999127,0.44861660079051385,1.0695675277235543,51.25523715413294,19630.114285715266,0.14043003575535012,45,0.44861660079051385,0.5513833992094862,,3.0
1425,3,2,ltf,200,atr,atr,,ema,0.0,401,37567.485714278584,0.48129675810473815,1.1249578341840523,93.68450302812614,21496.65714285743,0.19876683531871497,45,0.48129675810473815,0.5835411471321695,,3.0
1426,3,2,ltf,200,atr,atr,,ema,5.0,392,37036.62857142158,0.461734693877551,1.1323308120235518,94.48119533525913,19585.392857142957,0.1958371616085536,45,0.461734693877551,0.5790816326530612,,3.0
1427,3,2,ltf,200,atr,atr,,ema,7.0,399,41280.749999992986,0.47619047619047616,1.1410891901258235,103.4605263157719,21496.657142857446,0.21674465758446024,45,0.47619047619047616,0.5789473684210527,,3.0
1428,3,2,ltf,200,atr,atr,,none,0.0,416,84506.96428570652,0.3485576923076923,1.2383315691266896,203.1417410714099,25376.778571430033,0.2582088448423831,45,0.3485576923076923,0.5576923076923077,,5.0
1429,3,2,ltf,200,atr,atr,,none,5.0,418,71024.55714284925,0.3349282296650718,1.2017799851269904,169.91520847571593,28309.77857143203,0.21629771928026176,45,0.3349282296650718,0.5454545454545454,,5.0
1430,3,2,ltf,200,atr,atr,,none,7.0,418,78923.5999999922,0.3444976076555024,1.220174876492022,188.81244019136892,25803.34285714603,0.2392441074982467,45,0.3444976076555024,0.5550239234449761,,5.0
1431,3,2,ltf,200,atr,atr,,ema,0.0,344,59267.32857142197,0.35755813953488375,1.1910053858128873,172.2887458471569,28171.078571429436,0.21312718054845317,45,0.35755813953488375,0.5872093023255814,,5.0
1432,3,2,ltf,200,atr,atr,,ema,5.0,341,51897.54285713636,0.3460410557184751,1.1728014974745664,152.19220779218873,23978.721428572127,0.1846256673272961,45,0.3460410557184751,0.5747800586510264,,5.0
1433,3,2,ltf,200,atr,atr,,ema,7.0,346,53683.96428570766,0.35260115606936415,1.1708740040057788,155.15596614366376,28171.078571429436,0.1920837520152068,45,0.35260115606936415,0.5838150289017341,,5.0
1434,3,2,ltf,200,atr,atr,,none,0.0,302,83277.38571427944,0.2682119205298013,1.270806323546575,275.75293282873986,18672.800000000032,0.3200435481554747,45,0.2682119205298013,0.5364238410596026,,8.0
1435,3,2,ltf,200,atr,atr,,none,5.0,323,64948.75714285049,0.23839009287925697,1.2091208614297417,201.0797434763173,27751.300000003066,0.23870231716094573,45,0.23839009287925697,0.5294117647058824,,8.0
1436,3,2,ltf,200,atr,atr,,none,7.0,306,80663.48571427945,0.26143790849673204,1.2637927139136238,263.6061624649655,20633.885714286702,0.3038352853074912,45,0.26143790849673204,0.5294117647058824,,8.0
1437,3,2,ltf,200,atr,atr,,ema,0.0,266,99291.9142857088,0.2894736842105263,1.3530252399316758,373.2778732545444,19703.000000000044,0.4138480079443269,45,0.2894736842105263,0.5601503759398496,,8.0
1438,3,2,ltf,200,atr,atr,,ema,5.0,275,92052.18571428013,0.26181818181818184,1.3448359032679718,334.73522077920046,22735.242857143785,0.33514400429044666,45,0.26181818181818184,0.5490909090909091,,8.0
1439,3,2,ltf,200,atr,atr,,ema,7.0,270,96678.01428570882,0.2814814814814815,1.3458625124834218,358.0667195766993,22507.671428572183,0.3942357065394493,45,0.2814814814814815,0.5518518518518518,,8.0
1440,4,1,swing_h4,0,fixed,fixed_pips,1500.0,none,0.0,442,46890.399999993286,0.6877828054298643,1.1142349853778344,106.0868778280391,37858.60000000067,0.14151595527352115,45,0.6877828054298643,0.5588235294117647,,
1441,4,1,swing_h4,0,fixed,fixed_pips,1500.0,none,5.0,292,13660.299999995028,0.5547945205479452,1.0595846526216666,46.78184931505147,23109.100000001665,0.06844310316804585,45,0.5547945205479452,0.4691780821917808,,
1442,4,1,swing_h4,0,fixed,fixed_pips,1500.0,none,7.0,399,68953.29999999385,0.6491228070175439,1.2156379607222858,172.81528822053596,36422.90000000063,0.2343487500515327,45,0.6491228070175439,0.5213032581453634,,
1443,4,1,swing_h4,0,fixed,fixed_pips,1500.0,ema,0.0,386,71508.09999999405,0.7072538860103627,1.2107077505149038,185.2541450777048,37561.50000000057,0.2320553574455142,45,0.7072538860103627,0.6010362694300518,,
1444,4,1,swing_h4,0,fixed,fixed_pips,1500.0,ema,5.0,205,30415.199999996483,0.5951219512195122,1.1994128129511332,148.36682926827552,16948.000000000597,0.17149472735539217,45,0.5951219512195122,0.5219512195121951,,
1445,4,1,swing_h4,0,fixed,fixed_pips,1500.0,ema,7.0,322,63971.59999999487,0.6583850931677019,1.251589849191425,198.66956521737538,32691.600000000486,0.27125103315704585,45,0.6583850931677019,0.577639751552795,,
1446,4,1,swing_h4,0,fixed,fixed_pips,2500.0,none,0.0,323,92077.39999999476,0.6222910216718266,1.2240736017879525,285.069349845185,39197.900000001435,0.2274374915887295,45,0.6222910216718266,0.5634674922600619,,
1447,4,1,swing_h4,0,fixed,fixed_pips,2500.0,none,5.0,248,37628.79999999529,0.4596774193548387,1.151599744572652,151.72903225804552,21775.700000001005,0.1848674186815765,45,0.4596774193548387,0.5040322580645161,,
1448,4,1,swing_h4,0,fixed,fixed_pips,2500.0,none,7.0,323,79738.59999999437,0.5479876160990712,1.2196008339139526,246.8687306501374,32542.3000000011,0.2422726942568827,45,0.5479876160990712,0.5386996904024768,,
1449,4,1,swing_h4,0,fixed,fixed_pips,2500.0,ema,0.0,288,103995.99999999526,0.6354166666666666,1.2937613978156715,361.09722222220574,32383.10000000031,0.2869410570362421,45,0.6354166666666666,0.5972222222222222,,
1450,4,1,swing_h4,0,fixed,fixed_pips,2500.0,ema,5.0,181,53431.8999999966,0.4972375690607735,1.3098931448946638,295.20386740329616,16496.9000000005,0.26946967792598997,45,0.4972375690607735,0.5524861878453039,,
1451,4,1,swing_h4,0,fixed,fixed_pips,2500.0,ema,7.0,263,90956.89999999542,0.5741444866920152,1.3170315825942982,345.84372623572403,32453.20000000045,0.30739369035613917,45,0.5741444866920152,0.5893536121673004,,
1452,4,1,swing_h4,0,fixed,fixed_pips,4000.0,none,0.0,213,110232.3999999964,0.5633802816901409,1.2970842554971262,517.5230046948187,31498.500000000688,0.2487337715270892,45,0.5633802816901409,0.568075117370892,,
1453,4,1,swing_h4,0,fixed,fixed_pips,4000.0,none,5.0,208,109977.599999996,0.40384615384615385,1.4866687553433597,528.7384615384424,22779.90000000017,0.40672073697507927,45,0.40384615384615385,0.47596153846153844,,
1454,4,1,swing_h4,0,fixed,fixed_pips,4000.0,none,7.0,240,49383.9999999955,0.44166666666666665,1.1310959803408989,205.76666666664792,44040.600000000835,0.14049710067718293,45,0.44166666666666665,0.5041666666666667,,
1455,4,1,swing_h4,0,fixed,fixed_pips,4000.0,ema,0.0,197,157931.69999999675,0.5939086294416244,1.5072484388941172,801.6837563451612,29032.60000000015,0.3834521362408587,45,0.5939086294416244,0.6142131979695431,,
1456,4,1,swing_h4,0,fixed,fixed_pips,4000.0,ema,5.0,157,61647.69999999684,0.3885350318471338,1.3381257754146572,392.66050955412,20318.000000000582,0.25380214233227744,45,0.3885350318471338,0.5414012738853503,,
1457,4,1,swing_h4,0,fixed,fixed_pips,4000.0,ema,7.0,203,59091.99999999623,0.46798029556650245,1.1827164555505882,291.09359605909475,34705.80000000034,0.173412198851017,45,0.46798029556650245,0.5862068965517241,,
1458,4,1,swing_h4,0,r,r_multiple,,none,0.0,212,56164.47499999687,0.6179245283018868,1.1477904768520728,264.92676886790974,55985.42500000083,0.13796405400663714,45,0.6179245283018868,0.5424528301886793,0.75,
1459,4,1,swing_h4,0,r,r_multiple,,none,5.0,283,43358.224999995706,0.5936395759717314,1.1908526302954647,153.20927561835938,14734.9500000002,0.2153254324456212,45,0.5936395759717314,0.47703180212014135,0.75,
1460,4,1,swing_h4,0,r,r_multiple,,none,7.0,308,50412.524999995156,0.5876623376623377,1.1417636784833554,163.6770292207635,40247.000000000946,0.15767644033129022,45,0.5876623376623377,0.5422077922077922,0.75,
1461,4,1,swing_h4,0,r,r_multiple,,ema,0.0,217,35401.84999999675,0.5944700460829493,1.0915208076159857,163.14216589860254,60122.57500000055,0.08527843322434721,45,0.5944700460829493,0.5714285714285714,0.75,
1462,4,1,swing_h4,0,r,r_multiple,,ema,5.0,200,44334.599999996884,0.61,1.2845043669102825,221.67299999998443,16163.1250000004,0.22814260973406827,45,0.61,0.52,0.75,
1463,4,1,swing_h4,0,r,r_multiple,,ema,7.0,252,62021.199999996046,0.6031746031746031,1.2091416959842518,246.11587301585732,33047.35000000028,0.20622285400913118,45,0.6031746031746031,0.5753968253968254,0.75,
1464,4,1,swing_h4,0,r,r_multiple,,none,0.0,159,54656.89999999717,0.5220125786163522,1.165193911355404,343.7540880502967,38784.50000000076,0.12084290530733754,45,0.5220125786163522,0.5220125786163522,1.0,
1465,4,1,swing_h4,0,r,r_multiple,,none,5.0,250,40086.5999999959,0.52,1.1667482661326527,160.34639999998362,22779.90000000019,0.1693944488724568,45,0.52,0.5,1.0,
1466,4,1,swing_h4,0,r,r_multiple,,none,7.0,262,65445.199999995566,0.5343511450381679,1.183916819098837,249.79083969463957,47138.50000000105,0.1937025487444806,45,0.5343511450381679,0.5343511450381679,1.0,
1467,4,1,swing_h4,0,r,r_multiple,,ema,0.0,156,32363.89999999729,0.5256410256410257,1.0933917971714497,207.46089743588007,56343.80000000028,0.05948549551782622,45,0.5256410256410257,0.5833333333333334,1.0,
1468,4,1,swing_h4,0,r,r_multiple,,ema,5.0,181,49124.49999999709,0.5524861878453039,1.2971538870543418,271.40607734805025,20832.500000000487,0.1992262184825894,45,0.5524861878453039,0.5359116022099447,1.0,
1469,4,1,swing_h4,0,r,r_multiple,,ema,7.0,216,43551.49999999632,0.5370370370370371,1.1428248168838893,201.62731481479776,36078.100000000864,0.13434871187759875,45,0.5370370370370371,0.5601851851851852,1.0,
1470,4,1,swing_h4,0,r,r_multiple,,none,0.0,128,-42484.100000002596,0.4140625,0.8915534465088141,-331.9070312500203,100838.05000000083,-0.07703248567692524,45,0.4140625,0.5546875,1.5,
1471,4,1,swing_h4,0,r,r_multiple,,none,5.0,219,18740.149999996247,0.4155251141552511,1.0701297802193543,85.57146118719747,30365.100000000213,0.07298570347841471,45,0.4155251141552511,0.4703196347031963,1.5,
1472,4,1,swing_h4,0,r,r_multiple,,none,7.0,184,132743.04999999685,0.4891304347826087,1.5324930000080048,721.4296195652003,35084.95000000078,0.29205032530765057,45,0.4891304347826087,0.5380434782608695,1.5,
1473,4,1,swing_h4,0,r,r_multiple,,ema,0.0,133,10246.749999997783,0.42857142857142855,1.0286623099190957,77.0432330826901,85139.45000000026,0.01904291556900341,45,0.42857142857142855,0.5639097744360902,1.5,
1474,4,1,swing_h4,0,r,r_multiple,,ema,5.0,168,51629.34999999718,0.4642857142857143,1.2741255269668823,307.31755952379274,24456.90000000017,0.2232808704389662,45,0.4642857142857143,0.5416666666666666,1.5,
1475,4,1,swing_h4,0,r,r_multiple,,ema,7.0,162,104604.19999999698,0.47530864197530864,1.4112149459230663,645.7049382715863,32425.100000000297,0.27454494913335836,45,0.47530864197530864,0.5740740740740741,1.5,
1476,4,1,swing_h4,0,r,r_multiple,,none,0.0,80,79347.49999999828,0.4125,1.4094403880388955,991.8437499999785,32875.20000000013,0.19639086216242596,45,0.3875,0.575,2.0,
1477,4,1,swing_h4,0,r,r_multiple,,none,5.0,194,86058.79999999679,0.38144329896907214,1.3530226395434994,443.6020618556535,37970.800000000374,0.24462941425853424,45,0.38144329896907214,0.4948453608247423,2.0,
1478,4,1,swing_h4,0,r,r_multiple,,none,7.0,162,47821.199999997065,0.36419753086419754,1.1706065979072375,295.1925925925745,67793.70000000045,0.11005584554515488,45,0.35802469135802467,0.5,2.0,
1479,4,1,swing_h4,0,r,r_multiple,,ema,0.0,71,111032.29999999877,0.4507042253521127,1.6568194106435195,1563.8352112675882,36719.00000000014,0.2685229670544374,45,0.4225352112676056,0.6338028169014085,2.0,
1480,4,1,swing_h4,0,r,r_multiple,,ema,5.0,148,62753.09999999775,0.38513513513513514,1.3382143380704195,424.0074324324172,28160.80000000041,0.20831909056124095,45,0.38513513513513514,0.5472972972972973,2.0,
1481,4,1,swing_h4,0,r,r_multiple,,ema,7.0,137,75222.59999999782,0.40875912408759124,1.315880443258744,549.0700729926848,60330.40000000046,0.1952598530326241,45,0.40145985401459855,0.5693430656934306,2.0,
1482,4,1,swing_h4,0,atr,atr,,none,0.0,386,26246.057142851205,0.6632124352331606,1.057284451281697,67.99496669132436,43115.614285714764,0.073178966299741,45,0.6632124352331606,0.572538860103627,,3.0
1483,4,1,swing_h4,0,atr,atr,,none,5.0,281,34657.49285713805,0.5444839857651246,1.1444823744896273,123.3362735129468,17333.764285714504,0.19472028581012418,45,0.5444839857651246,0.47686832740213525,,3.0
1484,4,1,swing_h4,0,atr,atr,,none,7.0,360,47356.821428565556,0.6055555555555555,1.1254380665681276,131.54672619045988,25509.15714285753,0.1882653584522876,45,0.6055555555555555,0.5388888888888889,,3.0
1485,4,1,swing_h4,0,atr,atr,,ema,0.0,349,39111.89999999467,0.6790830945558739,1.095904646331082,112.06848137534288,44490.56428571475,0.10497297925333718,45,0.6790830945558739,0.6074498567335244,,3.0
1486,4,1,swing_h4,0,atr,atr,,ema,5.0,202,52508.4428571394,0.599009900990099,1.3274955536818533,259.9427864214822,15474.421428571753,0.28463515631810143,45,0.599009900990099,0.5297029702970297,,3.0
1487,4,1,swing_h4,0,atr,atr,,ema,7.0,298,46303.535714280835,0.62751677852349,1.1474562576048193,155.38099232980147,29874.950000000605,0.18515837619013914,45,0.62751677852349,0.5906040268456376,,3.0
1488,4,1,swing_h4,0,atr,atr,,none,0.0,254,95086.25714285254,0.5905511811023622,1.2451750319092096,374.3553430820966,31722.77142857165,0.23035912536280664,45,0.5905511811023622,0.562992125984252,,5.0
1489,4,1,swing_h4,0,atr,atr,,none,5.0,228,11440.84999999577,0.41228070175438597,1.043647508461782,50.179166666648115,28718.40714285763,0.04971506566916253,45,0.41228070175438597,0.4956140350877193,,5.0
1490,4,1,swing_h4,0,atr,atr,,none,7.0,263,54492.52142856644,0.4866920152091255,1.1506544732094497,207.19589896793323,50271.185714286585,0.15905214304349535,45,0.4866920152091255,0.5209125475285171,,5.0
1491,4,1,swing_h4,0,atr,atr,,ema,0.0,242,100306.08571428126,0.6198347107438017,1.2736829451689995,414.48795749703,27430.59285714294,0.2775175102906014,45,0.6198347107438017,0.6115702479338843,,5.0
1492,4,1,swing_h4,0,atr,atr,,ema,5.0,167,33723.87857142544,0.4550898203592814,1.1809389855674566,201.9393926432661,22789.878571429108,0.1408341018905575,45,0.4550898203592814,0.5449101796407185,,5.0
1493,4,1,swing_h4,0,atr,atr,,ema,7.0,219,52915.957142852916,0.5205479452054794,1.1690225493781987,241.62537508152016,36287.94285714331,0.1393581266438743,45,0.5205479452054794,0.5799086757990868,,5.0
1494,4,1,swing_h4,0,atr,atr,,none,0.0,154,35311.028571425755,0.5064935064935064,1.1028539870456848,229.29239332094647,79460.67142857173,0.07898390259086603,45,0.5064935064935064,0.5844155844155844,,8.0
1495,4,1,swing_h4,0,atr,atr,,none,5.0,195,91751.08571428224,0.38461538461538464,1.3716254307635838,470.5183882783704,37652.114285714604,0.2990245958331399,45,0.38461538461538464,0.49743589743589745,,8.0
1496,4,1,swing_h4,0,atr,atr,,none,7.0,171,102647.97142856878,0.43859649122807015,1.4324527164952812,600.2805346699929,38984.51428571517,0.27579876976540596,45,0.43859649122807015,0.5497076023391813,,8.0
1497,4,1,swing_h4,0,atr,atr,,ema,0.0,139,59167.49999999747,0.5251798561151079,1.1915522441405173,425.6654676258811,74242.9714285717,0.13132617572444918,45,0.5251798561151079,0.6187050359712231,,8.0
1498,4,1,swing_h4,0,atr,atr,,ema,5.0,148,75327.65714285438,0.3918918918918919,1.3990408373647623,508.9706563706377,21192.35714285764,0.26479443860468527,45,0.3918918918918919,0.5405405405405406,,8.0
1499,4,1,swing_h4,0,atr,atr,,ema,7.0,150,79889.31428571153,0.42,1.3267364409172537,532.5954285714103,26808.971428571796,0.2787160484214454,45,0.42,0.5866666666666667,,8.0
1500,4,1,swing_h4,200,fixed,fixed_pips,1500.0,none,0.0,430,52952.399999993555,0.7046511627906977,1.1319205642506072,123.14511627905478,24991.90000000012,0.1778025422142006,45,0.7046511627906977,0.5697674418604651,,
1501,4,1,swing_h4,200,fixed,fixed_pips,1500.0,none,5.0,255,-13198.800000004534,0.5490196078431373,0.9408467217140757,-51.76000000001778,34815.10000000312,-0.0758319455331072,45,0.5490196078431373,0.4549019607843137,,
1502,4,1,swing_h4,200,fixed,fixed_pips,1500.0,none,7.0,377,48321.999999994136,0.649867374005305,1.1514532738034409,128.17506631298178,35130.7000000006,0.175236885700179,45,0.649867374005305,0.5119363395225465,,
1503,4,1,swing_h4,200,fixed,fixed_pips,1500.0,ema,0.0,381,78804.09999999417,0.7244094488188977,1.2349521429173915,206.83490813646765,27061.800000000323,0.27603150849714286,45,0.7244094488188977,0.6062992125984252,,
1504,4,1,swing_h4,200,fixed,fixed_pips,1500.0,ema,5.0,181,13774.19999999688,0.6022099447513812,1.0920296676784176,76.1005524861706,16782.30000000026,0.08413209196645278,45,0.6022099447513812,0.5138121546961326,,
1505,4,1,swing_h4,200,fixed,fixed_pips,1500.0,ema,7.0,301,59771.39999999522,0.6777408637873754,1.2425062968204086,198.5760797342034,30599.40000000049,0.2668026355138669,45,0.6777408637873754,0.5614617940199336,,
1506,4,1,swing_h4,200,fixed,fixed_pips,2500.0,none,0.0,316,93657.5999999949,0.6329113924050633,1.2294207430963044,296.38481012656615,37971.60000000072,0.22337974160850307,45,0.6329113924050633,0.5854430379746836,,
1507,4,1,swing_h4,200,fixed,fixed_pips,2500.0,none,5.0,217,16975.799999995772,0.46543778801843316,1.0719594689111407,78.22949308753812,21671.500000000564,0.0933074546263506,45,0.46543778801843316,0.45622119815668205,,
1508,4,1,swing_h4,200,fixed,fixed_pips,2500.0,none,7.0,306,116667.69999999466,0.5816993464052288,1.354961126015946,381.26699346403484,33461.300000000556,0.37700874752401176,45,0.5816993464052288,0.5424836601307189,,
1509,4,1,swing_h4,200,fixed,fixed_pips,2500.0,ema,0.0,284,97748.19999999536,0.6408450704225352,1.2721627382163743,344.1838028168851,34009.40000000037,0.2592957955147432,45,0.6408450704225352,0.6091549295774648,,
1510,4,1,swing_h4,200,fixed,fixed_pips,2500.0,ema,5.0,161,36559.89999999697,0.5093167701863354,1.2159520226064848,227.08012422358365,14147.800000000232,0.20283745748975054,45,0.5093167701863354,0.5341614906832298,,
1511,4,1,swing_h4,200,fixed,fixed_pips,2500.0,ema,7.0,245,106058.89999999572,0.6040816326530613,1.4012804330816309,432.89346938773764,33930.00000000041,0.39648760457170124,45,0.6040816326530613,0.5836734693877551,,
1512,4,1,swing_h4,200,fixed,fixed_pips,4000.0,none,0.0,210,125333.79999999642,0.5857142857142857,1.3418225930983425,596.8276190476021,37575.300000000905,0.2787765833624757,45,0.5857142857142857,0.5761904761904761,,
1513,4,1,swing_h4,200,fixed,fixed_pips,4000.0,none,5.0,180,97009.09999999643,0.4222222222222222,1.468749652698731,538.9394444444246,17825.300000000643,0.3874333581903008,45,0.4222222222222222,0.4444444444444444,,
1514,4,1,swing_h4,200,fixed,fixed_pips,4000.0,none,7.0,224,79515.19999999591,0.48214285714285715,1.225619327255152,354.97857142855315,33291.80000000089,0.25854597756802056,45,0.48214285714285715,0.4955357142857143,,
1515,4,1,swing_h4,200,fixed,fixed_pips,4000.0,ema,0.0,197,154768.9999999967,0.6040609137055838,1.4818010516448978,785.6294416243488,33201.50000000089,0.3564725893417449,45,0.6040609137055838,0.6243654822335025,,
1516,4,1,swing_h4,200,fixed,fixed_pips,4000.0,ema,5.0,143,69319.79999999715,0.43356643356643354,1.38802188870701,484.7538461538262,18397.8000000007,0.2799329257914435,45,0.43356643356643354,0.5244755244755245,,
1517,4,1,swing_h4,200,fixed,fixed_pips,4000.0,ema,7.0,187,63850.19999999653,0.48128342245989303,1.2156337891178932,341.44491978607766,33639.10000000016,0.19921250754304584,45,0.48128342245989303,0.5828877005347594,,
1518,4,1,swing_h4,200,r,r_multiple,,none,0.0,205,6887.399999996896,0.5658536585365853,1.0164429517383031,33.59707317071657,60757.1500000027,0.017554278907140904,45,0.5658536585365853,0.5609756097560976,0.75,
1519,4,1,swing_h4,200,r,r_multiple,,none,5.0,246,24277.899999996203,0.5853658536585366,1.1111036364418312,98.69065040648863,16391.10000000046,0.13379808311392244,45,0.5853658536585366,0.45528455284552843,0.75,
1520,4,1,swing_h4,200,r,r_multiple,,none,7.0,292,-1287.5750000046974,0.5513698630136986,0.9966570820297672,-4.409503424673621,54269.250000002125,-0.003901246256677513,45,0.5513698630136986,0.5273972602739726,0.75,
1521,4,1,swing_h4,200,r,r_multiple,,ema,0.0,220,-4961.150000003518,0.5636363636363636,0.9884374721782819,-22.550681818197805,62219.32500000067,-0.011939863772888743,45,0.5636363636363636,0.5863636363636363,0.75,
1522,4,1,swing_h4,200,r,r_multiple,,ema,5.0,176,34452.44999999713,0.6079545454545454,1.22633430846152,195.75255681816552,14942.700000000466,0.18907586593996586,45,0.6079545454545454,0.5170454545454546,0.75,
1523,4,1,swing_h4,200,r,r_multiple,,ema,7.0,233,44827.249999996115,0.5965665236051502,1.1497480717458386,192.39163090127087,33109.55000000031,0.15353716687802177,45,0.5965665236051502,0.5665236051502146,0.75,
1524,4,1,swing_h4,200,r,r_multiple,,none,0.0,151,28516.29999999733,0.5033112582781457,1.0828085497853646,188.8496688741545,41444.20000000082,0.07022027176562481,45,0.5033112582781457,0.5496688741721855,1.0,
1525,4,1,swing_h4,200,r,r_multiple,,none,5.0,218,7897.499999996369,0.518348623853211,1.0332902671019502,36.22706422016683,31556.700000000466,0.030416939802957354,45,0.518348623853211,0.44495412844036697,1.0,
1526,4,1,swing_h4,200,r,r_multiple,,none,7.0,246,73941.39999999595,0.5203252032520326,1.2170013238766937,300.574796747951,53282.70000000128,0.2076005106369584,45,0.5203252032520326,0.516260162601626,1.0,
1527,4,1,swing_h4,200,r,r_multiple,,ema,0.0,170,6588.399999996953,0.5058823529411764,1.0169630951495057,38.755294117629134,68692.10000000108,0.012042165018076324,45,0.5058823529411764,0.6058823529411764,1.0,
1528,4,1,swing_h4,200,r,r_multiple,,ema,5.0,164,19907.69999999727,0.5426829268292683,1.1110121000997444,121.38841463412969,26354.50000000028,0.07998293574189534,45,0.5426829268292683,0.5182926829268293,1.0,
1529,4,1,swing_h4,200,r,r_multiple,,ema,7.0,204,52509.39999999662,0.5441176470588235,1.177668466379796,257.3990196078266,35222.50000000038,0.16641066892129838,45,0.5441176470588235,0.5637254901960784,1.0,
1530,4,1,swing_h4,200,r,r_multiple,,none,0.0,112,-72510.05000000214,0.38392857142857145,0.8122354019016705,-647.4111607143049,111389.500000001,-0.12751294768364171,45,0.38392857142857145,0.5446428571428571,1.5,
1531,4,1,swing_h4,200,r,r_multiple,,none,5.0,194,30389.099999996593,0.4329896907216495,1.1241495361923415,156.64484536080718,34737.7500000006,0.11944938417902648,45,0.4329896907216495,0.42783505154639173,1.5,
1532,4,1,swing_h4,200,r,r_multiple,,none,7.0,179,92673.94999999701,0.4581005586592179,1.3474406260637826,517.7315642457934,46947.70000000089,0.22302850114340073,45,0.4581005586592179,0.5251396648044693,1.5,
1533,4,1,swing_h4,200,r,r_multiple,,ema,0.0,133,-9069.750000002517,0.41353383458646614,0.9764127083612298,-68.19360902257532,103269.550000001,-0.0160833869423132,45,0.41353383458646614,0.5789473684210527,1.5,
1534,4,1,swing_h4,200,r,r_multiple,,ema,5.0,148,29047.049999997394,0.4527027027027027,1.1543597643927705,196.26385135133376,27017.300000000927,0.12506933409938567,45,0.4527027027027027,0.5067567567567568,1.5,
1535,4,1,swing_h4,200,r,r_multiple,,ema,7.0,156,95426.59999999756,0.46794871794871795,1.3728063201576004,611.7089743589587,34148.15000000034,0.2784553630166223,45,0.46794871794871795,0.5576923076923077,1.5,
1536,4,1,swing_h4,200,r,r_multiple,,none,0.0,87,-68159.80000000165,0.27586206896551724,0.7625311687465529,-783.4459770115132,122517.50000000144,-0.1474330061212221,45,0.26436781609195403,0.5402298850574713,2.0,
1537,4,1,swing_h4,200,r,r_multiple,,none,5.0,173,61265.99999999726,0.41040462427745666,1.2591283464823222,354.13872832368355,38124.3000000004,0.2148416291455168,45,0.41040462427745666,0.4624277456647399,2.0,
1538,4,1,swing_h4,200,r,r_multiple,,none,7.0,165,-28182.10000000298,0.34545454545454546,0.9151000151531182,-170.80060606062412,69355.8000000028,-0.06649248804061222,45,0.34545454545454546,0.49696969696969695,2.0,
1539,4,1,swing_h4,200,r,r_multiple,,ema,0.0,77,22848.6999999986,0.35064935064935066,1.0977987397155606,296.73636363634546,85493.5000000005,0.04781536530175852,45,0.33766233766233766,0.6233766233766234,2.0,
1540,4,1,swing_h4,200,r,r_multiple,,ema,5.0,133,55972.59999999783,0.42105263157894735,1.3052200732450372,420.8466165413371,24340.60000000034,0.1996617732441521,45,0.42105263157894735,0.5112781954887218,2.0,
1541,4,1,swing_h4,200,r,r_multiple,,ema,7.0,113,64914.09999999838,0.415929203539823,1.304592863282985,574.4610619468883,58017.300000000294,0.18366857037569945,45,0.40707964601769914,0.5929203539823009,2.0,
1542,4,1,swing_h4,200,atr,atr,,none,0.0,386,24381.357142851386,0.6761658031088082,1.0525542852375969,63.16413767578079,39800.10000000093,0.06712392324111739,45,0.6761658031088082,0.5854922279792746,,3.0
1543,4,1,swing_h4,200,atr,atr,,none,5.0,245,21164.61428570997,0.5551020408163265,1.094220688710405,86.38618075799988,20662.521428573265,0.128227786419368,45,0.5551020408163265,0.4448979591836735,,3.0
1544,4,1,swing_h4,200,atr,atr,,none,7.0,337,31435.749999994576,0.6053412462908012,1.0844728680212306,93.28115727001358,27909.392857143255,0.1340565284351928,45,0.6053412462908012,0.5252225519287834,,3.0
1545,4,1,swing_h4,200,atr,atr,,ema,0.0,349,43413.96428570914,0.6962750716332379,1.1061883083815034,124.39531313956773,39617.82857142956,0.12080270510673591,45,0.6962750716332379,0.6103151862464183,,3.0
1546,4,1,swing_h4,200,atr,atr,,ema,5.0,177,36457.449999997036,0.6101694915254238,1.2381510581675104,205.97429378529398,14794.121428571721,0.21316244895607145,45,0.6101694915254238,0.5141242937853108,,3.0
1547,4,1,swing_h4,200,atr,atr,,ema,7.0,274,36800.17857142416,0.6423357664233577,1.1208620263912248,134.30722106359184,34122.65000000059,0.14830832934482133,45,0.6423357664233577,0.5693430656934306,,3.0
1548,4,1,swing_h4,200,atr,atr,,none,0.0,249,89797.12142856684,0.6024096385542169,1.2307775691110157,360.63100975328047,40251.685714286534,0.21542755566206528,45,0.6024096385542169,0.5742971887550201,,5.0
1549,4,1,swing_h4,200,atr,atr,,none,5.0,199,-4052.3714285752903,0.4221105527638191,0.9835512708093667,-20.363675520478846,27453.185714286337,-0.016287510100068497,45,0.4221105527638191,0.44221105527638194,,5.0
1550,4,1,swing_h4,200,atr,atr,,none,7.0,248,65120.77142856702,0.5040322580645161,1.1886941644255626,262.5837557603509,41031.607142857916,0.20634580907850783,45,0.5040322580645161,0.5120967741935484,,5.0
1551,4,1,swing_h4,200,atr,atr,,ema,0.0,243,84929.12142856687,0.6172839506172839,1.2247983832468714,349.5025573192052,28430.59285714294,0.22000369128418196,45,0.6172839506172839,0.6172839506172839,,5.0
1552,4,1,swing_h4,200,atr,atr,,ema,5.0,152,13322.69285714001,0.46710526315789475,1.0707282574855659,87.64929511276323,22172.214285715017,0.05648207995960681,45,0.46710526315789475,0.5263157894736842,,5.0
1553,4,1,swing_h4,200,atr,atr,,ema,7.0,204,65532.17142856763,0.5392156862745098,1.225201573054808,321.2361344537629,35751.328571428894,0.1746009019279635,45,0.5392156862745098,0.5686274509803921,,5.0
1554,4,1,swing_h4,200,atr,atr,,none,0.0,148,48299.48571428316,0.5337837837837838,1.143493895842177,326.3478764478592,81460.67142857172,0.10639131404086068,45,0.5337837837837838,0.5878378378378378,,8.0
1555,4,1,swing_h4,200,atr,atr,,none,5.0,170,84378.49999999671,0.3941176470588235,1.3739836929928255,496.34411764703947,28639.000000000204,0.3168300405678546,45,0.3941176470588235,0.4764705882352941,,8.0
1556,4,1,swing_h4,200,atr,atr,,none,7.0,161,99820.08571428328,0.45962732919254656,1.432138045580448,620.0005323868527,39635.842857143754,0.2987985393160034,45,0.45962732919254656,0.5279503105590062,,8.0
1557,4,1,swing_h4,200,atr,atr,,ema,0.0,139,68897.74285714055,0.5611510791366906,1.2239529704715004,495.66721479957226,76042.9714285717,0.14839054089692302,45,0.5611510791366906,0.6187050359712231,,8.0
1558,4,1,swing_h4,200,atr,atr,,ema,5.0,134,74067.34285714029,0.417910447761194,1.4107727755367605,552.7413646055246,17918.700000000077,0.28810138314291867,45,0.417910447761194,0.5149253731343284,,8.0
1559,4,1,swing_h4,200,atr,atr,,ema,7.0,137,107225.58571428322,0.4744525547445255,1.4839018532551436,782.6685088633812,25410.400000000125,0.4031850525727977,45,0.4744525547445255,0.5912408759124088,,8.0
1560,4,1,swing_d1,0,fixed,fixed_pips,1500.0,none,0.0,266,53802.29999999632,0.8045112781954887,1.201438312902681,202.2642857142719,57769.50000000053,0.12108863355104842,45,0.8045112781954887,0.6052631578947368,,
1561,4,1,swing_d1,0,fixed,fixed_pips,1500.0,none,5.0,150,-12982.800000002862,0.4266666666666667,0.8808379562150748,-86.55200000001908,21080.700000002482,-0.10335788392650008,45,0.4266666666666667,0.4066666666666667,,
1562,4,1,swing_d1,0,fixed,fixed_pips,1500.0,none,7.0,197,-34036.60000000366,0.47715736040609136,0.8054935836186661,-172.77461928935867,44380.00000000317,-0.2182835593794818,45,0.47715736040609136,0.4010152284263959,,
1563,4,1,swing_d1,0,fixed,fixed_pips,1500.0,ema,0.0,230,53727.399999996924,0.8434782608695652,1.226199106948125,233.59739130433445,62298.9000000003,0.13074115362606778,45,0.8434782608695652,0.6608695652173913,,
1564,4,1,swing_d1,0,fixed,fixed_pips,1500.0,ema,5.0,44,6508.49999999939,0.6136363636363636,1.191550414974375,147.92045454544066,7145.900000000029,0.08653440794536292,45,0.6136363636363636,0.4318181818181818,,
1565,4,1,swing_d1,0,fixed,fixed_pips,1500.0,ema,7.0,81,-9154.800000001229,0.6296296296296297,0.8930879967487629,-113.02222222223739,21713.600000000635,-0.06761106830325796,45,0.6296296296296297,0.43209876543209874,,
1566,4,1,swing_d1,0,fixed,fixed_pips,2500.0,none,0.0,184,94784.19999999725,0.782608695652174,1.3553643466654552,515.1315217391154,47021.100000000384,0.22615220041327785,45,0.782608695652174,0.6141304347826086,,
1567,4,1,swing_d1,0,fixed,fixed_pips,2500.0,none,5.0,143,-2908.300000002806,0.3356643356643357,0.9763330222005353,-20.33776223778186,28921.300000000683,-0.017766173294991736,45,0.3356643356643357,0.40559440559440557,,
1568,4,1,swing_d1,0,fixed,fixed_pips,2500.0,none,7.0,182,-23912.900000003516,0.3901098901098901,0.8812533084645888,-131.38956043957975,46230.500000001404,-0.11261339014464106,45,0.3901098901098901,0.4065934065934066,,
1569,4,1,swing_d1,0,fixed,fixed_pips,2500.0,ema,0.0,165,70864.59999999753,0.8,1.2718768799184703,429.4824242424093,52334.90000000027,0.163595101539741,45,0.8,0.6424242424242425,,
1570,4,1,swing_d1,0,fixed,fixed_pips,2500.0,ema,5.0,44,23233.199999999328,0.5454545454545454,1.6321133566227835,528.0272727272575,11625.200000000086,0.23487738137997147,45,0.5454545454545454,0.45454545454545453,,
1571,4,1,swing_d1,0,fixed,fixed_pips,2500.0,ema,7.0,74,15705.999999998743,0.5675675675675675,1.1759322527527762,212.24324324322626,13553.00000000018,0.11326512938306268,45,0.5675675675675675,0.4594594594594595,,
1572,4,1,swing_d1,0,fixed,fixed_pips,4000.0,none,0.0,129,91462.79999999795,0.6744186046511628,1.3565888752823074,709.0139534883563,59738.800000000294,0.1862553814584154,45,0.6744186046511628,0.6201550387596899,,
1573,4,1,swing_d1,0,fixed,fixed_pips,4000.0,none,5.0,125,-25835.500000002714,0.216,0.8069413100984721,-206.6840000000217,41483.90000000227,-0.1547212560087151,45,0.216,0.384,,
1574,4,1,swing_d1,0,fixed,fixed_pips,4000.0,none,7.0,155,8451.599999996855,0.3032258064516129,1.0470775920220359,54.52645161288294,37461.20000000154,0.03790050047665517,45,0.3032258064516129,0.3935483870967742,,
1575,4,1,swing_d1,0,fixed,fixed_pips,4000.0,ema,0.0,114,88757.1999999982,0.7280701754385965,1.3649536412839811,778.5719298245457,57771.20000000014,0.18287905071261018,45,0.7280701754385965,0.6578947368421053,,
1576,4,1,swing_d1,0,fixed,fixed_pips,4000.0,ema,5.0,40,-2013.8000000006741,0.325,0.9627124481319993,-50.34500000001685,29136.800000000272,-0.016310756611732133,45,0.325,0.4,,
1577,4,1,swing_d1,0,fixed,fixed_pips,4000.0,ema,7.0,65,-1594.8000000011452,0.4,0.9850844261881007,-24.535384615402233,31682.200000000194,-0.008510988258668344,45,0.4,0.4461538461538462,,
1578,4,1,swing_d1,0,r,r_multiple,,none,0.0,62,179451.97499999907,0.7419354838709677,2.6926716941622413,2894.386693548372,20640.199999999997,0.4482696668260026,45,0.7096774193548387,0.5967741935483871,0.75,
1579,4,1,swing_d1,0,r,r_multiple,,none,5.0,152,-9344.45000000248,0.5328947368421053,0.9089936510935297,-61.47664473685842,20987.850000002098,-0.07816801033274906,45,0.5328947368421053,0.40789473684210525,0.75,
1580,4,1,swing_d1,0,r,r_multiple,,none,7.0,191,-42063.87500000335,0.5130890052356021,0.7905628788727345,-220.22971204190233,66452.65000000306,-0.19010782032594187,45,0.5130890052356021,0.4083769633507853,0.75,
1581,4,1,swing_d1,0,r,r_multiple,,ema,0.0,53,165912.12499999927,0.7358490566037735,2.7081168744260222,3130.417452830175,22782.900000000067,0.43487333482541385,45,0.6981132075471698,0.660377358490566,0.75,
1582,4,1,swing_d1,0,r,r_multiple,,ema,5.0,44,16702.824999999415,0.6363636363636364,1.4785758901581691,379.6096590908958,9365.900000000056,0.16962746877941257,45,0.6363636363636364,0.4318181818181818,0.75,
1583,4,1,swing_d1,0,r,r_multiple,,ema,7.0,75,-6271.575000001174,0.5866666666666667,0.9416729520675688,-83.62100000001566,25252.000000000502,-0.033614231762275834,45,0.5866666666666667,0.4533333333333333,0.75,
1584,4,1,swing_d1,0,r,r_multiple,,none,0.0,45,115581.49999999937,0.6222222222222222,2.0351441104664714,2568.477777777764,17932.799999999996,0.30387533013701923,45,0.5777777777777777,0.6222222222222222,1.0,
1585,4,1,swing_d1,0,r,r_multiple,,none,5.0,150,2566.9999999972824,0.46,1.0227657908296275,17.113333333315214,28060.70000000141,0.016600019453404474,45,0.46,0.41333333333333333,1.0,
1586,4,1,swing_d1,0,r,r_multiple,,none,7.0,178,-45733.70000000337,0.4550561797752809,0.7927532494957334,-256.93089887642344,63951.60000000326,-0.1719121291372034,45,0.4550561797752809,0.4044943820224719,1.0,
1587,4,1,swing_d1,0,r,r_multiple,,ema,0.0,41,116643.89999999947,0.6341463414634146,2.0667081849557394,2844.9731707316946,17932.799999999996,0.3023048049232121,45,0.5853658536585366,0.6585365853658537,1.0,
1588,4,1,swing_d1,0,r,r_multiple,,ema,5.0,45,27139.599999999336,0.5777777777777777,1.6916010264590753,603.1022222222075,10380.30000000008,0.19627573549933827,45,0.5777777777777777,0.4666666666666667,1.0,
1589,4,1,swing_d1,0,r,r_multiple,,ema,7.0,74,-12407.000000001288,0.5,0.9040869162555846,-167.66216216217956,35467.40000000059,-0.058904961723817,45,0.5,0.44594594594594594,1.0,
1590,4,1,swing_d1,0,r,r_multiple,,none,0.0,30,102316.39999999943,0.5666666666666667,2.0971962175853442,3410.5466666666475,29372.20000000001,0.23439163772158988,45,0.4,0.6666666666666666,1.5,
1591,4,1,swing_d1,0,r,r_multiple,,none,5.0,135,-54153.30000000239,0.3111111111111111,0.6186368524351771,-401.13555555557326,70462.50000000224,-0.3172409472883638,45,0.3111111111111111,0.37777777777777777,1.5,
1592,4,1,swing_d1,0,r,r_multiple,,none,7.0,150,-85793.70000000272,0.31333333333333335,0.6151647870556608,-571.9580000000182,87550.05000000252,-0.40110783069018496,45,0.31333333333333335,0.3933333333333333,1.5,
1593,4,1,swing_d1,0,r,r_multiple,,ema,0.0,25,149819.5499999994,0.64,3.726688761247466,5992.7819999999765,15789.900000000038,0.44408255447247696,45,0.4,0.72,1.5,
1594,4,1,swing_d1,0,r,r_multiple,,ema,5.0,38,-12477.00000000057,0.3684210526315789,0.7817286766918264,-328.34210526317287,35275.5000000004,-0.09532650667614495,45,0.3684210526315789,0.39473684210526316,1.5,
1595,4,1,swing_d1,0,r,r_multiple,,ema,7.0,60,-78410.35000000105,0.2833333333333333,0.4834995270428681,-1306.8391666666842,81074.55000000076,-0.37369886397448604,45,0.2833333333333333,0.43333333333333335,1.5,
1596,4,1,swing_d1,0,r,r_multiple,,none,0.0,28,131566.19999999937,0.5714285714285714,2.562362100373102,4698.792857142835,20640.200000000004,0.29477428642435954,45,0.35714285714285715,0.6071428571428571,2.0,
1597,4,1,swing_d1,0,r,r_multiple,,none,5.0,130,-36381.20000000247,0.2846153846153846,0.7399687944255816,-279.85538461540364,58659.10000000225,-0.20431912385594767,45,0.2846153846153846,0.4,2.0,
1598,4,1,swing_d1,0,r,r_multiple,,none,7.0,131,-107277.60000000248,0.2748091603053435,0.5169277212599724,-818.9129770992556,111906.3000000022,-0.37373983510610503,45,0.2748091603053435,0.3893129770992366,2.0,
1599,4,1,swing_d1,0,r,r_multiple,,ema,0.0,24,102790.29999999948,0.5416666666666666,2.203258703963392,4282.929166666645,32985.40000000002,0.23732855942569728,45,0.2916666666666667,0.6666666666666666,2.0,
1600,4,1,swing_d1,0,r,r_multiple,,ema,5.0,38,5477.799999999435,0.34210526315789475,1.0976586386837066,144.1526315789325,29442.40000000027,0.034424803537353416,45,0.34210526315789475,0.42105263157894735,2.0,
1601,4,1,swing_d1,0,r,r_multiple,,ema,7.0,54,-54987.500000000946,0.2777777777777778,0.6039808254339512,-1018.2870370370546,59053.20000000041,-0.2462839162828623,45,0.2777777777777778,0.48148148148148145,2.0,
1602,4,1,swing_d1,0,atr,atr,,none,0.0,206,34858.94285713984,0.7621359223300971,1.1316839084528814,169.2181692094167,85711.95000000084,0.08635130939290318,45,0.7621359223300971,0.587378640776699,,3.0
1603,4,1,swing_d1,0,atr,atr,,none,5.0,149,-15724.66428571699,0.38926174496644295,0.8717048300738726,-105.53465963568449,29204.535714288064,-0.11620606541138541,45,0.38926174496644295,0.40939597315436244,,3.0
1604,4,1,swing_d1,0,atr,atr,,none,7.0,194,-54520.90000000372,0.4329896907216495,0.7426647447079915,-281.03556701032846,73788.06428571766,-0.2211235397786131,45,0.4329896907216495,0.41237113402061853,,3.0
1605,4,1,swing_d1,0,atr,atr,,ema,0.0,186,52510.34285714039,0.8225806451612904,1.2230681972381532,282.3136712749484,61621.29285714351,0.13381607810818102,45,0.8225806451612904,0.6397849462365591,,3.0
1606,4,1,swing_d1,0,atr,atr,,ema,5.0,45,15267.035714285066,0.5777777777777777,1.4026998450157846,339.2674603174459,10380.30000000008,0.16048845312096488,45,0.5777777777777777,0.4444444444444444,,3.0
1607,4,1,swing_d1,0,atr,atr,,ema,7.0,78,-24747.492857144192,0.5641025641025641,0.7778126572783917,-317.2755494505666,39929.06428571545,-0.14006744034501964,45,0.5641025641025641,0.44871794871794873,,3.0
1608,4,1,swing_d1,0,atr,atr,,none,0.0,135,11293.857142855028,0.6666666666666666,1.0387766194107864,83.65820105818538,87683.535714286,0.022265348396705506,45,0.6666666666666666,0.6,,5.0
1609,4,1,swing_d1,0,atr,atr,,none,5.0,137,-23825.43571428839,0.27007299270072993,0.8290133355368884,-173.90828988531672,35733.050000002346,-0.12784428861334893,45,0.27007299270072993,0.39416058394160586,,5.0
1610,4,1,swing_d1,0,atr,atr,,none,7.0,170,-68945.50000000335,0.3058823529411765,0.7027352726864979,-405.561764705902,84770.87142857474,-0.2421272032073659,45,0.3058823529411765,0.38823529411764707,,5.0
1611,4,1,swing_d1,0,atr,atr,,ema,0.0,120,24121.057142855352,0.7416666666666667,1.0884322591393607,201.0088095237946,81431.6357142862,0.050022662393262925,45,0.7416666666666667,0.6416666666666667,,5.0
1612,4,1,swing_d1,0,atr,atr,,ema,5.0,41,20528.72142857075,0.4634146341463415,1.4601861802968539,500.700522648067,17824.300000000083,0.14841499650344903,45,0.4634146341463415,0.43902439024390244,,5.0
1613,4,1,swing_d1,0,atr,atr,,ema,7.0,69,-12795.835714287023,0.463768115942029,0.8927484794304523,-185.44689440995685,34852.76428571479,-0.06272723185554246,45,0.463768115942029,0.4492753623188406,,5.0
1614,4,1,swing_d1,0,atr,atr,,none,0.0,66,133733.02857142733,0.7424242424242424,2.041928053598337,2026.2580086579899,25362.214285714348,0.4318409883504028,45,0.7424242424242424,0.6818181818181818,,8.0
1615,4,1,swing_d1,0,atr,atr,,none,5.0,124,-43379.10000000271,0.1693548387096774,0.7046826941012787,-349.8314516129251,65363.61428571674,-0.19698510853921078,45,0.1693548387096774,0.4032258064516129,,8.0
1616,4,1,swing_d1,0,atr,atr,,none,7.0,146,-76138.3428571458,0.2054794520547945,0.6511010085153331,-521.4954990215466,93141.18571428857,-0.2931591508875231,45,0.2054794520547945,0.410958904109589,,8.0
1617,4,1,swing_d1,0,atr,atr,,ema,0.0,64,134875.9285714274,0.765625,2.0709113388497125,2107.436383928553,25362.214285714348,0.4312103585022848,45,0.765625,0.6875,,8.0
1618,4,1,swing_d1,0,atr,atr,,ema,5.0,38,11655.39999999912,0.3157894736842105,1.2067520727713765,306.7210526315558,30287.4000000003,0.0686123160206701,45,0.3157894736842105,0.42105263157894735,,8.0
1619,4,1,swing_d1,0,atr,atr,,ema,7.0,59,-31830.72857142979,0.3389830508474576,0.7654954829892004,-539.5038740920304,58170.11428571459,-0.1323260013053899,45,0.3389830508474576,0.4915254237288136,,8.0
1620,4,1,swing_d1,200,fixed,fixed_pips,1500.0,none,0.0,262,60876.8999999965,0.816793893129771,1.234127425186349,232.3545801526584,59569.50000000053,0.13575623291043926,45,0.816793893129771,0.6030534351145038,,
1621,4,1,swing_d1,200,fixed,fixed_pips,1500.0,none,5.0,139,-1980.1000000026297,0.45323741007194246,0.9794698938086958,-14.245323741026112,13519.100000000844,-0.01776212457891433,45,0.45323741007194246,0.38848920863309355,,
1622,4,1,swing_d1,200,fixed,fixed_pips,1500.0,none,7.0,185,-34708.4000000034,0.4864864864864865,0.7954278883954767,-187.61297297299134,44687.60000000274,-0.22803303711505385,45,0.4864864864864865,0.3837837837837838,,
1623,4,1,swing_d1,200,fixed,fixed_pips,1500.0,ema,0.0,229,54130.099999996964,0.8471615720524017,1.2282815571362706,236.37598253273782,63498.9000000003,0.1340380022650337,45,0.8471615720524017,0.6593886462882096,,
1624,4,1,swing_d1,200,fixed,fixed_pips,1500.0,ema,5.0,36,1653.1999999994468,0.5833333333333334,1.0554090151928832,45.922222222206855,9735.90000000031,0.024872173477002192,45,0.5833333333333334,0.3888888888888889,,
1625,4,1,swing_d1,200,fixed,fixed_pips,1500.0,ema,7.0,73,-10352.000000001113,0.6301369863013698,0.8695054771899172,-141.80821917809743,20447.90000000096,-0.08206335967370583,45,0.6301369863013698,0.3972602739726027,,
1626,4,1,swing_d1,200,fixed,fixed_pips,2500.0,none,0.0,183,105128.79999999734,0.7978142076502732,1.4022092108605642,574.4743169398762,48421.100000000384,0.24501659411556406,45,0.7978142076502732,0.6065573770491803,,
1627,4,1,swing_d1,200,fixed,fixed_pips,2500.0,none,5.0,132,6525.4999999974625,0.3560606060606061,1.0588142513361511,49.435606060586835,25795.300000000654,0.04384511725870385,45,0.3560606060606061,0.38636363636363635,,
1628,4,1,swing_d1,200,fixed,fixed_pips,2500.0,none,7.0,170,-18778.600000003258,0.40588235294117647,0.9018082126454988,-110.46235294119563,41387.40000000129,-0.09812043284130519,45,0.40588235294117647,0.4,,
1629,4,1,swing_d1,200,fixed,fixed_pips,2500.0,ema,0.0,163,55616.09999999758,0.7975460122699386,1.2053019002277874,341.20306748464776,53334.90000000027,0.13208125181823083,45,0.7975460122699386,0.6319018404907976,,
1630,4,1,swing_d1,200,fixed,fixed_pips,2500.0,ema,5.0,36,11152.79999999941,0.5,1.3295919995744239,309.7999999999836,9022.200000000066,0.13046736164019782,45,0.5,0.4166666666666667,,
1631,4,1,swing_d1,200,fixed,fixed_pips,2500.0,ema,7.0,69,9902.799999998842,0.5652173913043478,1.113074447033877,143.51884057969338,12844.100000000208,0.06933773036587786,45,0.5652173913043478,0.43478260869565216,,
1632,4,1,swing_d1,200,fixed,fixed_pips,4000.0,none,0.0,124,88882.99999999804,0.6854838709677419,1.3540104630298884,716.7983870967583,61338.800000000294,0.17619201932921588,45,0.6854838709677419,0.6290322580645161,,
1633,4,1,swing_d1,200,fixed,fixed_pips,4000.0,none,5.0,117,-10718.400000002455,0.23931623931623933,0.9126486091778104,-91.6102564102774,29628.40000000201,-0.07157482689817588,45,0.23931623931623933,0.37606837606837606,,
1634,4,1,swing_d1,200,fixed,fixed_pips,4000.0,none,7.0,146,-1480.8000000029988,0.3013698630136986,0.9916555279309738,-10.142465753445197,30636.000000001404,-0.007358382482204187,45,0.3013698630136986,0.3835616438356164,,
1635,4,1,swing_d1,200,fixed,fixed_pips,4000.0,ema,0.0,110,77221.29999999824,0.7272727272727273,1.3181252103599383,702.0118181818023,58771.20000000014,0.15980528466115093,45,0.7272727272727273,0.6636363636363637,,
1636,4,1,swing_d1,200,fixed,fixed_pips,4000.0,ema,5.0,35,7806.999999999425,0.37142857142857144,1.1766829235173488,223.05714285712642,18263.90000000024,0.06881204274917034,45,0.37142857142857144,0.4,,
1637,4,1,swing_d1,200,fixed,fixed_pips,4000.0,ema,7.0,59,-9031.30000000105,0.3898305084745763,0.9105987143114418,-153.07288135595002,31140.300000000352,-0.0526862772873905,45,0.3898305084745763,0.4067796610169492,,
1638,4,1,swing_d1,200,r,r_multiple,,none,0.0,54,154398.92499999938,0.7407407407407407,2.578148269288742,2859.23935185184,23600.200000000084,0.41392552323921483,45,0.7037037037037037,0.6296296296296297,0.75,
1639,4,1,swing_d1,200,r,r_multiple,,none,5.0,141,-6061.0000000023565,0.5390070921985816,0.9362646075609434,-42.98581560285359,19750.300000001782,-0.05254728505966748,45,0.5390070921985816,0.3900709219858156,0.75,
1640,4,1,swing_d1,200,r,r_multiple,,none,7.0,178,-47686.67500000299,0.5168539325842697,0.7544817035184188,-267.90266853934264,68893.37500000278,-0.2282182717774216,45,0.5168539325842697,0.4044943820224719,0.75,
1641,4,1,swing_d1,200,r,r_multiple,,ema,0.0,47,150361.59999999942,0.723404255319149,2.54632710085264,3199.182978723392,23600.200000000084,0.4075756067675083,45,0.6808510638297872,0.6808510638297872,0.75,
1642,4,1,swing_d1,200,r,r_multiple,,ema,5.0,36,11902.649999999448,0.6111111111111112,1.3869597586428648,330.6291666666514,7855.675000000201,0.1317808272752602,45,0.6111111111111112,0.3888888888888889,0.75,
1643,4,1,swing_d1,200,r,r_multiple,,ema,7.0,71,-10102.17500000108,0.5774647887323944,0.9072231436684612,-142.28415492959266,29197.45000000048,-0.05257854364414193,45,0.5774647887323944,0.43661971830985913,0.75,
1644,4,1,swing_d1,200,r,r_multiple,,none,0.0,41,119753.09999999948,0.5853658536585366,2.140724081467015,2920.807317073158,24721.700000000055,0.26169459698400577,45,0.5365853658536586,0.6341463414634146,1.0,
1645,4,1,swing_d1,200,r,r_multiple,,none,5.0,138,-2151.9000000024316,0.4782608695652174,0.9799606831191418,-15.593478260887185,23259.500000001288,-0.01315078445220409,45,0.4782608695652174,0.391304347826087,1.0,
1646,4,1,swing_d1,200,r,r_multiple,,none,7.0,168,-44252.70000000303,0.4642857142857143,0.7838442601330434,-263.4089285714466,63110.20000000278,-0.19518460584523714,45,0.4642857142857143,0.3869047619047619,1.0,
1647,4,1,swing_d1,200,r,r_multiple,,ema,0.0,36,110916.49999999964,0.6111111111111112,2.020260518664121,3081.0138888888787,33385.40000000003,0.22984230548944493,45,0.5555555555555556,0.6666666666666666,1.0,
1648,4,1,swing_d1,200,r,r_multiple,,ema,5.0,36,19377.29999999942,0.5555555555555556,1.5661374579281753,538.2583333333173,8335.600000000068,0.15833712224064977,45,0.5555555555555556,0.4166666666666667,1.0,
1649,4,1,swing_d1,200,r,r_multiple,,ema,7.0,66,-17437.200000001096,0.5,0.8579599975888342,-264.2000000000166,43151.100000000544,-0.08941597702775193,45,0.5,0.4090909090909091,1.0,
1650,4,1,swing_d1,200,r,r_multiple,,none,0.0,28,98140.19999999947,0.5714285714285714,2.066403996127303,3505.007142857124,33973.10000000003,0.24858512412858513,45,0.42857142857142855,0.6428571428571429,1.5,
1651,4,1,swing_d1,200,r,r_multiple,,none,5.0,129,-36598.20000000216,0.34108527131782945,0.7183677144261952,-283.7069767442028,55160.650000001966,-0.255305306407421,45,0.34108527131782945,0.3875968992248062,1.5,
1652,4,1,swing_d1,200,r,r_multiple,,none,7.0,148,-73612.75000000262,0.34459459459459457,0.6668069064034329,-497.3834459459637,76124.85000000232,-0.3253737261760353,45,0.34459459459459457,0.3716216216216216,1.5,
1653,4,1,swing_d1,200,r,r_multiple,,ema,0.0,25,97643.94999999952,0.56,2.083503756711972,3905.7579999999807,33973.10000000002,0.2479313138120642,45,0.4,0.68,1.5,
1654,4,1,swing_d1,200,r,r_multiple,,ema,5.0,33,-10992.95000000052,0.3333333333333333,0.7860194730367266,-333.1196969697127,30673.05000000038,-0.08691454871783634,45,0.3333333333333333,0.3939393939393939,1.5,
1655,4,1,swing_d1,200,r,r_multiple,,ema,7.0,55,-72740.95000000096,0.2909090909090909,0.4886929083602571,-1322.5627272727447,77008.9500000007,-0.35883575700905385,45,0.2909090909090909,0.4,1.5,
1656,4,1,swing_d1,200,r,r_multiple,,none,0.0,29,131143.59999999945,0.5517241379310345,2.5026135178798414,4522.193103448257,20840.200000000004,0.2896339397221729,45,0.3448275862068966,0.6206896551724138,2.0,
1657,4,1,swing_d1,200,r,r_multiple,,none,5.0,124,-11634.700000002269,0.3225806451612903,0.906099000919244,-93.82822580646992,37096.40000000202,-0.07325934652740816,45,0.3225806451612903,0.3951612903225806,2.0,
1658,4,1,swing_d1,200,r,r_multiple,,none,7.0,136,-49711.00000000255,0.33088235294117646,0.7673325785406323,-365.52205882354815,73850.50000000204,-0.1629888746240141,45,0.33088235294117646,0.39705882352941174,2.0,
1659,4,1,swing_d1,200,r,r_multiple,,ema,0.0,26,99564.8999999995,0.5384615384615384,2.09634258469093,3829.4192307692115,33385.40000000003,0.22522348097832515,45,0.3076923076923077,0.6153846153846154,2.0,
1660,4,1,swing_d1,200,r,r_multiple,,ema,5.0,32,6427.79999999948,0.34375,1.13556498062844,200.86874999998375,21311.600000000406,0.04212302270036531,45,0.34375,0.40625,2.0,
1661,4,1,swing_d1,200,r,r_multiple,,ema,7.0,51,-37119.20000000098,0.29411764705882354,0.7088299685683277,-727.8274509804114,51876.700000000485,-0.15668085625787537,45,0.29411764705882354,0.43137254901960786,2.0,
1662,4,1,swing_d1,200,atr,atr,,none,0.0,204,48920.43571428292,0.7843137254901961,1.1908121407015704,239.8060574229555,78763.4428571436,0.11909176906505445,45,0.7843137254901961,0.5784313725490197,,3.0
1663,4,1,swing_d1,200,atr,atr,,none,5.0,137,-13373.921428573818,0.39416058394160586,0.8824842983850189,-97.61986444214466,26594.571428573487,-0.09942166155389263,45,0.39416058394160586,0.38686131386861317,,3.0
1664,4,1,swing_d1,200,atr,atr,,none,7.0,182,-62199.92142857479,0.43956043956043955,0.7006674766208779,-341.7578100471142,79766.47857143173,-0.2512151153329936,45,0.43956043956043955,0.3956043956043956,,3.0
1665,4,1,swing_d1,200,atr,atr,,ema,0.0,186,55899.55714285473,0.8279569892473119,1.2384816793972573,300.5352534562082,57157.48571428633,0.1459690628654735,45,0.8279569892473119,0.6344086021505376,,3.0
1666,4,1,swing_d1,200,atr,atr,,ema,5.0,36,7670.1785714280495,0.5277777777777778,1.224471131736259,213.06051587300138,7823.70000000019,0.08920895522208185,45,0.5277777777777778,0.3888888888888889,,3.0
1667,4,1,swing_d1,200,atr,atr,,ema,7.0,70,-27024.250000001186,0.5571428571428572,0.7447674698647159,-386.06071428573125,41805.821428572446,-0.15800428823789875,45,0.5571428571428572,0.4142857142857143,,3.0
1668,4,1,swing_d1,200,atr,atr,,none,0.0,134,27614.89285714098,0.6865671641791045,1.0985133324645795,206.08128997866405,89883.535714286,0.05195693439676112,45,0.6865671641791045,0.5970149253731343,,5.0
1669,4,1,swing_d1,200,atr,atr,,none,5.0,127,-12975.042857145194,0.2992125984251969,0.8974766065133947,-102.16569178854483,25476.221428573437,-0.07346858050430131,45,0.2992125984251969,0.3858267716535433,,5.0
1670,4,1,swing_d1,200,atr,atr,,none,7.0,159,-71680.09285714591,0.32075471698113206,0.6782756311738972,-450.81819407010005,87105.46428571733,-0.2616655422827967,45,0.32075471698113206,0.37735849056603776,,5.0
1671,4,1,swing_d1,200,atr,atr,,ema,0.0,120,30774.457142855455,0.75,1.1145918156089478,256.4538095237955,84661.20714285759,0.06277762857406528,45,0.75,0.6416666666666667,,5.0
1672,4,1,swing_d1,200,atr,atr,,ema,5.0,35,18774.649999999452,0.45714285714285713,1.484037424331468,536.4185714285558,13205.30000000008,0.1572621918680039,45,0.45714285714285713,0.42857142857142855,,5.0
1673,4,1,swing_d1,200,atr,atr,,ema,7.0,62,-14729.521428572574,0.46774193548387094,0.8676654691014214,-237.57292626729958,37802.92857142899,-0.07582825438525798,45,0.46774193548387094,0.41935483870967744,,5.0
1674,4,1,swing_d1,200,atr,atr,,none,0.0,66,131723.7142857131,0.7424242424242424,2.007435588010177,1995.8138528138347,25762.214285714348,0.42397294941231384,45,0.7424242424242424,0.6818181818181818,,8.0
1675,4,1,swing_d1,200,atr,atr,,none,5.0,117,-11913.028571430981,0.20512820512820512,0.9083506027517773,-101.82075702077762,35370.28571428788,-0.0631262423709371,45,0.20512820512820512,0.39316239316239315,,8.0
1676,4,1,swing_d1,200,atr,atr,,none,7.0,141,-43608.80000000284,0.24822695035460993,0.7880987008115139,-309.2822695035662,60784.5571428597,-0.16859612017190867,45,0.24822695035460993,0.41134751773049644,,8.0
1677,4,1,swing_d1,200,atr,atr,,ema,0.0,64,132866.61428571312,0.765625,2.0352301553290957,2076.0408482142675,25762.214285714348,0.4235011458443244,45,0.765625,0.6875,,8.0
1678,4,1,swing_d1,200,atr,atr,,ema,5.0,32,12541.599999999267,0.3125,1.261843022794539,391.9249999999771,18407.985714286,0.08103753241026189,45,0.3125,0.40625,,8.0
1679,4,1,swing_d1,200,atr,atr,,ema,7.0,54,-32548.228571429718,0.3333333333333333,0.7415367246558835,-602.7449735449948,56589.2428571432,-0.14612494424337685,45,0.3333333333333333,0.4444444444444444,,8.0
1680,4,1,ltf,0,fixed,fixed_pips,1500.0,none,0.0,676,59628.69999998768,0.4275147928994083,1.158907149085461,88.20813609465633,25926.000000002554,0.23157692254732087,45,0.4275147928994083,0.5355029585798816,,
1681,4,1,ltf,0,fixed,fixed_pips,1500.0,none,5.0,673,51237.69999998769,0.42199108469539376,1.136221243438838,76.13328380384502,25926.00000000256,0.20350594932354482,45,0.42199108469539376,0.5334323922734027,,
1682,4,1,ltf,0,fixed,fixed_pips,1500.0,none,7.0,676,59628.69999998768,0.4275147928994083,1.158907149085461,88.20813609465633,25926.000000002554,0.23157692254732087,45,0.4275147928994083,0.5355029585798816,,
1683,4,1,ltf,0,fixed,fixed_pips,1500.0,ema,0.0,524,75695.49999999048,0.45229007633587787,1.2691858794544155,144.45706106868414,18310.300000000832,0.34146541388250273,45,0.45229007633587787,0.5782442748091603,,
1684,4,1,ltf,0,fixed,fixed_pips,1500.0,ema,5.0,521,67304.49999999051,0.44529750479846447,1.2385879797273647,129.18330134355185,18310.300000000836,0.31314242860590136,45,0.44529750479846447,0.5777351247600768,,
1685,4,1,ltf,0,fixed,fixed_pips,1500.0,ema,7.0,524,75695.49999999048,0.45229007633587787,1.2691858794544155,144.45706106868414,18310.300000000832,0.34146541388250273,45,0.45229007633587787,0.5782442748091603,,
1686,4,1,ltf,0,fixed,fixed_pips,2500.0,none,0.0,593,80587.79999998839,0.3305227655986509,1.1959310675312924,135.8984822934037,37061.00000000166,0.23855998865019015,45,0.3305227655986509,0.5362563237774031,,
1687,4,1,ltf,0,fixed,fixed_pips,2500.0,none,5.0,594,75094.99999998823,0.32491582491582494,1.1833669487758929,126.42255892253911,38508.000000001644,0.22939740951869145,45,0.32491582491582494,0.5370370370370371,,
1688,4,1,ltf,0,fixed,fixed_pips,2500.0,none,7.0,593,80587.79999998839,0.3305227655986509,1.1959310675312924,135.8984822934037,37061.00000000166,0.23855998865019015,45,0.3305227655986509,0.5362563237774031,,
1689,4,1,ltf,0,fixed,fixed_pips,2500.0,ema,0.0,467,91986.09999999095,0.3468950749464668,1.2933832713095061,196.9723768736423,24965.900000001286,0.33831302148306247,45,0.3468950749464668,0.5802997858672377,,
1690,4,1,ltf,0,fixed,fixed_pips,2500.0,ema,5.0,464,92210.99999999093,0.3426724137931034,1.3012988286036,198.73060344825632,26412.90000000128,0.3451079760747937,45,0.3426724137931034,0.5818965517241379,,
1691,4,1,ltf,0,fixed,fixed_pips,2500.0,ema,7.0,467,91986.09999999095,0.3468950749464668,1.2933832713095061,196.9723768736423,24965.900000001286,0.33831302148306247,45,0.3468950749464668,0.5802997858672377,,
1692,4,1,ltf,0,fixed,fixed_pips,4000.0,none,0.0,447,97891.59999999095,0.2639821029082774,1.261707678183654,218.99686800892832,21011.800000001356,0.36623118111125424,45,0.2639821029082774,0.5346756152125279,,
1693,4,1,ltf,0,fixed,fixed_pips,4000.0,none,5.0,456,97941.79999999068,0.2565789473684211,1.2647077821954678,214.78464912278656,21011.800000001356,0.3797541090091805,45,0.2565789473684211,0.5394736842105263,,
1694,4,1,ltf,0,fixed,fixed_pips,4000.0,none,7.0,447,97891.59999999095,0.2639821029082774,1.261707678183654,218.99686800892832,21011.800000001356,0.36623118111125424,45,0.2639821029082774,0.5346756152125279,,
1695,4,1,ltf,0,fixed,fixed_pips,4000.0,ema,0.0,368,92321.79999999252,0.27445652173913043,1.2954999235018063,250.87445652171883,19102.300000000898,0.3586216349576473,45,0.27445652173913043,0.5760869565217391,,
1696,4,1,ltf,0,fixed,fixed_pips,4000.0,ema,5.0,377,108727.69999999221,0.27320954907161804,1.3576346733706024,288.40238726788385,18046.300000001058,0.40200962555273817,45,0.27320954907161804,0.5782493368700266,,
1697,4,1,ltf,0,fixed,fixed_pips,4000.0,ema,7.0,368,92321.79999999252,0.27445652173913043,1.2954999235018063,250.87445652171883,19102.300000000898,0.3586216349576473,45,0.27445652173913043,0.5760869565217391,,
1698,4,1,ltf,0,r,r_multiple,,none,0.0,701,74780.72499998941,0.5748930099857347,1.2418390618364898,106.67721112694637,20852.975000001337,0.29242809063656167,45,0.5748930099857347,0.5420827389443652,0.75,
1699,4,1,ltf,0,r,r_multiple,,none,5.0,711,65340.12499998935,0.5724331926863573,1.210240179800983,91.89890998592033,19450.725000002854,0.2752465049306975,45,0.5724331926863573,0.5414908579465542,0.75,
1700,4,1,ltf,0,r,r_multiple,,none,7.0,701,74780.72499998941,0.5748930099857347,1.2418390618364898,106.67721112694637,20852.975000001337,0.29242809063656167,45,0.5748930099857347,0.5420827389443652,0.75,
1701,4,1,ltf,0,r,r_multiple,,ema,0.0,542,89808.94999999195,0.5922509225092251,1.3878025789323702,165.69916974168257,12249.325000000732,0.4208563479687467,45,0.5922509225092251,0.577490774907749,0.75,
1702,4,1,ltf,0,r,r_multiple,,ema,5.0,548,85660.47499999191,0.5894160583941606,1.3719767287854365,156.3147354014451,10820.550000000585,0.3921286878432685,45,0.5894160583941606,0.5766423357664233,0.75,
1703,4,1,ltf,0,r,r_multiple,,ema,7.0,542,89808.94999999195,0.5922509225092251,1.3878025789323702,165.69916974168257,12249.325000000732,0.4208563479687467,45,0.5922509225092251,0.577490774907749,0.75,
1704,4,1,ltf,0,r,r_multiple,,none,0.0,665,76481.29999998951,0.5082706766917293,1.217055788178913,115.00947368419476,23389.400000000547,0.2702885842495035,45,0.5082706766917293,0.5428571428571428,1.0,
1705,4,1,ltf,0,r,r_multiple,,none,5.0,679,72120.59999998928,0.5095729013254786,1.2042099981651484,106.215905743725,23389.400000000554,0.2574309879477596,45,0.5095729013254786,0.5434462444771723,1.0,
1706,4,1,ltf,0,r,r_multiple,,none,7.0,665,76481.29999998951,0.5082706766917293,1.217055788178913,115.00947368419476,23389.400000000547,0.2702885842495035,45,0.5082706766917293,0.5428571428571428,1.0,
1707,4,1,ltf,0,r,r_multiple,,ema,0.0,517,91692.99999999203,0.528046421663443,1.3345371997645659,177.35589941971378,14237.400000000554,0.3734443255990206,45,0.528046421663443,0.5764023210831721,1.0,
1708,4,1,ltf,0,r,r_multiple,,ema,5.0,526,87677.69999999189,0.5304182509505704,1.3218033351268488,166.6876425855359,12609.90000000014,0.3538307172269993,45,0.5304182509505704,0.5779467680608364,1.0,
1709,4,1,ltf,0,r,r_multiple,,ema,7.0,517,91692.99999999203,0.528046421663443,1.3345371997645659,177.35589941971378,14237.400000000554,0.3734443255990206,45,0.528046421663443,0.5764023210831721,1.0,
1710,4,1,ltf,0,r,r_multiple,,none,0.0,591,90243.64999999045,0.40947546531302875,1.2300161774559837,152.6965313028603,30931.400000001304,0.2678545059613811,45,0.40947546531302875,0.5363790186125211,1.5,
1711,4,1,ltf,0,r,r_multiple,,none,5.0,620,107709.29999999005,0.41935483870967744,1.275977148912784,173.7246774193388,30931.4000000013,0.3396523790186001,45,0.41935483870967744,0.5370967741935484,1.5,
1712,4,1,ltf,0,r,r_multiple,,none,7.0,591,90243.64999999045,0.40947546531302875,1.2300161774559837,152.6965313028603,30931.400000001304,0.2678545059613811,45,0.40947546531302875,0.5363790186125211,1.5,
1713,4,1,ltf,0,r,r_multiple,,ema,0.0,466,91914.34999999274,0.4227467811158798,1.2915563984734564,197.24109442058528,25276.050000000894,0.3252916492459892,45,0.4227467811158798,0.5665236051502146,1.5,
1714,4,1,ltf,0,r,r_multiple,,ema,5.0,484,106745.39999999251,0.4318181818181818,1.3439644130521677,220.54834710742256,25276.05000000089,0.3955919042759935,45,0.4318181818181818,0.5702479338842975,1.5,
1715,4,1,ltf,0,r,r_multiple,,ema,7.0,466,91914.34999999274,0.4227467811158798,1.2915563984734564,197.24109442058528,25276.050000000894,0.3252916492459892,45,0.4227467811158798,0.5665236051502146,1.5,
1716,4,1,ltf,0,r,r_multiple,,none,0.0,513,62550.099999990896,0.3469785575048733,1.1636052952057048,121.93001949315965,31353.10000000132,0.1869211509454049,45,0.3469785575048733,0.5360623781676414,2.0,
1717,4,1,ltf,0,r,r_multiple,,none,5.0,552,72558.99999999038,0.35144927536231885,1.1875805779039879,131.44746376809852,29653.200000001536,0.22439845131422412,45,0.35144927536231885,0.5398550724637681,2.0,
1718,4,1,ltf,0,r,r_multiple,,none,7.0,529,54095.899999990535,0.3440453686200378,1.1386443704837579,102.26068052928268,31353.10000000132,0.16422783874572966,45,0.3440453686200378,0.5349716446124764,2.0,
1719,4,1,ltf,0,r,r_multiple,,ema,0.0,415,99387.69999999281,0.35903614457831323,1.3129149430339029,239.48843373492244,25155.600000000955,0.3257728534578222,45,0.35903614457831323,0.5542168674698795,2.0,
1720,4,1,ltf,0,r,r_multiple,,ema,5.0,443,110494.09999999254,0.3656884875846501,1.34972773587148,249.42234762978,22051.20000000115,0.3706789780949891,45,0.3656884875846501,0.5665914221218962,2.0,
1721,4,1,ltf,0,r,r_multiple,,ema,7.0,427,92174.49999999249,0.3559718969555035,1.28554837046796,215.86533957843676,25155.600000000963,0.30810534621903124,45,0.3559718969555035,0.5573770491803278,2.0,
1722,4,1,ltf,0,atr,atr,,none,0.0,644,114482.22857141672,0.4192546583850932,1.2948578810912774,177.76743566990174,22926.06428571501,0.3732420516703167,45,0.4192546583850932,0.5434782608695652,,3.0
1723,4,1,ltf,0,atr,atr,,none,5.0,641,106634.44999998817,0.41341653666146644,1.276205463630456,166.35639625583178,22926.064285715012,0.35477608810298644,45,0.41341653666146644,0.5413416536661466,,3.0
1724,4,1,ltf,0,atr,atr,,none,7.0,644,114482.22857141672,0.4192546583850932,1.2948578810912774,177.76743566990174,22926.06428571501,0.3732420516703167,45,0.4192546583850932,0.5434782608695652,,3.0
1725,4,1,ltf,0,atr,atr,,ema,0.0,505,104543.84285713364,0.43564356435643564,1.3406385446240987,207.01751060818543,14696.86428571508,0.41494378517486447,45,0.43564356435643564,0.5821782178217821,,3.0
1726,4,1,ltf,0,atr,atr,,ema,5.0,501,97949.66428570513,0.4291417165668663,1.322777471886473,195.50831194751524,15168.092857143754,0.394635710759114,45,0.4291417165668663,0.5808383233532934,,3.0
1727,4,1,ltf,0,atr,atr,,ema,7.0,505,104543.84285713364,0.43564356435643564,1.3406385446240987,207.01751060818543,14696.86428571508,0.41494378517486447,45,0.43564356435643564,0.5821782178217821,,3.0
1728,4,1,ltf,0,atr,atr,,none,0.0,539,28721.485714274793,0.28014842300556586,1.0671566739204146,53.28661542537068,42395.0142857167,0.09064423211088925,45,0.28014842300556586,0.5324675324675324,,5.0
1729,4,1,ltf,0,atr,atr,,none,5.0,544,41849.21428570329,0.28308823529411764,1.0995517927288059,76.92870273107222,29742.67857143103,0.1369716672538839,45,0.28308823529411764,0.5349264705882353,,5.0
1730,4,1,ltf,0,atr,atr,,none,7.0,539,28721.485714274793,0.28014842300556586,1.0671566739204146,53.28661542537068,42395.0142857167,0.09064423211088925,45,0.28014842300556586,0.5324675324675324,,5.0
1731,4,1,ltf,0,atr,atr,,ema,0.0,431,57931.66428570555,0.29930394431554525,1.1669409965272897,134.41221411996648,30411.178571430304,0.21839419454799952,45,0.29930394431554525,0.5730858468677494,,5.0
1732,4,1,ltf,0,atr,atr,,ema,5.0,434,69324.14285713405,0.30184331797235026,1.2048039274895987,159.73304805791255,24600.878571429454,0.25978282315377194,45,0.30184331797235026,0.576036866359447,,5.0
1733,4,1,ltf,0,atr,atr,,ema,7.0,431,57931.66428570555,0.29930394431554525,1.1669409965272897,134.41221411996648,30411.178571430304,0.21839419454799952,45,0.29930394431554525,0.5730858468677494,,5.0
1734,4,1,ltf,0,atr,atr,,none,0.0,413,56130.27142856284,0.2106537530266344,1.157806096601047,135.90864752678652,30960.98571428713,0.14253363754061285,45,0.2106537530266344,0.5375302663438256,,8.0
1735,4,1,ltf,0,atr,atr,,none,5.0,414,62664.72857142019,0.21014492753623187,1.1819413957487657,151.364078674928,30960.98571428713,0.15922787727919704,45,0.21014492753623187,0.5410628019323671,,8.0
1736,4,1,ltf,0,atr,atr,,none,7.0,413,56130.27142856284,0.2106537530266344,1.157806096601047,135.90864752678652,30960.98571428713,0.14253363754061285,45,0.2106537530266344,0.5375302663438256,,8.0
1737,4,1,ltf,0,atr,atr,,ema,0.0,333,80494.97142856415,0.21921921921921922,1.2704586944414158,241.72664092661907,29318.942857144266,0.22087053735472506,45,0.21921921921921922,0.5675675675675675,,8.0
1738,4,1,ltf,0,atr,atr,,ema,5.0,343,90893.3142857069,0.22157434402332363,1.3156004707122915,264.9950853810697,29318.942857144266,0.25551254421840713,45,0.22157434402332363,0.5714285714285714,,8.0
1739,4,1,ltf,0,atr,atr,,ema,7.0,333,80494.97142856415,0.21921921921921922,1.2704586944414158,241.72664092661907,29318.942857144266,0.22087053735472506,45,0.21921921921921922,0.5675675675675675,,8.0
1740,4,1,ltf,200,fixed,fixed_pips,1500.0,none,0.0,676,59628.69999998768,0.4275147928994083,1.158907149085461,88.20813609465633,25926.000000002554,0.23157692254732087,45,0.4275147928994083,0.5355029585798816,,
1741,4,1,ltf,200,fixed,fixed_pips,1500.0,none,5.0,673,51237.69999998769,0.42199108469539376,1.136221243438838,76.13328380384502,25926.00000000256,0.20350594932354482,45,0.42199108469539376,0.5334323922734027,,
1742,4,1,ltf,200,fixed,fixed_pips,1500.0,none,7.0,676,59628.69999998768,0.4275147928994083,1.158907149085461,88.20813609465633,25926.000000002554,0.23157692254732087,45,0.4275147928994083,0.5355029585798816,,
1743,4,1,ltf,200,fixed,fixed_pips,1500.0,ema,0.0,524,75695.49999999048,0.45229007633587787,1.2691858794544155,144.45706106868414,18310.300000000832,0.34146541388250273,45,0.45229007633587787,0.5782442748091603,,
1744,4,1,ltf,200,fixed,fixed_pips,1500.0,ema,5.0,521,67304.49999999051,0.44529750479846447,1.2385879797273647,129.18330134355185,18310.300000000836,0.31314242860590136,45,0.44529750479846447,0.5777351247600768,,
1745,4,1,ltf,200,fixed,fixed_pips,1500.0,ema,7.0,524,75695.49999999048,0.45229007633587787,1.2691858794544155,144.45706106868414,18310.300000000832,0.34146541388250273,45,0.45229007633587787,0.5782442748091603,,
1746,4,1,ltf,200,fixed,fixed_pips,2500.0,none,0.0,593,80587.79999998839,0.3305227655986509,1.1959310675312924,135.8984822934037,37061.00000000166,0.23855998865019015,45,0.3305227655986509,0.5362563237774031,,
1747,4,1,ltf,200,fixed,fixed_pips,2500.0,none,5.0,594,75094.99999998823,0.32491582491582494,1.1833669487758929,126.42255892253911,38508.000000001644,0.22939740951869145,45,0.32491582491582494,0.5370370370370371,,
1748,4,1,ltf,200,fixed,fixed_pips,2500.0,none,7.0,593,80587.79999998839,0.3305227655986509,1.1959310675312924,135.8984822934037,37061.00000000166,0.23855998865019015,45,0.3305227655986509,0.5362563237774031,,
1749,4,1,ltf,200,fixed,fixed_pips,2500.0,ema,0.0,467,91986.09999999095,0.3468950749464668,1.2933832713095061,196.9723768736423,24965.900000001286,0.33831302148306247,45,0.3468950749464668,0.5802997858672377,,
1750,4,1,ltf,200,fixed,fixed_pips,2500.0,ema,5.0,464,92210.99999999093,0.3426724137931034,1.3012988286036,198.73060344825632,26412.90000000128,0.3451079760747937,45,0.3426724137931034,0.5818965517241379,,
1751,4,1,ltf,200,fixed,fixed_pips,2500.0,ema,7.0,467,91986.09999999095,0.3468950749464668,1.2933832713095061,196.9723768736423,24965.900000001286,0.33831302148306247,45,0.3468950749464668,0.5802997858672377,,
1752,4,1,ltf,200,fixed,fixed_pips,4000.0,none,0.0,447,97891.59999999095,0.2639821029082774,1.261707678183654,218.99686800892832,21011.800000001356,0.36623118111125424,45,0.2639821029082774,0.5346756152125279,,
1753,4,1,ltf,200,fixed,fixed_pips,4000.0,none,5.0,456,97941.79999999068,0.2565789473684211,1.2647077821954678,214.78464912278656,21011.800000001356,0.3797541090091805,45,0.2565789473684211,0.5394736842105263,,
1754,4,1,ltf,200,fixed,fixed_pips,4000.0,none,7.0,447,97891.59999999095,0.2639821029082774,1.261707678183654,218.99686800892832,21011.800000001356,0.36623118111125424,45,0.2639821029082774,0.5346756152125279,,
1755,4,1,ltf,200,fixed,fixed_pips,4000.0,ema,0.0,368,92321.79999999252,0.27445652173913043,1.2954999235018063,250.87445652171883,19102.300000000898,0.3586216349576473,45,0.27445652173913043,0.5760869565217391,,
1756,4,1,ltf,200,fixed,fixed_pips,4000.0,ema,5.0,377,108727.69999999221,0.27320954907161804,1.3576346733706024,288.40238726788385,18046.300000001058,0.40200962555273817,45,0.27320954907161804,0.5782493368700266,,
1757,4,1,ltf,200,fixed,fixed_pips,4000.0,ema,7.0,368,92321.79999999252,0.27445652173913043,1.2954999235018063,250.87445652171883,19102.300000000898,0.3586216349576473,45,0.27445652173913043,0.5760869565217391,,
1758,4,1,ltf,200,r,r_multiple,,none,0.0,701,74780.72499998941,0.5748930099857347,1.2418390618364898,106.67721112694637,20852.975000001337,0.29242809063656167,45,0.5748930099857347,0.5420827389443652,0.75,
1759,4,1,ltf,200,r,r_multiple,,none,5.0,711,65340.12499998935,0.5724331926863573,1.210240179800983,91.89890998592033,19450.725000002854,0.2752465049306975,45,0.5724331926863573,0.5414908579465542,0.75,
1760,4,1,ltf,200,r,r_multiple,,none,7.0,701,74780.72499998941,0.5748930099857347,1.2418390618364898,106.67721112694637,20852.975000001337,0.29242809063656167,45,0.5748930099857347,0.5420827389443652,0.75,
1761,4,1,ltf,200,r,r_multiple,,ema,0.0,542,89808.94999999195,0.5922509225092251,1.3878025789323702,165.69916974168257,12249.325000000732,0.4208563479687467,45,0.5922509225092251,0.577490774907749,0.75,
1762,4,1,ltf,200,r,r_multiple,,ema,5.0,548,85660.47499999191,0.5894160583941606,1.3719767287854365,156.3147354014451,10820.550000000585,0.3921286878432685,45,0.5894160583941606,0.5766423357664233,0.75,
1763,4,1,ltf,200,r,r_multiple,,ema,7.0,542,89808.94999999195,0.5922509225092251,1.3878025789323702,165.69916974168257,12249.325000000732,0.4208563479687467,45,0.5922509225092251,0.577490774907749,0.75,
1764,4,1,ltf,200,r,r_multiple,,none,0.0,665,76481.29999998951,0.5082706766917293,1.217055788178913,115.00947368419476,23389.400000000547,0.2702885842495035,45,0.5082706766917293,0.5428571428571428,1.0,
1765,4,1,ltf,200,r,r_multiple,,none,5.0,679,72120.59999998928,0.5095729013254786,1.2042099981651484,106.215905743725,23389.400000000554,0.2574309879477596,45,0.5095729013254786,0.5434462444771723,1.0,
1766,4,1,ltf,200,r,r_multiple,,none,7.0,665,76481.29999998951,0.5082706766917293,1.217055788178913,115.00947368419476,23389.400000000547,0.2702885842495035,45,0.5082706766917293,0.5428571428571428,1.0,
1767,4,1,ltf,200,r,r_multiple,,ema,0.0,517,91692.99999999203,0.528046421663443,1.3345371997645659,177.35589941971378,14237.400000000554,0.3734443255990206,45,0.528046421663443,0.5764023210831721,1.0,
1768,4,1,ltf,200,r,r_multiple,,ema,5.0,526,87677.69999999189,0.5304182509505704,1.3218033351268488,166.6876425855359,12609.90000000014,0.3538307172269993,45,0.5304182509505704,0.5779467680608364,1.0,
1769,4,1,ltf,200,r,r_multiple,,ema,7.0,517,91692.99999999203,0.528046421663443,1.3345371997645659,177.35589941971378,14237.400000000554,0.3734443255990206,45,0.528046421663443,0.5764023210831721,1.0,
1770,4,1,ltf,200,r,r_multiple,,none,0.0,591,90243.64999999045,0.40947546531302875,1.2300161774559837,152.6965313028603,30931.400000001304,0.2678545059613811,45,0.40947546531302875,0.5363790186125211,1.5,
1771,4,1,ltf,200,r,r_multiple,,none,5.0,620,107709.29999999005,0.41935483870967744,1.275977148912784,173.7246774193388,30931.4000000013,0.3396523790186001,45,0.41935483870967744,0.5370967741935484,1.5,
1772,4,1,ltf,200,r,r_multiple,,none,7.0,591,90243.64999999045,0.40947546531302875,1.2300161774559837,152.6965313028603,30931.400000001304,0.2678545059613811,45,0.40947546531302875,0.5363790186125211,1.5,
1773,4,1,ltf,200,r,r_multiple,,ema,0.0,466,91914.34999999274,0.4227467811158798,1.2915563984734564,197.24109442058528,25276.050000000894,0.3252916492459892,45,0.4227467811158798,0.5665236051502146,1.5,
1774,4,1,ltf,200,r,r_multiple,,ema,5.0,484,106745.39999999251,0.4318181818181818,1.3439644130521677,220.54834710742256,25276.05000000089,0.3955919042759935,45,0.4318181818181818,0.5702479338842975,1.5,
1775,4,1,ltf,200,r,r_multiple,,ema,7.0,466,91914.34999999274,0.4227467811158798,1.2915563984734564,197.24109442058528,25276.050000000894,0.3252916492459892,45,0.4227467811158798,0.5665236051502146,1.5,
1776,4,1,ltf,200,r,r_multiple,,none,0.0,513,62550.099999990896,0.3469785575048733,1.1636052952057048,121.93001949315965,31353.10000000132,0.1869211509454049,45,0.3469785575048733,0.5360623781676414,2.0,
1777,4,1,ltf,200,r,r_multiple,,none,5.0,552,72558.99999999038,0.35144927536231885,1.1875805779039879,131.44746376809852,29653.200000001536,0.22439845131422412,45,0.35144927536231885,0.5398550724637681,2.0,
1778,4,1,ltf,200,r,r_multiple,,none,7.0,529,54095.899999990535,0.3440453686200378,1.1386443704837579,102.26068052928268,31353.10000000132,0.16422783874572966,45,0.3440453686200378,0.5349716446124764,2.0,
1779,4,1,ltf,200,r,r_multiple,,ema,0.0,415,99387.69999999281,0.35903614457831323,1.3129149430339029,239.48843373492244,25155.600000000955,0.3257728534578222,45,0.35903614457831323,0.5542168674698795,2.0,
1780,4,1,ltf,200,r,r_multiple,,ema,5.0,443,110494.09999999254,0.3656884875846501,1.34972773587148,249.42234762978,22051.20000000115,0.3706789780949891,45,0.3656884875846501,0.5665914221218962,2.0,
1781,4,1,ltf,200,r,r_multiple,,ema,7.0,427,92174.49999999249,0.3559718969555035,1.28554837046796,215.86533957843676,25155.600000000963,0.30810534621903124,45,0.3559718969555035,0.5573770491803278,2.0,
1782,4,1,ltf,200,atr,atr,,none,0.0,644,114482.22857141672,0.4192546583850932,1.2948578810912774,177.76743566990174,22926.06428571501,0.3732420516703167,45,0.4192546583850932,0.5434782608695652,,3.0
1783,4,1,ltf,200,atr,atr,,none,5.0,641,106634.44999998817,0.41341653666146644,1.276205463630456,166.35639625583178,22926.064285715012,0.35477608810298644,45,0.41341653666146644,0.5413416536661466,,3.0
1784,4,1,ltf,200,atr,atr,,none,7.0,644,114482.22857141672,0.4192546583850932,1.2948578810912774,177.76743566990174,22926.06428571501,0.3732420516703167,45,0.4192546583850932,0.5434782608695652,,3.0
1785,4,1,ltf,200,atr,atr,,ema,0.0,505,104543.84285713364,0.43564356435643564,1.3406385446240987,207.01751060818543,14696.86428571508,0.41494378517486447,45,0.43564356435643564,0.5821782178217821,,3.0
1786,4,1,ltf,200,atr,atr,,ema,5.0,501,97949.66428570513,0.4291417165668663,1.322777471886473,195.50831194751524,15168.092857143754,0.394635710759114,45,0.4291417165668663,0.5808383233532934,,3.0
1787,4,1,ltf,200,atr,atr,,ema,7.0,505,104543.84285713364,0.43564356435643564,1.3406385446240987,207.01751060818543,14696.86428571508,0.41494378517486447,45,0.43564356435643564,0.5821782178217821,,3.0
1788,4,1,ltf,200,atr,atr,,none,0.0,539,28721.485714274793,0.28014842300556586,1.0671566739204146,53.28661542537068,42395.0142857167,0.09064423211088925,45,0.28014842300556586,0.5324675324675324,,5.0
1789,4,1,ltf,200,atr,atr,,none,5.0,544,41849.21428570329,0.28308823529411764,1.0995517927288059,76.92870273107222,29742.67857143103,0.1369716672538839,45,0.28308823529411764,0.5349264705882353,,5.0
1790,4,1,ltf,200,atr,atr,,none,7.0,539,28721.485714274793,0.28014842300556586,1.0671566739204146,53.28661542537068,42395.0142857167,0.09064423211088925,45,0.28014842300556586,0.5324675324675324,,5.0
1791,4,1,ltf,200,atr,atr,,ema,0.0,431,57931.66428570555,0.29930394431554525,1.1669409965272897,134.41221411996648,30411.178571430304,0.21839419454799952,45,0.29930394431554525,0.5730858468677494,,5.0
1792,4,1,ltf,200,atr,atr,,ema,5.0,434,69324.14285713405,0.30184331797235026,1.2048039274895987,159.73304805791255,24600.878571429454,0.25978282315377194,45,0.30184331797235026,0.576036866359447,,5.0
1793,4,1,ltf,200,atr,atr,,ema,7.0,431,57931.66428570555,0.29930394431554525,1.1669409965272897,134.41221411996648,30411.178571430304,0.21839419454799952,45,0.29930394431554525,0.5730858468677494,,5.0
1794,4,1,ltf,200,atr,atr,,none,0.0,413,56130.27142856284,0.2106537530266344,1.157806096601047,135.90864752678652,30960.98571428713,0.14253363754061285,45,0.2106537530266344,0.5375302663438256,,8.0
1795,4,1,ltf,200,atr,atr,,none,5.0,414,62664.72857142019,0.21014492753623187,1.1819413957487657,151.364078674928,30960.98571428713,0.15922787727919704,45,0.21014492753623187,0.5410628019323671,,8.0
1796,4,1,ltf,200,atr,atr,,none,7.0,413,56130.27142856284,0.2106537530266344,1.157806096601047,135.90864752678652,30960.98571428713,0.14253363754061285,45,0.2106537530266344,0.5375302663438256,,8.0
1797,4,1,ltf,200,atr,atr,,ema,0.0,333,80494.97142856415,0.21921921921921922,1.2704586944414158,241.72664092661907,29318.942857144266,0.22087053735472506,45,0.21921921921921922,0.5675675675675675,,8.0
1798,4,1,ltf,200,atr,atr,,ema,5.0,343,90893.3142857069,0.22157434402332363,1.3156004707122915,264.9950853810697,29318.942857144266,0.25551254421840713,45,0.22157434402332363,0.5714285714285714,,8.0
1799,4,1,ltf,200,atr,atr,,ema,7.0,333,80494.97142856415,0.21921921921921922,1.2704586944414158,241.72664092661907,29318.942857144266,0.22087053735472506,45,0.21921921921921922,0.5675675675675675,,8.0
1800,4,2,swing_h4,0,fixed,fixed_pips,1500.0,none,0.0,387,62196.999999994136,0.6950904392764858,1.1823058107650433,160.71576227388667,26160.0000000007,0.20449371486710924,45,0.6950904392764858,0.5658914728682171,,
1801,4,2,swing_h4,0,fixed,fixed_pips,1500.0,none,5.0,217,-18794.000000003667,0.5299539170506913,0.9017237818094171,-86.60829493089247,40414.000000000924,-0.0904068938015519,45,0.5299539170506913,0.4976958525345622,,
1802,4,2,swing_h4,0,fixed,fixed_pips,1500.0,none,7.0,324,14526.29999999479,0.6203703703703703,1.0506366575894668,44.834259259243176,35608.90000000183,0.05771687539822734,45,0.6203703703703703,0.5185185185185185,,
1803,4,2,swing_h4,0,fixed,fixed_pips,1500.0,ema,0.0,343,73350.99999999466,0.7142857142857143,1.2494707109733105,213.8513119533372,35635.60000000052,0.2437999090974397,45,0.7142857142857143,0.6005830903790087,,
1804,4,2,swing_h4,0,fixed,fixed_pips,1500.0,ema,5.0,164,447.7999999972126,0.573170731707317,1.00318707065644,2.730487804861052,29594.80000000065,0.0023698720809689905,45,0.573170731707317,0.5182926829268293,,
1805,4,2,swing_h4,0,fixed,fixed_pips,1500.0,ema,7.0,261,24910.89999999581,0.6475095785440613,1.1090170613632966,95.44406130266594,28260.10000000149,0.11011515921692537,45,0.6475095785440613,0.5478927203065134,,
1806,4,2,swing_h4,0,fixed,fixed_pips,2500.0,none,0.0,263,87001.99999999575,0.6501901140684411,1.2550784362819776,330.80608365017395,64418.300000001414,0.23545557399908099,45,0.6501901140684411,0.5855513307984791,,
1807,4,2,swing_h4,0,fixed,fixed_pips,2500.0,none,5.0,193,30869.599999996426,0.47150259067357514,1.1563158603661292,159.9461139896188,38092.80000000111,0.14065037920887533,45,0.47150259067357514,0.5129533678756477,,
1808,4,2,swing_h4,0,fixed,fixed_pips,2500.0,none,7.0,262,46340.99999999533,0.5458015267175572,1.1487569401286937,176.87404580150888,28561.700000000703,0.17534104894796854,45,0.5458015267175572,0.5229007633587787,,
1809,4,2,swing_h4,0,fixed,fixed_pips,2500.0,ema,0.0,241,67782.8999999961,0.6556016597510373,1.2069250687329256,281.25684647301284,55453.400000000795,0.18320132566404318,45,0.6556016597510373,0.6058091286307054,,
1810,4,2,swing_h4,0,fixed,fixed_pips,2500.0,ema,5.0,150,47105.09999999724,0.5133333333333333,1.3220780055478711,314.03399999998163,23640.000000000327,0.2208770986917839,45,0.5133333333333333,0.54,,
1811,4,2,swing_h4,0,fixed,fixed_pips,2500.0,ema,7.0,218,57563.59999999608,0.573394495412844,1.2249883233047119,264.0532110091563,32484.200000000747,0.21246577785180387,45,0.573394495412844,0.5504587155963303,,
1812,4,2,swing_h4,0,fixed,fixed_pips,4000.0,none,0.0,193,151674.59999999695,0.5906735751295337,1.494170934233946,785.8787564766682,32542.90000000019,0.3541858108024799,45,0.5906735751295337,0.5854922279792746,,
1813,4,2,swing_h4,0,fixed,fixed_pips,4000.0,none,5.0,161,65965.49999999693,0.40372670807453415,1.3400248451046697,409.72360248445295,22851.900000000478,0.266938191019205,45,0.40372670807453415,0.515527950310559,,
1814,4,2,swing_h4,0,fixed,fixed_pips,4000.0,none,7.0,216,80171.399999996,0.46296296296296297,1.2490439296873856,371.1638888888704,32003.100000000628,0.23858883139093331,45,0.46296296296296297,0.5277777777777778,,
1815,4,2,swing_h4,0,fixed,fixed_pips,4000.0,ema,0.0,183,113101.09999999695,0.5737704918032787,1.365425288217899,618.038797814191,29145.800000000192,0.28030106121327675,45,0.5737704918032787,0.6010928961748634,,
1816,4,2,swing_h4,0,fixed,fixed_pips,4000.0,ema,5.0,130,41509.599999997445,0.3923076923076923,1.2554988800657678,319.3046153845957,24825.90000000041,0.16554538687385817,45,0.3923076923076923,0.5461538461538461,,
1817,4,2,swing_h4,0,fixed,fixed_pips,4000.0,ema,7.0,181,69111.19999999658,0.48066298342541436,1.245961861092136,381.82983425412476,29104.300000000734,0.21379221864669223,45,0.48066298342541436,0.56353591160221,,
1818,4,2,swing_h4,0,r,r_multiple,,none,0.0,188,2897.6499999971575,0.6117021276595744,1.008574788556208,15.413031914878497,63289.07500000052,0.0077192826265332914,45,0.6117021276595744,0.5585106382978723,0.75,
1819,4,2,swing_h4,0,r,r_multiple,,none,5.0,220,19705.974999996724,0.5727272727272728,1.104894674030825,89.57261363634875,45857.07500000116,0.08093359652972125,45,0.5727272727272728,0.5045454545454545,0.75,
1820,4,2,swing_h4,0,r,r_multiple,,none,7.0,266,45566.92499999606,0.6052631578947368,1.1528244241782597,171.30422932329347,32702.325000000837,0.1520362820764697,45,0.6052631578947368,0.518796992481203,0.75,
1821,4,2,swing_h4,0,r,r_multiple,,ema,0.0,177,10147.299999997382,0.632768361581921,1.031906999208236,57.32937853105865,54699.40000000067,0.0275449805196841,45,0.632768361581921,0.5819209039548022,0.75,
1822,4,2,swing_h4,0,r,r_multiple,,ema,5.0,166,30000.02499999754,0.6024096385542169,1.2164560190596374,180.72304216865987,31051.025000000805,0.14158824852943228,45,0.6024096385542169,0.5180722891566265,0.75,
1823,4,2,swing_h4,0,r,r_multiple,,ema,7.0,220,48547.3499999968,0.6227272727272727,1.1922570627140594,220.66977272725816,32369.850000000726,0.16872325797071022,45,0.6227272727272727,0.5363636363636364,0.75,
1824,4,2,swing_h4,0,r,r_multiple,,none,0.0,154,56106.499999997475,0.564935064935065,1.1912082347015254,364.32792207790567,46665.20000000051,0.1617062339279946,45,0.564935064935065,0.551948051948052,1.0,
1825,4,2,swing_h4,0,r,r_multiple,,none,5.0,196,2784.1999999969157,0.4897959183673469,1.013360340011569,14.20510204080059,40270.40000000108,0.011340111986008638,45,0.4897959183673469,0.5153061224489796,1.0,
1826,4,2,swing_h4,0,r,r_multiple,,none,7.0,219,54816.29999999654,0.5251141552511416,1.1880268674982988,250.3027397260116,30855.00000000095,0.17892737571493134,45,0.5251141552511416,0.5388127853881278,1.0,
1827,4,2,swing_h4,0,r,r_multiple,,ema,0.0,141,47553.4999999977,0.5602836879432624,1.1702196584760733,337.25886524821067,47191.10000000046,0.13152549784494635,45,0.5602836879432624,0.5815602836879432,1.0,
1828,4,2,swing_h4,0,r,r_multiple,,ema,5.0,150,18978.899999997706,0.5266666666666666,1.1211440542460478,126.5259999999847,28544.00000000177,0.07869627950017805,45,0.5266666666666666,0.5333333333333333,1.0,
1829,4,2,swing_h4,0,r,r_multiple,,ema,7.0,186,17287.59999999711,0.532258064516129,1.0631974989471604,92.94408602148984,35139.2000000008,0.0569732287690442,45,0.532258064516129,0.543010752688172,1.0,
1830,4,2,swing_h4,0,r,r_multiple,,none,0.0,103,119934.64999999836,0.5242718446601942,1.597185078370956,1164.414077669887,30435.450000000317,0.3293969539565554,45,0.5145631067961165,0.5242718446601942,1.5,
1831,4,2,swing_h4,0,r,r_multiple,,none,5.0,178,24581.549999996925,0.4044943820224719,1.1113204086623218,138.0985955056007,32195.200000000823,0.09964310750231598,45,0.4044943820224719,0.5056179775280899,1.5,
1832,4,2,swing_h4,0,r,r_multiple,,none,7.0,157,55329.09999999727,0.43312101910828027,1.2303132652691557,352.41464968151126,32971.9000000005,0.17722086296842135,45,0.43312101910828027,0.5286624203821656,1.5,
1833,4,2,swing_h4,0,r,r_multiple,,ema,0.0,101,69783.79999999842,0.4752475247524752,1.294781992327122,690.9287128712715,30435.450000000317,0.19915443229803437,45,0.4752475247524752,0.5643564356435643,1.5,
1834,4,2,swing_h4,0,r,r_multiple,,ema,5.0,139,23923.999999997628,0.4316546762589928,1.1402683414751824,172.115107913652,24758.500000000568,0.11033569720049573,45,0.4316546762589928,0.5467625899280576,1.5,
1835,4,2,swing_h4,0,r,r_multiple,,ema,7.0,151,61518.14999999742,0.4503311258278146,1.2441825295482725,407.4049668874001,27456.550000000403,0.18886565951850595,45,0.4503311258278146,0.5562913907284768,1.5,
1836,4,2,swing_h4,0,r,r_multiple,,none,0.0,84,30626.69999999847,0.39285714285714285,1.1345232212624858,364.6035714285532,63141.20000000082,0.07663056676276131,45,0.38095238095238093,0.5714285714285714,2.0,
1837,4,2,swing_h4,0,r,r_multiple,,none,5.0,163,63117.699999997436,0.37423312883435583,1.3002116588344816,387.22515337421737,23452.700000000143,0.1924594675337043,45,0.37423312883435583,0.5153374233128835,2.0,
1838,4,2,swing_h4,0,r,r_multiple,,none,7.0,112,100191.39999999802,0.41964285714285715,1.5921533536959986,894.5660714285538,20348.200000000084,0.3343375620291974,45,0.4107142857142857,0.5357142857142857,2.0,
1839,4,2,swing_h4,0,r,r_multiple,,ema,0.0,62,58090.89999999877,0.45161290322580644,1.328816166931186,936.9499999999802,53559.50000000016,0.11457381857581864,45,0.43548387096774194,0.6290322580645161,2.0,
1840,4,2,swing_h4,0,r,r_multiple,,ema,5.0,130,45921.09999999791,0.3769230769230769,1.2671919220600127,353.2392307692147,20978.700000000117,0.15797235283708708,45,0.3769230769230769,0.5538461538461539,2.0,
1841,4,2,swing_h4,0,r,r_multiple,,ema,7.0,119,86719.09999999782,0.4117647058823529,1.4091783931559914,728.731932773091,27009.200000000426,0.2505870390606878,45,0.40336134453781514,0.5294117647058824,2.0,
1842,4,2,swing_h4,0,atr,atr,,none,0.0,347,59373.97857142351,0.6887608069164265,1.1623205348411416,171.10656648825218,37949.76428571486,0.18831096400280367,45,0.6887608069164265,0.5706051873198847,,3.0
1843,4,2,swing_h4,0,atr,atr,,none,5.0,218,23007.66428571057,0.5596330275229358,1.123155302696311,105.539744429865,35318.47142857254,0.09700425482192322,45,0.5596330275229358,0.5,,3.0
1844,4,2,swing_h4,0,atr,atr,,none,7.0,306,17524.357142852226,0.6078431372549019,1.0550260041329955,57.26914098971316,29375.250000002125,0.0742761299294809,45,0.6078431372549019,0.5032679738562091,,3.0
1845,4,2,swing_h4,0,atr,atr,,ema,0.0,306,75176.44999999536,0.7091503267973857,1.2443747750933831,245.6746732025992,37166.29285714357,0.23716337977983878,45,0.7091503267973857,0.5882352941176471,,3.0
1846,4,2,swing_h4,0,atr,atr,,ema,5.0,165,38236.34285714006,0.6,1.2821689150374813,231.7354112553943,22415.62857143066,0.18236419018428116,45,0.6,0.5212121212121212,,3.0
1847,4,2,swing_h4,0,atr,atr,,ema,7.0,246,12484.12142856744,0.6260162601626016,1.0470684186898234,50.74846109173756,23190.200000001674,0.05601685614857685,45,0.6260162601626016,0.5447154471544715,,3.0
1848,4,2,swing_h4,0,atr,atr,,none,0.0,259,66831.03571428155,0.6023166023166023,1.1747564762294636,258.034886927728,41028.75714285804,0.199204430285217,45,0.6023166023166023,0.5675675675675675,,5.0
1849,4,2,swing_h4,0,atr,atr,,none,5.0,186,17429.592857139538,0.43548387096774194,1.0800934898837184,93.70748847924483,34418.80714285816,0.07515089275725399,45,0.43548387096774194,0.5268817204301075,,5.0
1850,4,2,swing_h4,0,atr,atr,,none,7.0,237,59077.60714285308,0.5232067510548524,1.1914328301899741,249.27260397828303,22719.41428571449,0.19007257256881172,45,0.5232067510548524,0.510548523206751,,5.0
1851,4,2,swing_h4,0,atr,atr,,ema,0.0,232,77541.59999999616,0.625,1.2284251802191402,334.2310344827421,31810.921428571688,0.22802820039862695,45,0.625,0.5905172413793104,,5.0
1852,4,2,swing_h4,0,atr,atr,,ema,5.0,142,21329.657142854572,0.45774647887323944,1.1284164851539267,150.20885311869418,23081.464285714606,0.09164805989386551,45,0.45774647887323944,0.5352112676056338,,5.0
1853,4,2,swing_h4,0,atr,atr,,ema,7.0,197,23414.94999999634,0.5228426395939086,1.0826516572019032,118.85761421317939,39200.75000000116,0.07723367492263394,45,0.5228426395939086,0.5380710659898477,,5.0
1854,4,2,swing_h4,0,atr,atr,,none,0.0,149,93383.3857142835,0.5503355704697986,1.3480258901089133,626.7341323106275,28301.285714285812,0.2911425960759871,45,0.5503355704697986,0.5503355704697986,,8.0
1855,4,2,swing_h4,0,atr,atr,,none,5.0,159,53662.51428571137,0.36477987421383645,1.249680884467798,337.5000898472413,23452.700000000143,0.17410398668975033,45,0.36477987421383645,0.5157232704402516,,8.0
1856,4,2,swing_h4,0,atr,atr,,none,7.0,156,31411.95714285455,0.3974358974358974,1.127037568758609,201.35869963368302,34947.142857144056,0.10725351418824555,45,0.3974358974358974,0.5192307692307693,,8.0
1857,4,2,swing_h4,0,atr,atr,,ema,0.0,139,98548.77142856942,0.5755395683453237,1.373813289895987,708.9839671120102,32750.32857142869,0.2813185905907392,45,0.5755395683453237,0.5827338129496403,,8.0
1858,4,2,swing_h4,0,atr,atr,,ema,5.0,128,40047.19999999753,0.3671875,1.227763366606345,312.8687499999807,21444.214285714635,0.15981473528337062,45,0.3671875,0.546875,,8.0
1859,4,2,swing_h4,0,atr,atr,,ema,7.0,151,49349.72857142602,0.41721854304635764,1.1884845020636996,326.8193945127551,27003.357142858797,0.15131054846592623,45,0.41721854304635764,0.5562913907284768,,8.0
1860,4,2,swing_h4,200,fixed,fixed_pips,1500.0,none,0.0,384,46244.99999999425,0.703125,1.1289526518320057,120.42968749998504,25495.70000000058,0.15971395315493409,45,0.703125,0.5703125,,
1861,4,2,swing_h4,200,fixed,fixed_pips,1500.0,none,5.0,182,-37507.20000000311,0.5274725274725275,0.7933022960533128,-206.08351648353357,46805.30000000214,-0.1858836042493055,45,0.5274725274725275,0.4945054945054945,,
1862,4,2,swing_h4,200,fixed,fixed_pips,1500.0,none,7.0,302,5046.999999995231,0.6324503311258278,1.0179380325741993,16.71192052978553,28400.800000001578,0.022849114286097618,45,0.6324503311258278,0.5099337748344371,,
1863,4,2,swing_h4,200,fixed,fixed_pips,1500.0,ema,0.0,341,59733.89999999476,0.7214076246334311,1.1932241088350166,175.1727272727119,33133.800000000425,0.20779252106716012,45,0.7214076246334311,0.6041055718475073,,
1864,4,2,swing_h4,200,fixed,fixed_pips,1500.0,ema,5.0,138,-11736.4000000023,0.5797101449275363,0.9108829094796657,-85.04637681161087,30265.000000001488,-0.06461331653610651,45,0.5797101449275363,0.5144927536231884,,
1865,4,2,swing_h4,200,fixed,fixed_pips,1500.0,ema,7.0,241,15366.79999999617,0.6597510373443983,1.068892827153264,63.76265560164386,26463.600000001326,0.07595067067367382,45,0.6597510373443983,0.5435684647302904,,
1866,4,2,swing_h4,200,fixed,fixed_pips,2500.0,none,0.0,260,55847.49999999584,0.6461538461538462,1.1532156423575455,214.7980769230609,80664.30000000136,0.14363756067090516,45,0.6461538461538462,0.5961538461538461,,
1867,4,2,swing_h4,200,fixed,fixed_pips,2500.0,none,5.0,169,11128.999999996951,0.47337278106508873,1.0588011207560022,65.85207100589912,32869.40000000199,0.04962918057977736,45,0.47337278106508873,0.4911242603550296,,
1868,4,2,swing_h4,200,fixed,fixed_pips,2500.0,none,7.0,243,50965.89999999567,0.5596707818930041,1.176108724181929,209.73621399175173,25126.700000000477,0.2170212408346037,45,0.5596707818930041,0.49794238683127573,,
1869,4,2,swing_h4,200,fixed,fixed_pips,2500.0,ema,0.0,243,37577.19999999601,0.6419753086419753,1.106517708400349,154.6386831275556,71797.30000000134,0.09399979355773774,45,0.6419753086419753,0.6049382716049383,,
1870,4,2,swing_h4,200,fixed,fixed_pips,2500.0,ema,5.0,131,29734.399999997688,0.5190839694656488,1.2106896603034343,226.98015267173807,25063.400000000573,0.14775984102584436,45,0.5190839694656488,0.5267175572519084,,
1871,4,2,swing_h4,200,fixed,fixed_pips,2500.0,ema,7.0,198,58353.39999999644,0.5909090909090909,1.2482429380381566,294.71414141412345,34023.400000000445,0.24349821443271616,45,0.5909090909090909,0.5353535353535354,,
1872,4,2,swing_h4,200,fixed,fixed_pips,4000.0,none,0.0,188,143991.6999999971,0.6063829787234043,1.4576827268528592,765.913297872325,33742.90000000019,0.32661260990741187,45,0.6063829787234043,0.5851063829787234,,
1873,4,2,swing_h4,200,fixed,fixed_pips,4000.0,none,5.0,140,50251.49999999735,0.4142857142857143,1.2765333384694368,358.9392857142668,29020.900000000758,0.191360134068712,45,0.4142857142857143,0.5214285714285715,,
1874,4,2,swing_h4,200,fixed,fixed_pips,4000.0,none,7.0,193,54675.59999999637,0.46632124352331605,1.1791001947723818,283.29326424868583,23281.40000000107,0.17665164287999463,45,0.46632124352331605,0.49222797927461137,,
1875,4,2,swing_h4,200,fixed,fixed_pips,4000.0,ema,0.0,186,90557.59999999689,0.5645161290322581,1.272723686179946,486.86881720428437,30145.800000000192,0.21011357281504933,45,0.5645161290322581,0.6021505376344086,,
1876,4,2,swing_h4,200,fixed,fixed_pips,4000.0,ema,5.0,114,44347.499999997875,0.4298245614035088,1.292475664125342,389.01315789471823,29765.800000000876,0.1781287828806529,45,0.4298245614035088,0.5526315789473685,,
1877,4,2,swing_h4,200,fixed,fixed_pips,4000.0,ema,7.0,159,48787.399999996924,0.48427672955974843,1.1882418034826645,306.83899371067247,33882.00000000052,0.1536827369285788,45,0.48427672955974843,0.5408805031446541,,
1878,4,2,swing_h4,200,r,r_multiple,,none,0.0,177,-4384.77500000261,0.6045197740112994,0.9873500463614948,-24.772740113009096,68608.80000000079,-0.011983977072013341,45,0.6045197740112994,0.559322033898305,0.75,
1879,4,2,swing_h4,200,r,r_multiple,,none,5.0,180,10080.199999997127,0.5666666666666667,1.057827429851195,56.00111111109515,45098.525000002046,0.042245797541081556,45,0.5666666666666667,0.49444444444444446,0.75,
1880,4,2,swing_h4,200,r,r_multiple,,none,7.0,247,31687.12499999591,0.5910931174089069,1.1046860768099982,128.2879554655705,32944.25000000133,0.10865504895456572,45,0.5910931174089069,0.4939271255060729,0.75,
1881,4,2,swing_h4,200,r,r_multiple,,ema,0.0,170,8578.224999997508,0.6294117647058823,1.0260788638450191,50.46014705880887,59279.60000000052,0.023648596664450374,45,0.6294117647058823,0.5764705882352941,0.75,
1882,4,2,swing_h4,200,r,r_multiple,,ema,5.0,137,24037.024999997906,0.6058394160583942,1.1899825169159712,175.4527372262621,30820.15000000139,0.1177989095757234,45,0.6058394160583942,0.5182481751824818,0.75,
1883,4,2,swing_h4,200,r,r_multiple,,ema,7.0,199,39633.62499999675,0.6180904522613065,1.1605043376349113,199.16394472360176,31952.775000000565,0.1497439974956989,45,0.6180904522613065,0.5276381909547738,0.75,
1884,4,2,swing_h4,200,r,r_multiple,,none,0.0,149,42103.69999999753,0.5369127516778524,1.1347303310202836,282.5751677852183,51501.70000000052,0.11452492319651042,45,0.5369127516778524,0.5637583892617449,1.0,
1885,4,2,swing_h4,200,r,r_multiple,,none,5.0,168,-3816.1000000028307,0.5,0.9808457657753381,-22.714880952397802,38123.00000000207,-0.01450798417183736,45,0.5,0.5059523809523809,1.0,
1886,4,2,swing_h4,200,r,r_multiple,,none,7.0,200,59399.89999999667,0.525,1.2068785492007688,296.99949999998336,27364.600000000795,0.20191107263170416,45,0.525,0.525,1.0,
1887,4,2,swing_h4,200,r,r_multiple,,ema,0.0,138,50990.79999999772,0.5507246376811594,1.1752862321854622,369.49855072462117,46892.10000000048,0.14114242592491572,45,0.5507246376811594,0.6014492753623188,1.0,
1888,4,2,swing_h4,200,r,r_multiple,,ema,5.0,129,17108.299999997915,0.5426356589147286,1.1162021289312805,132.62248062013887,25030.900000000616,0.0680714469519897,45,0.5426356589147286,0.5271317829457365,1.0,
1889,4,2,swing_h4,200,r,r_multiple,,ema,7.0,165,49280.099999997314,0.5575757575757576,1.2012997039331665,298.66727272725643,27889.800000000403,0.15267701119186744,45,0.5575757575757576,0.5454545454545454,1.0,
1890,4,2,swing_h4,200,r,r_multiple,,none,0.0,113,108752.74999999815,0.5132743362831859,1.4291210560333,962.413716814143,54756.950000000594,0.24671815571650726,45,0.504424778761062,0.5221238938053098,1.5,
1891,4,2,swing_h4,200,r,r_multiple,,none,5.0,156,12249.799999997398,0.4166666666666667,1.0575420004744227,78.52435897434229,23528.75000000086,0.04661335716023306,45,0.4166666666666667,0.5,1.5,
1892,4,2,swing_h4,200,r,r_multiple,,none,7.0,152,73985.99999999703,0.4342105263157895,1.3149487643158375,486.74999999998045,24725.150000000667,0.2272164614543552,45,0.4342105263157895,0.5131578947368421,1.5,
1893,4,2,swing_h4,200,r,r_multiple,,ema,0.0,101,29396.849999998187,0.45544554455445546,1.1027282156153766,291.0579207920613,52060.65000000072,0.07161588281249551,45,0.45544554455445546,0.5643564356435643,1.5,
1894,4,2,swing_h4,200,r,r_multiple,,ema,5.0,120,6162.299999998024,0.43333333333333335,1.0371660824441205,51.35249999998353,31623.900000001122,0.028099127606351543,45,0.43333333333333335,0.525,1.5,
1895,4,2,swing_h4,200,r,r_multiple,,ema,7.0,147,88570.94999999738,0.48299319727891155,1.364496406104793,602.5234693877372,39684.35000000054,0.2526962396049777,45,0.48299319727891155,0.54421768707483,1.5,
1896,4,2,swing_h4,200,r,r_multiple,,none,0.0,67,-4670.700000001281,0.373134328358209,0.9799554537027446,-69.71194029852659,54975.300000000876,-0.008473538190970645,45,0.373134328358209,0.5970149253731343,2.0,
1897,4,2,swing_h4,200,r,r_multiple,,none,5.0,144,38069.49999999763,0.3680555555555556,1.1835829280583559,264.3715277777613,29309.40000000097,0.12712569950968725,45,0.3680555555555556,0.5069444444444444,2.0,
1898,4,2,swing_h4,200,r,r_multiple,,none,7.0,108,49035.299999998344,0.37962962962962965,1.2687485715882836,454.0305555555402,45474.30000000077,0.17947170033288262,45,0.37037037037037035,0.5092592592592593,2.0,
1899,4,2,swing_h4,200,r,r_multiple,,ema,0.0,67,17469.399999998917,0.40298507462686567,1.081571112655111,260.7373134328197,55353.60000000037,0.03425050687466799,45,0.3880597014925373,0.6268656716417911,2.0,
1900,4,2,swing_h4,200,r,r_multiple,,ema,5.0,116,43950.39999999816,0.39655172413793105,1.2658287642855064,378.8827586206738,23941.100000000803,0.17138371994387058,45,0.39655172413793105,0.5431034482758621,2.0,
1901,4,2,swing_h4,200,r,r_multiple,,ema,7.0,111,105002.79999999833,0.44144144144144143,1.5316985137144044,945.9711711711561,25374.10000000018,0.3208840535446765,45,0.43243243243243246,0.5405405405405406,2.0,
1902,4,2,swing_h4,200,atr,atr,,none,0.0,346,49877.50714285224,0.6965317919075145,1.1322005093813297,144.15464492153828,41611.40000000064,0.15460182924246632,45,0.6965317919075145,0.5751445086705202,,3.0
1903,4,2,swing_h4,200,atr,atr,,none,5.0,181,10401.007142853996,0.5580110497237569,1.059994642206146,57.4641278610718,41448.42857143078,0.04371588992499825,45,0.5580110497237569,0.5027624309392266,,3.0
1904,4,2,swing_h4,200,atr,atr,,none,7.0,285,14167.942857138201,0.6105263157894737,1.046078027434678,49.71208020048492,34926.92857143019,0.05913370473976194,45,0.6105263157894737,0.5017543859649123,,3.0
1905,4,2,swing_h4,200,atr,atr,,ema,0.0,306,64867.335714281224,0.7124183006535948,1.2043643705031557,211.98475723621314,40215.06428571488,0.19910345524407383,45,0.7124183006535948,0.5882352941176471,,3.0
1906,4,2,swing_h4,200,atr,atr,,ema,5.0,138,31420.049999997696,0.6159420289855072,1.257188707616501,227.68152173911375,24176.600000000573,0.1512748631112761,45,0.6159420289855072,0.5217391304347826,,3.0
1907,4,2,swing_h4,200,atr,atr,,ema,7.0,225,6630.092857139109,0.6311111111111111,1.026300540986772,29.467079365062705,33426.20000000141,0.029394514150517848,45,0.6311111111111111,0.5422222222222223,,3.0
1908,4,2,swing_h4,200,atr,atr,,none,0.0,259,40206.949999995944,0.6061776061776062,1.098634370884035,155.23918918917354,50685.57857142983,0.1154821355469443,45,0.6061776061776062,0.5752895752895753,,5.0
1909,4,2,swing_h4,200,atr,atr,,none,5.0,161,-6656.56428571717,0.422360248447205,0.9685455621355968,-41.34511978706317,41706.828571430655,-0.027297399164698193,45,0.422360248447205,0.515527950310559,,5.0
1910,4,2,swing_h4,200,atr,atr,,none,7.0,215,48835.45714285373,0.5209302325581395,1.1659608499279144,227.14166112955223,23534.200000000557,0.173757769431397,45,0.5209302325581395,0.4883720930232558,,5.0
1911,4,2,swing_h4,200,atr,atr,,ema,0.0,237,50038.099999996026,0.620253164556962,1.1360277307026998,211.1312236286752,41763.278571430026,0.13796015164346218,45,0.620253164556962,0.5907172995780591,,5.0
1912,4,2,swing_h4,200,atr,atr,,ema,5.0,123,6048.092857140662,0.4634146341463415,1.0376202149391298,49.17148664342002,24158.900000000656,0.026233996204357256,45,0.4634146341463415,0.5284552845528455,,5.0
1913,4,2,swing_h4,200,atr,atr,,ema,7.0,174,39652.985714282564,0.5459770114942529,1.1581969605901095,227.89072249587682,34984.22142857207,0.1273152856334695,45,0.5459770114942529,0.5229885057471264,,5.0
1914,4,2,swing_h4,200,atr,atr,,none,0.0,150,96664.05714285493,0.5666666666666667,1.3520808985111101,644.4270476190329,26485.000000000087,0.2804456019498565,45,0.5666666666666667,0.58,,8.0
1915,4,2,swing_h4,200,atr,atr,,none,5.0,140,37965.457142854575,0.36428571428571427,1.1835541394446119,271.1818367346755,26098.842857144,0.13163842400678408,45,0.36428571428571427,0.5142857142857142,,8.0
1916,4,2,swing_h4,200,atr,atr,,none,7.0,146,39360.75714285512,0.410958904109589,1.169016972837377,269.59422700585696,33987.900000000824,0.1454563622897948,45,0.410958904109589,0.4794520547945205,,8.0
1917,4,2,swing_h4,200,atr,atr,,ema,0.0,147,74736.62857142641,0.54421768707483,1.2585545084455239,508.41243926140413,29567.542857143264,0.19919047682250843,45,0.54421768707483,0.5782312925170068,,8.0
1918,4,2,swing_h4,200,atr,atr,,ema,5.0,113,48656.84285714084,0.39823008849557523,1.2968783217607156,430.59152970921093,20074.171428572437,0.21131137920975482,45,0.39823008849557523,0.5486725663716814,,8.0
1919,4,2,swing_h4,200,atr,atr,,ema,7.0,133,91004.7857142833,0.47368421052631576,1.4113039625664496,684.2465091299496,22765.95714285745,0.3030351013204268,45,0.47368421052631576,0.5413533834586466,,8.0
1920,4,2,swing_d1,0,fixed,fixed_pips,1500.0,none,0.0,260,21071.39999999654,0.7692307692307693,1.0755711573346365,81.04384615383286,47504.60000000091,0.05137793662570203,45,0.7692307692307693,0.6076923076923076,,
1921,4,2,swing_d1,0,fixed,fixed_pips,1500.0,none,5.0,107,5692.699999998126,0.45794392523364486,1.083984432628897,53.20280373830025,13409.900000000562,0.0513450783405028,45,0.45794392523364486,0.45794392523364486,,
1922,4,2,swing_d1,0,fixed,fixed_pips,1500.0,none,7.0,145,-33881.50000000248,0.4689655172413793,0.7505916560849331,-233.66551724139643,50265.90000000195,-0.21268069848455393,45,0.4689655172413793,0.4206896551724138,,
1923,4,2,swing_d1,0,fixed,fixed_pips,1500.0,ema,0.0,216,29488.19999999719,0.8425925925925926,1.1211408392380484,136.51944444443143,33838.20000000028,0.07309359654234857,45,0.8425925925925926,0.6342592592592593,,
1924,4,2,swing_d1,0,fixed,fixed_pips,1500.0,ema,5.0,34,31928.599999999547,0.7941176470588235,4.73089192442059,939.076470588222,3371.600000000033,0.49553108148888236,45,0.7941176470588235,0.5,,
1925,4,2,swing_d1,0,fixed,fixed_pips,1500.0,ema,7.0,65,-913.4000000009783,0.6615384615384615,0.9860319091508126,-14.052307692322742,25042.200000000325,-0.007127988144429081,45,0.6615384615384615,0.4307692307692308,,
1926,4,2,swing_d1,0,fixed,fixed_pips,2500.0,none,0.0,157,62507.49999999776,0.7452229299363057,1.269994237934423,398.13694267514495,29731.100000000224,0.16056311172697585,45,0.7452229299363057,0.5987261146496815,,
1927,4,2,swing_d1,0,fixed,fixed_pips,2500.0,none,5.0,101,2263.899999998126,0.3564356435643564,1.0258088125483573,22.41485148512996,20017.700000000557,0.015147875698301472,45,0.3564356435643564,0.43564356435643564,,
1928,4,2,swing_d1,0,fixed,fixed_pips,2500.0,none,7.0,133,-8836.000000002356,0.39849624060150374,0.9374705876108667,-66.43609022558162,33422.80000000198,-0.0481450989429885,45,0.39849624060150374,0.41353383458646614,,
1929,4,2,swing_d1,0,fixed,fixed_pips,2500.0,ema,0.0,137,60959.2999999981,0.8102189781021898,1.2795459527279338,444.95839416057004,34288.400000000234,0.158933014637525,45,0.8102189781021898,0.6423357664233577,,
1930,4,2,swing_d1,0,fixed,fixed_pips,2500.0,ema,5.0,33,22848.899999999503,0.5757575757575758,1.9272490422699509,692.3909090908941,8030.9999999999945,0.25304650820426466,45,0.5757575757575758,0.5151515151515151,,
1931,4,2,swing_d1,0,fixed,fixed_pips,2500.0,ema,7.0,62,-291.10000000098444,0.532258064516129,0.996483220698125,-4.695161290338459,26530.300000000534,-0.0018860041984129089,45,0.532258064516129,0.45161290322580644,,
1932,4,2,swing_d1,0,fixed,fixed_pips,4000.0,none,0.0,118,94287.19999999813,0.6779661016949152,1.4178048927473659,799.0440677965944,44123.200000000266,0.219258937410195,45,0.6779661016949152,0.6271186440677966,,
1933,4,2,swing_d1,0,fixed,fixed_pips,4000.0,none,5.0,94,10623.89999999821,0.2872340425531915,1.1091168477423365,113.0202127659384,23962.500000000633,0.06525495391507971,45,0.2872340425531915,0.43617021276595747,,
1934,4,2,swing_d1,0,fixed,fixed_pips,4000.0,none,7.0,118,12072.899999997888,0.3305084745762712,1.083893414941239,102.31271186438887,33309.90000000092,0.06008516142203341,45,0.3305084745762712,0.4322033898305085,,
1935,4,2,swing_d1,0,fixed,fixed_pips,4000.0,ema,0.0,105,101306.79999999839,0.7428571428571429,1.4809151680811403,964.8266666666514,44123.200000000266,0.24044831829053087,45,0.7428571428571429,0.6571428571428571,,
1936,4,2,swing_d1,0,fixed,fixed_pips,4000.0,ema,5.0,31,28558.299999999505,0.4838709677419355,1.908510475851117,921.2354838709517,10391.300000000088,0.2614321211083442,45,0.4838709677419355,0.4838709677419355,,
1937,4,2,swing_d1,0,fixed,fixed_pips,4000.0,ema,7.0,56,3774.7999999990516,0.42857142857142855,1.0409355710462171,67.40714285712592,32728.200000000266,0.02114811253072682,45,0.42857142857142855,0.4642857142857143,,
1938,4,2,swing_d1,0,r,r_multiple,,none,0.0,55,123415.9249999991,0.6727272727272727,2.098750355000125,2243.9259090908927,23988.10000000008,0.32826289642688194,45,0.6363636363636364,0.6,0.75,
1939,4,2,swing_d1,0,r,r_multiple,,none,5.0,108,9068.84999999843,0.5277777777777778,1.1300238287768796,83.97083333331881,11086.750000000484,0.08531291660947703,45,0.5277777777777778,0.4537037037037037,0.75,
1940,4,2,swing_d1,0,r,r_multiple,,none,7.0,137,-45623.950000002136,0.48175182481751827,0.7090541251494512,-333.0215328467309,72335.15000000181,-0.18908685071381967,45,0.48175182481751827,0.40875912408759124,0.75,
1941,4,2,swing_d1,0,r,r_multiple,,ema,0.0,49,131737.54999999923,0.7346938775510204,2.2492015733367094,2688.521428571413,23988.10000000008,0.352148166939224,45,0.6938775510204082,0.6530612244897959,0.75,
1942,4,2,swing_d1,0,r,r_multiple,,ema,5.0,34,29266.07499999962,0.7647058823529411,2.764196239654188,860.7669117646947,8030.999999999993,0.3642094994546319,45,0.7647058823529411,0.5,0.75,
1943,4,2,swing_d1,0,r,r_multiple,,ema,7.0,61,-23793.550000000934,0.5737704918032787,0.7549070505986238,-390.0581967213268,51813.275000000445,-0.1071273303600451,45,0.5737704918032787,0.4262295081967213,0.75,
1944,4,2,swing_d1,0,r,r_multiple,,none,0.0,38,128681.19999999955,0.6052631578947368,2.2221551062584926,3386.3473684210408,25526.900000000067,0.2815867220148805,45,0.5526315789473685,0.5263157894736842,1.0,
1945,4,2,swing_d1,0,r,r_multiple,,none,5.0,107,25827.59999999837,0.5046728971962616,1.3491051237930958,241.3794392523212,13578.10000000054,0.19580663567692977,45,0.5046728971962616,0.4485981308411215,1.0,
1946,4,2,swing_d1,0,r,r_multiple,,none,7.0,130,-54123.30000000216,0.43846153846153846,0.6852548076839106,-416.33307692309353,72692.50000000194,-0.20368239596580254,45,0.43846153846153846,0.4076923076923077,1.0,
1947,4,2,swing_d1,0,r,r_multiple,,ema,0.0,35,157243.39999999956,0.6857142857142857,2.7056208123759964,4492.668571428559,19038.00000000003,0.33664061354265506,45,0.6285714285714286,0.6,1.0,
1948,4,2,swing_d1,0,r,r_multiple,,ema,5.0,34,41129.4999999996,0.7352941176470589,3.247194387682582,1209.6911764705765,8030.999999999993,0.40739101563307706,45,0.7352941176470589,0.5,1.0,
1949,4,2,swing_d1,0,r,r_multiple,,ema,7.0,59,-35208.30000000089,0.5084745762711864,0.6851800354625401,-596.7508474576422,55505.90000000056,-0.15273217584694346,45,0.5084745762711864,0.423728813559322,1.0,
1950,4,2,swing_d1,0,r,r_multiple,,none,0.0,40,54004.149999999274,0.4,1.3860729178507045,1350.1037499999818,22270.40000000006,0.15053397799041784,45,0.325,0.5,1.5,
1951,4,2,swing_d1,0,r,r_multiple,,none,5.0,98,-14038.00000000135,0.35714285714285715,0.8629022570636279,-143.24489795919746,28233.70000000125,-0.10069749082902996,45,0.35714285714285715,0.42857142857142855,1.5,
1952,4,2,swing_d1,0,r,r_multiple,,none,7.0,119,-44139.2000000018,0.3445378151260504,0.7400316161209155,-370.91764705883867,60731.600000000435,-0.16257082618322266,45,0.3445378151260504,0.4117647058823529,1.5,
1953,4,2,swing_d1,0,r,r_multiple,,ema,0.0,34,93210.19999999944,0.5,1.865720298919446,2741.476470588219,21352.700000000048,0.28323076508041467,45,0.38235294117647056,0.5882352941176471,1.5,
1954,4,2,swing_d1,0,r,r_multiple,,ema,5.0,30,19561.499999999658,0.5666666666666667,1.5777597282728946,652.0499999999886,11696.850000000086,0.213912875797837,45,0.5666666666666667,0.4666666666666667,1.5,
1955,4,2,swing_d1,0,r,r_multiple,,ema,7.0,53,-43258.75000000078,0.41509433962264153,0.6387711015211086,-816.202830188694,70396.60000000041,-0.18671519524777763,45,0.41509433962264153,0.4339622641509434,1.5,
1956,4,2,swing_d1,0,r,r_multiple,,none,0.0,30,131780.9999999995,0.5666666666666667,2.8481027569871156,4392.699999999983,28212.10000000005,0.3184551676142171,45,0.36666666666666664,0.5666666666666667,2.0,
1957,4,2,swing_d1,0,r,r_multiple,,none,5.0,97,-4410.0000000015125,0.30927835051546393,0.958810184065225,-45.46391752578879,29105.800000001247,-0.026207863812774117,45,0.30927835051546393,0.4329896907216495,2.0,
1958,4,2,swing_d1,0,r,r_multiple,,none,7.0,108,-53052.60000000159,0.28703703703703703,0.69098512957019,-491.22777777779254,75680.7000000015,-0.19444912220752722,45,0.28703703703703703,0.42592592592592593,2.0,
1959,4,2,swing_d1,0,r,r_multiple,,ema,0.0,27,131543.7999999995,0.6296296296296297,2.835161140462349,4871.992592592574,30280.400000000052,0.31032494117709225,45,0.4074074074074074,0.6296296296296297,2.0,
1960,4,2,swing_d1,0,r,r_multiple,,ema,5.0,30,30953.899999999656,0.5333333333333333,1.8768859880225788,1031.7966666666553,15300.600000000117,0.27058683994760935,45,0.5333333333333333,0.4666666666666667,2.0,
1961,4,2,swing_d1,0,r,r_multiple,,ema,7.0,51,-48074.90000000076,0.35294117647058826,0.6164202016720324,-942.6450980392306,62853.10000000075,-0.20190517991320062,45,0.35294117647058826,0.45098039215686275,2.0,
1962,4,2,swing_d1,0,atr,atr,,none,0.0,218,39076.45714285411,0.7568807339449541,1.1414864270165597,179.24980340758765,37738.09285714319,0.0939701828427394,45,0.7568807339449541,0.5871559633027523,,3.0
1963,4,2,swing_d1,0,atr,atr,,none,5.0,108,12583.571428569689,0.46296296296296297,1.1643087792576536,116.51455026453415,11729.635714286269,0.09649136776413993,45,0.46296296296296297,0.4537037037037037,,3.0
1964,4,2,swing_d1,0,atr,atr,,none,7.0,143,-27514.97857143081,0.4755244755244755,0.8124471486257441,-192.41243756245322,54289.98571428628,-0.10887918827971335,45,0.4755244755244755,0.4125874125874126,,3.0
1965,4,2,swing_d1,0,atr,atr,,ema,0.0,187,53984.25714285465,0.8288770053475936,1.2242439203571274,288.68586707408906,37539.621428571714,0.13674968827542738,45,0.8288770053475936,0.6203208556149733,,3.0
1966,4,2,swing_d1,0,atr,atr,,ema,5.0,34,30268.699999999626,0.7352941176470589,2.6537923573699556,890.2558823529301,8030.999999999993,0.36212983007441574,45,0.7352941176470589,0.5,,3.0
1967,4,2,swing_d1,0,atr,atr,,ema,7.0,61,-15369.71428571512,0.6229508196721312,0.8176286022792097,-251.96252927401835,48647.07142857185,-0.07382862610745215,45,0.6229508196721312,0.4262295081967213,,3.0
1968,4,2,swing_d1,0,atr,atr,,none,0.0,128,56742.271428569846,0.7109375,1.2563647961546351,443.2989955357019,45405.85000000035,0.15056214551868746,45,0.7109375,0.609375,,5.0
1969,4,2,swing_d1,0,atr,atr,,none,5.0,103,10209.207142855232,0.3300970873786408,1.1071923926638911,99.11851595005079,20199.885714286327,0.06097357017980504,45,0.3300970873786408,0.4563106796116505,,5.0
1970,4,2,swing_d1,0,atr,atr,,none,7.0,130,-44771.86428571645,0.34615384615384615,0.7418073867248506,-344.3989560439727,65052.5928571448,-0.16323954026065368,45,0.34615384615384615,0.4230769230769231,,5.0
1971,4,2,swing_d1,0,atr,atr,,ema,0.0,116,70805.24285714151,0.7758620689655172,1.3447503610707372,610.3900246305302,42149.650000000285,0.1855390286534207,45,0.7758620689655172,0.6293103448275862,,5.0
1972,4,2,swing_d1,0,atr,atr,,ema,5.0,33,46300.09285714234,0.6363636363636364,3.0960416517110936,1403.0331168831012,8030.999999999993,0.4800649852111361,45,0.6363636363636364,0.5151515151515151,,5.0
1973,4,2,swing_d1,0,atr,atr,,ema,7.0,59,-5237.385714286596,0.5254237288135594,0.9462372356016677,-88.76924939468807,41300.178571429,-0.02226600322362826,45,0.5254237288135594,0.4406779661016949,,5.0
1974,4,2,swing_d1,0,atr,atr,,none,0.0,75,136188.17142857058,0.72,1.9418073721054907,1815.8422857142743,29650.599999999977,0.43118611627421455,45,0.72,0.6133333333333333,,8.0
1975,4,2,swing_d1,0,atr,atr,,none,5.0,93,6361.485714283846,0.24731182795698925,1.0574474173147592,68.4030721966005,25834.642857144354,0.03993734696820487,45,0.24731182795698925,0.44086021505376344,,8.0
1976,4,2,swing_d1,0,atr,atr,,none,7.0,113,-28164.328571430655,0.26548672566371684,0.8376407536817465,-249.24184576487306,57187.757142857525,-0.10145649020372068,45,0.26548672566371684,0.4336283185840708,,8.0
1977,4,2,swing_d1,0,atr,atr,,ema,0.0,71,147005.7142857135,0.7605633802816901,2.07684029457186,2070.503018108641,29650.599999999977,0.458316502130359,45,0.7605633802816901,0.647887323943662,,8.0
1978,4,2,swing_d1,0,atr,atr,,ema,5.0,29,34528.14285714228,0.4482758620689655,1.9286152280956035,1190.6256157635269,15300.60000000012,0.2809993486277759,45,0.4482758620689655,0.4827586206896552,,8.0
1979,4,2,swing_d1,0,atr,atr,,ema,7.0,52,-36565.1428571438,0.34615384615384615,0.7029139517600151,-703.1758241758423,67893.60000000041,-0.14929126099477277,45,0.34615384615384615,0.46153846153846156,,8.0
1980,4,2,swing_d1,200,fixed,fixed_pips,1500.0,none,0.0,258,21550.599999996597,0.7790697674418605,1.07700798538067,83.5294573643279,35438.60000000031,0.055085024723165274,45,0.7790697674418605,0.5968992248062015,,
1981,4,2,swing_d1,200,fixed,fixed_pips,1500.0,none,5.0,96,9154.299999998282,0.46875,1.15695812301105,95.35729166664878,10639.100000000508,0.09201391431740974,45,0.46875,0.4479166666666667,,
1982,4,2,swing_d1,200,fixed,fixed_pips,1500.0,none,7.0,136,-31132.500000002346,0.47794117647058826,0.7579121306376209,-228.91544117648783,44879.50000000183,-0.20139171492796198,45,0.47794117647058826,0.4264705882352941,,
1983,4,2,swing_d1,200,fixed,fixed_pips,1500.0,ema,0.0,218,29754.8999999972,0.8440366972477065,1.1208796476664205,136.49036697246422,35238.20000000027,0.07504879839442938,45,0.8440366972477065,0.6284403669724771,,
1984,4,2,swing_d1,200,fixed,fixed_pips,1500.0,ema,5.0,29,29072.89999999962,0.8275862068965517,5.204263134300171,1002.5137931034352,2470.400000000018,0.4790451194532708,45,0.8275862068965517,0.4827586206896552,,
1985,4,2,swing_d1,200,fixed,fixed_pips,1500.0,ema,7.0,60,-5288.700000000905,0.6666666666666666,0.918970348727631,-88.14500000001507,24418.50000000027,-0.04060888552734745,45,0.6666666666666666,0.43333333333333335,,
1986,4,2,swing_d1,200,fixed,fixed_pips,2500.0,none,0.0,153,56255.399999997804,0.7516339869281046,1.2416808546561207,367.6823529411621,30731.10000000021,0.150170726770261,45,0.7516339869281046,0.5947712418300654,,
1987,4,2,swing_d1,200,fixed,fixed_pips,2500.0,none,5.0,91,10403.799999998297,0.37362637362637363,1.1395000214536777,114.3274725274538,14866.300000000369,0.07541280649626028,45,0.37362637362637363,0.42857142857142855,,
1988,4,2,swing_d1,200,fixed,fixed_pips,2500.0,none,7.0,123,-9614.10000000221,0.3983739837398374,0.9272153144532037,-78.16341463416431,32426.90000000182,-0.057761161674622495,45,0.3983739837398374,0.4146341463414634,,
1989,4,2,swing_d1,200,fixed,fixed_pips,2500.0,ema,0.0,133,41911.79999999815,0.8045112781954887,1.1845400720075965,315.12631578945974,30961.600000000148,0.11425005194793281,45,0.8045112781954887,0.631578947368421,,
1990,4,2,swing_d1,200,fixed,fixed_pips,2500.0,ema,5.0,28,20100.69999999957,0.6071428571428571,1.897721385569044,717.8821428571275,8230.999999999995,0.24011344200549722,45,0.6071428571428571,0.5,,
1991,4,2,swing_d1,200,fixed,fixed_pips,2500.0,ema,7.0,55,-1454.100000000857,0.5454545454545454,0.9809770130731412,-26.438181818197403,26216.3000000005,-0.010462500070509993,45,0.5454545454545454,0.43636363636363634,,
1992,4,2,swing_d1,200,fixed,fixed_pips,4000.0,none,0.0,116,93434.39999999819,0.6810344827586207,1.4198806342267176,805.4689655172258,39206.30000000016,0.2194004384488047,45,0.6810344827586207,0.6379310344827587,,
1993,4,2,swing_d1,200,fixed,fixed_pips,4000.0,none,5.0,86,27100.09999999837,0.313953488372093,1.3350390176840343,315.11744186044615,16544.00000000037,0.1832082681071849,45,0.313953488372093,0.4186046511627907,,
1994,4,2,swing_d1,200,fixed,fixed_pips,4000.0,none,7.0,111,10607.399999997915,0.32432432432432434,1.079530885191017,95.56216216214338,26947.40000000047,0.057110386407758014,45,0.32432432432432434,0.4144144144144144,,
1995,4,2,swing_d1,200,fixed,fixed_pips,4000.0,ema,0.0,103,101236.79999999842,0.7475728155339806,1.4897179679061003,982.8815533980429,36937.300000000105,0.24314654367395278,45,0.7475728155339806,0.6601941747572816,,
1996,4,2,swing_d1,200,fixed,fixed_pips,4000.0,ema,5.0,27,35078.6999999996,0.5555555555555556,2.4080027936324138,1299.2111111110962,8230.999999999993,0.3307288219755884,45,0.5555555555555556,0.48148148148148145,,
1997,4,2,swing_d1,200,fixed,fixed_pips,4000.0,ema,7.0,50,-2817.4000000008673,0.42,0.9675440546776712,-56.34800000001734,31331.40000000048,-0.01795598356788207,45,0.42,0.44,,
1998,4,2,swing_d1,200,r,r_multiple,,none,0.0,60,130953.74999999905,0.7,2.1398393564509273,2182.562499999984,27056.100000000108,0.342600852770462,45,0.6666666666666666,0.6166666666666667,0.75,
1999,4,2,swing_d1,200,r,r_multiple,,none,5.0,98,12152.974999998562,0.5408163265306123,1.1968249302373526,124.00994897957716,11412.10000000001,0.12155491810714839,45,0.5408163265306123,0.4387755102040816,0.75,
2000,4,2,swing_d1,200,r,r_multiple,,none,7.0,129,-33059.15000000197,0.49612403100775193,0.768155321694504,-256.2724806201703,61177.77500000166,-0.14413997901103837,45,0.49612403100775193,0.4108527131782946,0.75,
2001,4,2,swing_d1,200,r,r_multiple,,ema,0.0,52,140419.5249999992,0.75,2.31289274952011,2700.3754807692158,25926.900000000067,0.3677064127409104,45,0.7115384615384616,0.6730769230769231,0.75,
2002,4,2,swing_d1,200,r,r_multiple,,ema,5.0,29,27494.224999999664,0.7931034482758621,2.8152676266497285,948.0767241379194,8230.999999999993,0.3444393121035269,45,0.7931034482758621,0.4827586206896552,0.75,
2003,4,2,swing_d1,200,r,r_multiple,,ema,7.0,55,-18837.1000000008,0.6,0.7914962997071122,-342.4927272727418,45444.800000000345,-0.08715469684756041,45,0.6,0.41818181818181815,0.75,
2004,4,2,swing_d1,200,r,r_multiple,,none,0.0,37,128433.49999999965,0.6756756756756757,2.3585757293035137,3471.1756756756663,25926.900000000067,0.30764088983028004,45,0.5945945945945946,0.5675675675675675,1.0,
2005,4,2,swing_d1,200,r,r_multiple,,none,5.0,97,19371.199999998564,0.5154639175257731,1.2774051267363349,199.70309278349035,17616.500000000087,0.13282148092477805,45,0.5154639175257731,0.4329896907216495,1.0,
2006,4,2,swing_d1,200,r,r_multiple,,none,7.0,126,-36974.80000000202,0.4523809523809524,0.7617394307748511,-293.45079365080966,56381.60000000187,-0.13800800168882216,45,0.4523809523809524,0.40476190476190477,1.0,
2007,4,2,swing_d1,200,r,r_multiple,,ema,0.0,34,153234.39999999962,0.7058823529411765,2.7922152046783553,4506.894117647047,18132.799999999996,0.36487955290404456,45,0.6176470588235294,0.6176470588235294,1.0,
2008,4,2,swing_d1,200,r,r_multiple,,ema,5.0,29,37885.59999999968,0.7586206896551724,3.2207528810419452,1306.399999999989,8230.999999999993,0.3747459285253203,45,0.7586206896551724,0.4827586206896552,1.0,
2009,4,2,swing_d1,200,r,r_multiple,,ema,7.0,53,-23819.90000000073,0.5471698113207547,0.7650605499302612,-449.43207547171187,49180.70000000034,-0.1068125520048366,45,0.5471698113207547,0.41509433962264153,1.0,
2010,4,2,swing_d1,200,r,r_multiple,,none,0.0,42,88061.79999999935,0.47619047619047616,1.6779058479923739,2096.7095238095085,21552.700000000048,0.24704722883713956,45,0.40476190476190477,0.5238095238095238,1.5,
2011,4,2,swing_d1,200,r,r_multiple,,none,5.0,89,1541.1499999987873,0.39325842696629215,1.017894879845415,17.316292134817836,22247.650000000292,0.010830722463763315,45,0.39325842696629215,0.4157303370786517,1.5,
2012,4,2,swing_d1,200,r,r_multiple,,none,7.0,111,-40599.05000000171,0.35135135135135137,0.7479961813700186,-365.7572072072226,63417.050000000476,-0.15462980950395647,45,0.35135135135135137,0.40540540540540543,1.5,
2013,4,2,swing_d1,200,r,r_multiple,,ema,0.0,36,94051.89999999947,0.5,1.767419165590282,2612.552777777763,21657.550000000127,0.26066534197378877,45,0.4166666666666667,0.5833333333333334,1.5,
2014,4,2,swing_d1,200,r,r_multiple,,ema,5.0,27,17484.54999999967,0.5555555555555556,1.5475591729874154,647.5759259259137,10040.800000000081,0.17404219040312466,45,0.5555555555555556,0.48148148148148145,1.5,
2015,4,2,swing_d1,200,r,r_multiple,,ema,7.0,47,-48246.6000000007,0.3829787234042553,0.5840466107539896,-1026.523404255334,68582.50000000038,-0.2208178326353796,45,0.3829787234042553,0.425531914893617,1.5,
2016,4,2,swing_d1,200,r,r_multiple,,none,0.0,30,129877.29999999951,0.6,2.8039215413932634,4329.2433333333165,28812.10000000005,0.3101238379018648,45,0.4,0.6,2.0,
2017,4,2,swing_d1,200,r,r_multiple,,none,5.0,87,6293.799999998622,0.3218390804597701,1.0678475870975372,72.34252873561636,26447.10000000032,0.03813592345443169,45,0.3218390804597701,0.42528735632183906,2.0,
2018,4,2,swing_d1,200,r,r_multiple,,none,7.0,103,-52573.300000001735,0.2815533980582524,0.6792738635282102,-510.4203883495314,78185.20000000163,-0.19301885752938444,45,0.2815533980582524,0.4077669902912621,2.0,
2019,4,2,swing_d1,200,r,r_multiple,,ema,0.0,26,127768.99999999953,0.6153846153846154,2.763963613219947,4914.192307692289,30680.400000000052,0.29729547499964754,45,0.38461538461538464,0.6538461538461539,2.0,
2020,4,2,swing_d1,200,r,r_multiple,,ema,5.0,26,26681.39999999969,0.5,1.8066670496219168,1026.2076923076804,9876.700000000072,0.22062899004699113,45,0.5,0.5,2.0,
2021,4,2,swing_d1,200,r,r_multiple,,ema,7.0,44,-55169.50000000081,0.29545454545454547,0.537823890624865,-1253.8522727272912,71147.7000000008,-0.24389172832793707,45,0.29545454545454547,0.4318181818181818,2.0,
2022,4,2,swing_d1,200,atr,atr,,none,0.0,220,40445.62857142558,0.759090909090909,1.145851609684964,183.84376623375263,30916.828571428956,0.1003047533338319,45,0.759090909090909,0.5863636363636363,,3.0
2023,4,2,swing_d1,200,atr,atr,,none,5.0,98,11031.935714284145,0.4489795918367347,1.1553349635848338,112.57077259473618,11412.10000000001,0.08669898472879838,45,0.4489795918367347,0.4387755102040816,,3.0
2024,4,2,swing_d1,200,atr,atr,,none,7.0,135,-27617.285714287773,0.4740740740740741,0.8044961407604201,-204.57248677250203,53748.25714285773,-0.11026967668448602,45,0.4740740740740741,0.4148148148148148,,3.0
2025,4,2,swing_d1,200,atr,atr,,ema,0.0,188,52447.11428571185,0.8297872340425532,1.2155910470561537,278.9740121580417,30277.521428571657,0.13585393956785255,45,0.8297872340425532,0.6170212765957447,,3.0
2026,4,2,swing_d1,200,atr,atr,,ema,5.0,29,28365.035714285455,0.7586206896551724,2.6626827814092335,978.1046798029467,8230.999999999996,0.3464503077145987,45,0.7586206896551724,0.4827586206896552,,3.0
2027,4,2,swing_d1,200,atr,atr,,ema,7.0,57,-16888.407142857865,0.631578947368421,0.7997907961128276,-296.28784461154146,47135.95000000032,-0.07919347197087974,45,0.631578947368421,0.42105263157894735,,3.0
2028,4,2,swing_d1,200,atr,atr,,none,0.0,135,62584.24999999837,0.7037037037037037,1.2764208449034478,463.58703703702497,43802.750000000306,0.16816529507300074,45,0.7037037037037037,0.6148148148148148,,5.0
2029,4,2,swing_d1,200,atr,atr,,none,5.0,94,22086.978571426902,0.3617021276595745,1.2673638191340357,234.9678571428394,13751.400000000513,0.1404503807775414,45,0.3617021276595745,0.44680851063829785,,5.0
2030,4,2,swing_d1,200,atr,atr,,none,7.0,123,-29230.257142859235,0.36585365853658536,0.8174824593453474,-237.64436701511573,49704.55000000188,-0.1072706848709541,45,0.36585365853658536,0.42276422764227645,,5.0
2031,4,2,swing_d1,200,atr,atr,,ema,0.0,120,74314.85714285578,0.775,1.3511093505532552,619.2904761904648,43749.650000000285,0.1954518357266974,45,0.775,0.625,,5.0
2032,4,2,swing_d1,200,atr,atr,,ema,5.0,28,41897.7857142853,0.6428571428571429,2.9719853017807596,1496.3494897959038,8230.999999999993,0.450403421308899,45,0.6428571428571429,0.5,,5.0
2033,4,2,swing_d1,200,atr,atr,,ema,7.0,52,-2688.992857143581,0.5384615384615384,0.9704119684164961,-51.711401098915026,35541.285714286,-0.011672358004217167,45,0.5384615384615384,0.4230769230769231,,5.0
2034,4,2,swing_d1,200,atr,atr,,none,0.0,78,134847.69999999905,0.7051282051282052,1.920620475330901,1728.8166666666546,30050.599999999977,0.41829652438206794,45,0.7051282051282052,0.6282051282051282,,8.0
2035,4,2,swing_d1,200,atr,atr,,none,5.0,85,18553.357142855428,0.25882352941176473,1.1919179127128574,218.2747899159462,20144.80000000026,0.11837819433844826,45,0.25882352941176473,0.43529411764705883,,8.0
2036,4,2,swing_d1,200,atr,atr,,none,7.0,108,-29999.514285716345,0.25925925925925924,0.81825382545108,-277.77328042329947,63266.88571428617,-0.11131636425743902,45,0.25925925925925924,0.42592592592592593,,8.0
2037,4,2,swing_d1,200,atr,atr,,ema,0.0,72,146206.0142857135,0.7638888888888888,2.0494575223033795,2030.6390873015762,30050.599999999977,0.44936766973743486,45,0.7638888888888888,0.6388888888888888,,8.0
2038,4,2,swing_d1,200,atr,atr,,ema,5.0,26,37294.585714285204,0.46153846153846156,2.0964352072735335,1434.4071428571233,9274.60000000006,0.28604215896982665,45,0.46153846153846156,0.5,,8.0
2039,4,2,swing_d1,200,atr,atr,,ema,7.0,46,-42765.914285715095,0.32608695652173914,0.6378010697982192,-929.6937888198934,67451.78571428603,-0.18644781438059121,45,0.32608695652173914,0.43478260869565216,,8.0
2040,4,2,ltf,0,fixed,fixed_pips,1500.0,none,0.0,512,13476.999999990812,0.4609375,1.0395910753367035,26.322265624982055,28750.80000000358,0.06233972205317341,45,0.4609375,0.55078125,,
2041,4,2,ltf,0,fixed,fixed_pips,1500.0,none,5.0,506,431.5999999908199,0.44861660079051385,1.0012695801707547,0.8529644268593279,30112.60000000677,0.001989521535206508,45,0.44861660079051385,0.541501976284585,,
2042,4,2,ltf,0,fixed,fixed_pips,1500.0,none,7.0,513,12948.8999999908,0.4580896686159844,1.0381485509978698,25.241520467818322,27779.400000003607,0.058658822229213634,45,0.4580896686159844,0.5477582846003899,,
2043,4,2,ltf,0,fixed,fixed_pips,1500.0,ema,0.0,417,36720.599999992424,0.4892086330935252,1.136417841913889,88.05899280573723,18912.400000001027,0.17583922403423471,45,0.4892086330935252,0.5707434052757794,,
2044,4,2,ltf,0,fixed,fixed_pips,1500.0,ema,5.0,408,24717.89999999253,0.47794117647058826,1.0923396415034412,60.58308823527581,21022.40000000115,0.11954039280640195,45,0.47794117647058826,0.5637254901960784,,
2045,4,2,ltf,0,fixed,fixed_pips,1500.0,ema,7.0,417,36520.09999999243,0.486810551558753,1.1363308874474078,87.57817745801542,19684.100000000897,0.17298812043787293,45,0.486810551558753,0.5683453237410072,,
2046,4,2,ltf,0,fixed,fixed_pips,2500.0,none,0.0,439,27729.299999991552,0.37585421412300685,1.071899815850903,63.16469248289648,27108.100000002196,0.1132193262651837,45,0.37585421412300685,0.5558086560364465,,
2047,4,2,ltf,0,fixed,fixed_pips,2500.0,none,5.0,443,35198.49999999139,0.3656884875846501,1.094951929885777,79.45485327311827,26330.50000000234,0.14466146554862078,45,0.3656884875846501,0.5485327313769752,,
2048,4,2,ltf,0,fixed,fixed_pips,2500.0,none,7.0,442,39904.69999999152,0.3755656108597285,1.106132372172739,90.28212669681339,27108.100000002185,0.16068298992169228,45,0.3755656108597285,0.5520361990950227,,
2049,4,2,ltf,0,fixed,fixed_pips,2500.0,ema,0.0,369,42348.19999999277,0.39295392953929537,1.1319024758539435,114.76476964767689,21384.900000001515,0.1918814316224754,45,0.39295392953929537,0.5718157181571816,,
2050,4,2,ltf,0,fixed,fixed_pips,2500.0,ema,5.0,368,55371.59999999273,0.3858695652173913,1.1842434325452669,150.46630434780633,23529.400000001056,0.24596759850389138,45,0.3858695652173913,0.5652173913043478,,
2051,4,2,ltf,0,fixed,fixed_pips,2500.0,ema,7.0,371,54851.199999992765,0.3935309973045822,1.1763401396673103,147.84690026952228,21384.900000001515,0.24742296031745883,45,0.3935309973045822,0.568733153638814,,
2052,4,2,ltf,0,fixed,fixed_pips,4000.0,none,0.0,344,101830.29999999325,0.32848837209302323,1.290849645200442,296.01831395346875,24280.60000000095,0.3103495699052486,45,0.32848837209302323,0.5668604651162791,,
2053,4,2,ltf,0,fixed,fixed_pips,4000.0,none,5.0,352,104399.19999999285,0.3125,1.3103942125901227,296.58863636361605,26726.60000000095,0.34120464635652314,45,0.3125,0.5511363636363636,,
2054,4,2,ltf,0,fixed,fixed_pips,4000.0,none,7.0,346,111594.69999999327,0.3265895953757225,1.3271162657494213,322.5280346820615,24280.60000000095,0.3389856648167591,45,0.3265895953757225,0.5606936416184971,,
2055,4,2,ltf,0,fixed,fixed_pips,4000.0,ema,0.0,293,99990.29999999412,0.3447098976109215,1.3289596103687356,341.2638225255772,26398.10000000088,0.314499971378517,45,0.3447098976109215,0.5802047781569966,,
2056,4,2,ltf,0,fixed,fixed_pips,4000.0,ema,5.0,297,108953.79999999383,0.32996632996632996,1.383916858383461,366.84781144779066,28844.100000000864,0.349513126252565,45,0.32996632996632996,0.569023569023569,,
2057,4,2,ltf,0,fixed,fixed_pips,4000.0,ema,7.0,294,110082.29999999415,0.3435374149659864,1.373584198750217,374.4295918367148,26398.100000000864,0.34574262712439774,45,0.3435374149659864,0.5748299319727891,,
2058,4,2,ltf,0,r,r_multiple,,none,0.0,508,53817.79999999273,0.5826771653543307,1.1818079857574268,105.94055118108804,23166.925000001313,0.201719525635236,45,0.5826771653543307,0.5551181102362205,0.75,
2059,4,2,ltf,0,r,r_multiple,,none,5.0,523,55434.1749999925,0.5717017208413002,1.1937991562697554,105.99268642445985,22068.00000000126,0.21230924644038343,45,0.5717017208413002,0.5430210325047801,0.75,
2060,4,2,ltf,0,r,r_multiple,,none,7.0,513,57845.874999992724,0.580896686159844,1.1996725447413745,112.75999025339712,23166.925000001305,0.2137915163075181,45,0.580896686159844,0.5477582846003899,0.75,
2061,4,2,ltf,0,r,r_multiple,,ema,0.0,418,40437.34999999397,0.6004784688995215,1.158820371186405,96.7400717703205,22367.600000000126,0.2244637957943999,45,0.6004784688995215,0.5741626794258373,0.75,
2062,4,2,ltf,0,r,r_multiple,,ema,5.0,423,46639.524999993984,0.5957446808510638,1.1963050377335174,110.25892434986757,22367.600000000126,0.26321204642401647,45,0.5957446808510638,0.5673758865248227,0.75,
2063,4,2,ltf,0,r,r_multiple,,ema,7.0,422,44793.02499999398,0.5995260663507109,1.1806372851472593,106.14460900472507,22367.600000000126,0.24067794580792704,45,0.5995260663507109,0.566350710900474,0.75,
2064,4,2,ltf,0,r,r_multiple,,none,0.0,478,46163.79999999264,0.5062761506276151,1.1329922757898845,96.57698744768335,32644.000000002,0.19114033396967592,45,0.5062761506276151,0.5481171548117155,1.0,
2065,4,2,ltf,0,r,r_multiple,,none,5.0,502,61062.499999992346,0.5039840637450199,1.187188447150524,121.63844621512419,30959.70000000207,0.220091953692521,45,0.5039840637450199,0.545816733067729,1.0,
2066,4,2,ltf,0,r,r_multiple,,none,7.0,489,50467.09999999255,0.5071574642126789,1.1472519033409216,103.20470347646737,32644.000000002005,0.1954767665179282,45,0.5071574642126789,0.5460122699386503,1.0,
2067,4,2,ltf,0,r,r_multiple,,ema,0.0,393,30570.399999993864,0.5241730279898219,1.1021622215931863,77.78727735367396,36036.200000000375,0.15074676436556983,45,0.5241730279898219,0.5648854961832062,1.0,
2068,4,2,ltf,0,r,r_multiple,,ema,5.0,406,48369.99999999384,0.5270935960591133,1.1783043065079153,119.13793103446758,23890.100000000893,0.2197998926619172,45,0.5270935960591133,0.5714285714285714,1.0,
2069,4,2,ltf,0,r,r_multiple,,ema,7.0,402,34337.59999999381,0.5248756218905473,1.1165898514241093,85.41691542287016,36036.200000000375,0.154657660768587,45,0.5248756218905473,0.5646766169154229,1.0,
2070,4,2,ltf,0,r,r_multiple,,none,0.0,410,40006.34999999405,0.4,1.1111796455710652,97.57646341461962,39049.6500000012,0.1272452314300029,45,0.4,0.5585365853658537,1.5,
2071,4,2,ltf,0,r,r_multiple,,none,5.0,440,36984.09999999363,0.39090909090909093,1.1045797930578733,84.05477272725825,37934.800000001225,0.10391082869969746,45,0.39090909090909093,0.5454545454545454,1.5,
2072,4,2,ltf,0,r,r_multiple,,none,7.0,418,39680.44999999402,0.39712918660287083,1.110878517866086,94.9293062200814,39049.65000000121,0.12442792165129653,45,0.39712918660287083,0.5478468899521531,1.5,
2073,4,2,ltf,0,r,r_multiple,,ema,0.0,347,16832.449999994606,0.40634005763688763,1.0511088365641714,48.50850144090664,33179.25000000086,0.060896738912253105,45,0.40634005763688763,0.5706051873198847,1.5,
2074,4,2,ltf,0,r,r_multiple,,ema,5.0,368,21387.899999994504,0.4048913043478261,1.067556473944912,58.119293478245936,30174.05000000153,0.08013405717144105,45,0.4048913043478261,0.5706521739130435,1.5,
2075,4,2,ltf,0,r,r_multiple,,ema,7.0,354,16834.14999999461,0.403954802259887,1.0514718292547025,47.55409604518251,33179.25000000086,0.05984584435529334,45,0.403954802259887,0.559322033898305,1.5,
2076,4,2,ltf,0,r,r_multiple,,none,0.0,335,49925.899999994814,0.3641791044776119,1.1513211454190273,149.03253731341735,26298.900000000824,0.1877960472155031,45,0.3641791044776119,0.5522388059701493,2.0,
2077,4,2,ltf,0,r,r_multiple,,none,5.0,378,40785.299999994044,0.35185185185185186,1.1211086504524306,107.89761904760329,37626.40000000313,0.14776551701566792,45,0.35185185185185186,0.5396825396825397,2.0,
2078,4,2,ltf,0,r,r_multiple,,none,7.0,347,63196.699999994744,0.3688760806916426,1.1951218834443829,182.12305475502808,26298.900000000824,0.23281742050984047,45,0.3688760806916426,0.5417867435158501,2.0,
2079,4,2,ltf,0,r,r_multiple,,ema,0.0,297,39024.69999999507,0.36363636363636365,1.1208437482194404,131.3962962962797,31454.10000000038,0.15527678425587785,45,0.36363636363636365,0.5622895622895623,2.0,
2080,4,2,ltf,0,r,r_multiple,,ema,5.0,327,46351.49999999474,0.3577981651376147,1.1480784921592624,141.74770642200227,27320.500000002605,0.1715932289665706,45,0.3577981651376147,0.5535168195718655,2.0,
2081,4,2,ltf,0,r,r_multiple,,ema,7.0,308,52623.099999995036,0.37012987012987014,1.1662355705473773,170.85422077920467,31454.100000000384,0.20410817220425578,45,0.37012987012987014,0.551948051948052,2.0,
2082,4,2,ltf,0,atr,atr,,none,0.0,496,50149.2499999913,0.46774193548387094,1.139202241258969,101.1073588709502,28795.16428571633,0.21730393176702725,45,0.46774193548387094,0.5483870967741935,,3.0
2083,4,2,ltf,0,atr,atr,,none,5.0,487,52218.97142856286,0.45790554414784396,1.1523785956922927,107.22581402168964,29676.09285714462,0.2171061475333684,45,0.45790554414784396,0.5441478439425051,,3.0
2084,4,2,ltf,0,atr,atr,,none,7.0,495,49141.00714284851,0.46464646464646464,1.1370824660581331,99.27476190474447,28795.16428571633,0.21234601565160868,45,0.46464646464646464,0.5454545454545454,,3.0
2085,4,2,ltf,0,atr,atr,,ema,0.0,404,40453.142857135645,0.4876237623762376,1.1324038709891944,100.13154172558328,22367.600000000126,0.1861213007359399,45,0.4876237623762376,0.5717821782178217,,3.0
2086,4,2,ltf,0,atr,atr,,ema,5.0,393,43137.164285707266,0.47837150127226463,1.1501234555502575,109.76377680841543,22367.600000000126,0.2026698583667366,45,0.47837150127226463,0.5699745547073791,,3.0
2087,4,2,ltf,0,atr,atr,,ema,7.0,402,39772.49999999288,0.48507462686567165,1.1310821058959253,98.93656716416139,22367.600000000126,0.1831218968421907,45,0.48507462686567165,0.5696517412935324,,3.0
2088,4,2,ltf,0,atr,atr,,none,0.0,404,52701.31428570667,0.349009900990099,1.1439925832983309,130.4487977368977,29505.29285714383,0.17898916330910253,45,0.349009900990099,0.551980198019802,,5.0
2089,4,2,ltf,0,atr,atr,,none,5.0,411,46884.385714277894,0.3333333333333333,1.1288837389784254,114.07393117829172,28976.714285715207,0.15561698342914573,45,0.3333333333333333,0.537712895377129,,5.0
2090,4,2,ltf,0,atr,atr,,none,7.0,406,51818.1214285638,0.3472906403940887,1.1408809358741838,127.63084095705369,29505.29285714383,0.17593956847738154,45,0.3472906403940887,0.5492610837438424,,5.0
2091,4,2,ltf,0,atr,atr,,ema,0.0,348,45636.84285713602,0.3620689655172414,1.1388101735585896,131.1403530377472,28122.100000000177,0.1632768271772013,45,0.3620689655172414,0.5574712643678161,,5.0
2092,4,2,ltf,0,atr,atr,,ema,5.0,345,52930.19285713603,0.3536231884057971,1.1695190131138482,153.42084886126386,28122.100000000177,0.1774634991838796,45,0.3536231884057971,0.5507246376811594,,5.0
2093,4,2,ltf,0,atr,atr,,ema,7.0,349,45081.249999993175,0.36103151862464183,1.1365027972002335,129.1726361031323,28122.100000000177,0.16127379388655502,45,0.36103151862464183,0.5558739255014327,,5.0
2094,4,2,ltf,0,atr,atr,,none,0.0,301,69796.01428570857,0.2757475083056478,1.2211280400844629,231.88044613192218,27073.657142857926,0.23861114713446258,45,0.2757475083056478,0.5548172757475083,,8.0
2095,4,2,ltf,0,atr,atr,,none,5.0,320,53200.57142856534,0.246875,1.1689215378317133,166.25178571426667,36615.74285714497,0.18237952623182854,45,0.246875,0.5375,,8.0
2096,4,2,ltf,0,atr,atr,,none,7.0,304,74872.15714285149,0.2730263157894737,1.2408440626840784,246.28999060148516,29612.200000001827,0.25312882859546915,45,0.2730263157894737,0.5460526315789473,,8.0
2097,4,2,ltf,0,atr,atr,,ema,0.0,268,60003.27142856599,0.2835820895522388,1.1920285960708774,223.8928038379328,35575.9571428574,0.2020917933587882,45,0.2835820895522388,0.5597014925373134,,8.0
2098,4,2,ltf,0,atr,atr,,ema,5.0,281,61779.22857142287,0.25622775800711745,1.2105592759077435,219.8549059481241,31167.028571431212,0.2253998751508903,45,0.25622775800711745,0.5480427046263345,,8.0
2099,4,2,ltf,0,atr,atr,,ema,7.0,270,65407.01428570894,0.2814814814814815,1.2127882924520246,242.24820105818125,35575.9571428574,0.2180376654666101,45,0.2814814814814815,0.5518518518518518,,8.0
2100,4,2,ltf,200,fixed,fixed_pips,1500.0,none,0.0,512,13476.999999990812,0.4609375,1.0395910753367035,26.322265624982055,28750.80000000358,0.06233972205317341,45,0.4609375,0.55078125,,
2101,4,2,ltf,200,fixed,fixed_pips,1500.0,none,5.0,506,431.5999999908199,0.44861660079051385,1.0012695801707547,0.8529644268593279,30112.60000000677,0.001989521535206508,45,0.44861660079051385,0.541501976284585,,
2102,4,2,ltf,200,fixed,fixed_pips,1500.0,none,7.0,513,12948.8999999908,0.4580896686159844,1.0381485509978698,25.241520467818322,27779.400000003607,0.058658822229213634,45,0.4580896686159844,0.5477582846003899,,
2103,4,2,ltf,200,fixed,fixed_pips,1500.0,ema,0.0,417,36720.599999992424,0.4892086330935252,1.136417841913889,88.05899280573723,18912.400000001027,0.17583922403423471,45,0.4892086330935252,0.5707434052757794,,
2104,4,2,ltf,200,fixed,fixed_pips,1500.0,ema,5.0,408,24717.89999999253,0.47794117647058826,1.0923396415034412,60.58308823527581,21022.40000000115,0.11954039280640195,45,0.47794117647058826,0.5637254901960784,,
2105,4,2,ltf,200,fixed,fixed_pips,1500.0,ema,7.0,417,36520.09999999243,0.486810551558753,1.1363308874474078,87.57817745801542,19684.100000000897,0.17298812043787293,45,0.486810551558753,0.5683453237410072,,
2106,4,2,ltf,200,fixed,fixed_pips,2500.0,none,0.0,439,27729.299999991552,0.37585421412300685,1.071899815850903,63.16469248289648,27108.100000002196,0.1132193262651837,45,0.37585421412300685,0.5558086560364465,,
2107,4,2,ltf,200,fixed,fixed_pips,2500.0,none,5.0,443,35198.49999999139,0.3656884875846501,1.094951929885777,79.45485327311827,26330.50000000234,0.14466146554862078,45,0.3656884875846501,0.5485327313769752,,
2108,4,2,ltf,200,fixed,fixed_pips,2500.0,none,7.0,442,39904.69999999152,0.3755656108597285,1.106132372172739,90.28212669681339,27108.100000002185,0.16068298992169228,45,0.3755656108597285,0.5520361990950227,,
2109,4,2,ltf,200,fixed,fixed_pips,2500.0,ema,0.0,369,42348.19999999277,0.39295392953929537,1.1319024758539435,114.76476964767689,21384.900000001515,0.1918814316224754,45,0.39295392953929537,0.5718157181571816,,
2110,4,2,ltf,200,fixed,fixed_pips,2500.0,ema,5.0,368,55371.59999999273,0.3858695652173913,1.1842434325452669,150.46630434780633,23529.400000001056,0.24596759850389138,45,0.3858695652173913,0.5652173913043478,,
2111,4,2,ltf,200,fixed,fixed_pips,2500.0,ema,7.0,371,54851.199999992765,0.3935309973045822,1.1763401396673103,147.84690026952228,21384.900000001515,0.24742296031745883,45,0.3935309973045822,0.568733153638814,,
2112,4,2,ltf,200,fixed,fixed_pips,4000.0,none,0.0,344,101830.29999999325,0.32848837209302323,1.290849645200442,296.01831395346875,24280.60000000095,0.3103495699052486,45,0.32848837209302323,0.5668604651162791,,
2113,4,2,ltf,200,fixed,fixed_pips,4000.0,none,5.0,352,104399.19999999285,0.3125,1.3103942125901227,296.58863636361605,26726.60000000095,0.34120464635652314,45,0.3125,0.5511363636363636,,
2114,4,2,ltf,200,fixed,fixed_pips,4000.0,none,7.0,346,111594.69999999327,0.3265895953757225,1.3271162657494213,322.5280346820615,24280.60000000095,0.3389856648167591,45,0.3265895953757225,0.5606936416184971,,
2115,4,2,ltf,200,fixed,fixed_pips,4000.0,ema,0.0,293,99990.29999999412,0.3447098976109215,1.3289596103687356,341.2638225255772,26398.10000000088,0.314499971378517,45,0.3447098976109215,0.5802047781569966,,
2116,4,2,ltf,200,fixed,fixed_pips,4000.0,ema,5.0,297,108953.79999999383,0.32996632996632996,1.383916858383461,366.84781144779066,28844.100000000864,0.349513126252565,45,0.32996632996632996,0.569023569023569,,
2117,4,2,ltf,200,fixed,fixed_pips,4000.0,ema,7.0,294,110082.29999999415,0.3435374149659864,1.373584198750217,374.4295918367148,26398.100000000864,0.34574262712439774,45,0.3435374149659864,0.5748299319727891,,
2118,4,2,ltf,200,r,r_multiple,,none,0.0,508,53817.79999999273,0.5826771653543307,1.1818079857574268,105.94055118108804,23166.925000001313,0.201719525635236,45,0.5826771653543307,0.5551181102362205,0.75,
2119,4,2,ltf,200,r,r_multiple,,none,5.0,523,55434.1749999925,0.5717017208413002,1.1937991562697554,105.99268642445985,22068.00000000126,0.21230924644038343,45,0.5717017208413002,0.5430210325047801,0.75,
2120,4,2,ltf,200,r,r_multiple,,none,7.0,513,57845.874999992724,0.580896686159844,1.1996725447413745,112.75999025339712,23166.925000001305,0.2137915163075181,45,0.580896686159844,0.5477582846003899,0.75,
2121,4,2,ltf,200,r,r_multiple,,ema,0.0,418,40437.34999999397,0.6004784688995215,1.158820371186405,96.7400717703205,22367.600000000126,0.2244637957943999,45,0.6004784688995215,0.5741626794258373,0.75,
2122,4,2,ltf,200,r,r_multiple,,ema,5.0,423,46639.524999993984,0.5957446808510638,1.1963050377335174,110.25892434986757,22367.600000000126,0.26321204642401647,45,0.5957446808510638,0.5673758865248227,0.75,
2123,4,2,ltf,200,r,r_multiple,,ema,7.0,422,44793.02499999398,0.5995260663507109,1.1806372851472593,106.14460900472507,22367.600000000126,0.24067794580792704,45,0.5995260663507109,0.566350710900474,0.75,
2124,4,2,ltf,200,r,r_multiple,,none,0.0,478,46163.79999999264,0.5062761506276151,1.1329922757898845,96.57698744768335,32644.000000002,0.19114033396967592,45,0.5062761506276151,0.5481171548117155,1.0,
2125,4,2,ltf,200,r,r_multiple,,none,5.0,502,61062.499999992346,0.5039840637450199,1.187188447150524,121.63844621512419,30959.70000000207,0.220091953692521,45,0.5039840637450199,0.545816733067729,1.0,
2126,4,2,ltf,200,r,r_multiple,,none,7.0,489,50467.09999999255,0.5071574642126789,1.1472519033409216,103.20470347646737,32644.000000002005,0.1954767665179282,45,0.5071574642126789,0.5460122699386503,1.0,
2127,4,2,ltf,200,r,r_multiple,,ema,0.0,393,30570.399999993864,0.5241730279898219,1.1021622215931863,77.78727735367396,36036.200000000375,0.15074676436556983,45,0.5241730279898219,0.5648854961832062,1.0,
2128,4,2,ltf,200,r,r_multiple,,ema,5.0,406,48369.99999999384,0.5270935960591133,1.1783043065079153,119.13793103446758,23890.100000000893,0.2197998926619172,45,0.5270935960591133,0.5714285714285714,1.0,
2129,4,2,ltf,200,r,r_multiple,,ema,7.0,402,34337.59999999381,0.5248756218905473,1.1165898514241093,85.41691542287016,36036.200000000375,0.154657660768587,45,0.5248756218905473,0.5646766169154229,1.0,
2130,4,2,ltf,200,r,r_multiple,,none,0.0,410,40006.34999999405,0.4,1.1111796455710652,97.57646341461962,39049.6500000012,0.1272452314300029,45,0.4,0.5585365853658537,1.5,
2131,4,2,ltf,200,r,r_multiple,,none,5.0,440,36984.09999999363,0.39090909090909093,1.1045797930578733,84.05477272725825,37934.800000001225,0.10391082869969746,45,0.39090909090909093,0.5454545454545454,1.5,
2132,4,2,ltf,200,r,r_multiple,,none,7.0,418,39680.44999999402,0.39712918660287083,1.110878517866086,94.9293062200814,39049.65000000121,0.12442792165129653,45,0.39712918660287083,0.5478468899521531,1.5,
2133,4,2,ltf,200,r,r_multiple,,ema,0.0,347,16832.449999994606,0.40634005763688763,1.0511088365641714,48.50850144090664,33179.25000000086,0.060896738912253105,45,0.40634005763688763,0.5706051873198847,1.5,
2134,4,2,ltf,200,r,r_multiple,,ema,5.0,368,21387.899999994504,0.4048913043478261,1.067556473944912,58.119293478245936,30174.05000000153,0.08013405717144105,45,0.4048913043478261,0.5706521739130435,1.5,
2135,4,2,ltf,200,r,r_multiple,,ema,7.0,354,16834.14999999461,0.403954802259887,1.0514718292547025,47.55409604518251,33179.25000000086,0.05984584435529334,45,0.403954802259887,0.559322033898305,1.5,
2136,4,2,ltf,200,r,r_multiple,,none,0.0,335,49925.899999994814,0.3641791044776119,1.1513211454190273,149.03253731341735,26298.900000000824,0.1877960472155031,45,0.3641791044776119,0.5522388059701493,2.0,
2137,4,2,ltf,200,r,r_multiple,,none,5.0,378,40785.299999994044,0.35185185185185186,1.1211086504524306,107.89761904760329,37626.40000000313,0.14776551701566792,45,0.35185185185185186,0.5396825396825397,2.0,
2138,4,2,ltf,200,r,r_multiple,,none,7.0,347,63196.699999994744,0.3688760806916426,1.1951218834443829,182.12305475502808,26298.900000000824,0.23281742050984047,45,0.3688760806916426,0.5417867435158501,2.0,
2139,4,2,ltf,200,r,r_multiple,,ema,0.0,297,39024.69999999507,0.36363636363636365,1.1208437482194404,131.3962962962797,31454.10000000038,0.15527678425587785,45,0.36363636363636365,0.5622895622895623,2.0,
2140,4,2,ltf,200,r,r_multiple,,ema,5.0,327,46351.49999999474,0.3577981651376147,1.1480784921592624,141.74770642200227,27320.500000002605,0.1715932289665706,45,0.3577981651376147,0.5535168195718655,2.0,
2141,4,2,ltf,200,r,r_multiple,,ema,7.0,308,52623.099999995036,0.37012987012987014,1.1662355705473773,170.85422077920467,31454.100000000384,0.20410817220425578,45,0.37012987012987014,0.551948051948052,2.0,
2142,4,2,ltf,200,atr,atr,,none,0.0,496,50149.2499999913,0.46774193548387094,1.139202241258969,101.1073588709502,28795.16428571633,0.21730393176702725,45,0.46774193548387094,0.5483870967741935,,3.0
2143,4,2,ltf,200,atr,atr,,none,5.0,487,52218.97142856286,0.45790554414784396,1.1523785956922927,107.22581402168964,29676.09285714462,0.2171061475333684,45,0.45790554414784396,0.5441478439425051,,3.0
2144,4,2,ltf,200,atr,atr,,none,7.0,495,49141.00714284851,0.46464646464646464,1.1370824660581331,99.27476190474447,28795.16428571633,0.21234601565160868,45,0.46464646464646464,0.5454545454545454,,3.0
2145,4,2,ltf,200,atr,atr,,ema,0.0,404,40453.142857135645,0.4876237623762376,1.1324038709891944,100.13154172558328,22367.600000000126,0.1861213007359399,45,0.4876237623762376,0.5717821782178217,,3.0
2146,4,2,ltf,200,atr,atr,,ema,5.0,393,43137.164285707266,0.47837150127226463,1.1501234555502575,109.76377680841543,22367.600000000126,0.2026698583667366,45,0.47837150127226463,0.5699745547073791,,3.0
2147,4,2,ltf,200,atr,atr,,ema,7.0,402,39772.49999999288,0.48507462686567165,1.1310821058959253,98.93656716416139,22367.600000000126,0.1831218968421907,45,0.48507462686567165,0.5696517412935324,,3.0
2148,4,2,ltf,200,atr,atr,,none,0.0,404,52701.31428570667,0.349009900990099,1.1439925832983309,130.4487977368977,29505.29285714383,0.17898916330910253,45,0.349009900990099,0.551980198019802,,5.0
2149,4,2,ltf,200,atr,atr,,none,5.0,411,46884.385714277894,0.3333333333333333,1.1288837389784254,114.07393117829172,28976.714285715207,0.15561698342914573,45,0.3333333333333333,0.537712895377129,,5.0
2150,4,2,ltf,200,atr,atr,,none,7.0,406,51818.1214285638,0.3472906403940887,1.1408809358741838,127.63084095705369,29505.29285714383,0.17593956847738154,45,0.3472906403940887,0.5492610837438424,,5.0
2151,4,2,ltf,200,atr,atr,,ema,0.0,348,45636.84285713602,0.3620689655172414,1.1388101735585896,131.1403530377472,28122.100000000177,0.1632768271772013,45,0.3620689655172414,0.5574712643678161,,5.0
2152,4,2,ltf,200,atr,atr,,ema,5.0,345,52930.19285713603,0.3536231884057971,1.1695190131138482,153.42084886126386,28122.100000000177,0.1774634991838796,45,0.3536231884057971,0.5507246376811594,,5.0
2153,4,2,ltf,200,atr,atr,,ema,7.0,349,45081.249999993175,0.36103151862464183,1.1365027972002335,129.1726361031323,28122.100000000177,0.16127379388655502,45,0.36103151862464183,0.5558739255014327,,5.0
2154,4,2,ltf,200,atr,atr,,none,0.0,301,69796.01428570857,0.2757475083056478,1.2211280400844629,231.88044613192218,27073.657142857926,0.23861114713446258,45,0.2757475083056478,0.5548172757475083,,8.0
2155,4,2,ltf,200,atr,atr,,none,5.0,320,53200.57142856534,0.246875,1.1689215378317133,166.25178571426667,36615.74285714497,0.18237952623182854,45,0.246875,0.5375,,8.0
2156,4,2,ltf,200,atr,atr,,none,7.0,304,74872.15714285149,0.2730263157894737,1.2408440626840784,246.28999060148516,29612.200000001827,0.25312882859546915,45,0.2730263157894737,0.5460526315789473,,8.0
2157,4,2,ltf,200,atr,atr,,ema,0.0,268,60003.27142856599,0.2835820895522388,1.1920285960708774,223.8928038379328,35575.9571428574,0.2020917933587882,45,0.2835820895522388,0.5597014925373134,,8.0
2158,4,2,ltf,200,atr,atr,,ema,5.0,281,61779.22857142287,0.25622775800711745,1.2105592759077435,219.8549059481241,31167.028571431212,0.2253998751508903,45,0.25622775800711745,0.5480427046263345,,8.0
2159,4,2,ltf,200,atr,atr,,ema,7.0,270,65407.01428570894,0.2814814814814815,1.2127882924520246,242.24820105818125,35575.9571428574,0.2180376654666101,45,0.2814814814814815,0.5518518518518518,,8.0
